# MagicaVoxel @ Ephtracy

# group
o 

# material
mtllib Angler_Fish.mtl
usemtl palette

# normals
vn -1 0 0
vn 1 0 0
vn 0 0 1
vn 0 0 -1
vn 0 -1 0
vn 0 1 0

# texcoords
vt 0.0175781 0.5
vt 0.865234 0.5
vt 0.869141 0.5
vt 0.873047 0.5
vt 0.962891 0.5

# verts
v -2.3 1.9 0.1
v -2.3 1.9 -0.1
v -2.3 2 0
v -2.3 2 -0.1
v -2.3 2.1 0.1
v -2.3 2.1 0
v -2.2 2 0
v -2.2 2 -0.1
v -2.2 2.1 0.1
v -2.2 2.1 0
v -2.2 2.1 -0.1
v -2.2 2.2 0.1
v -2.2 2.2 0
v -2.1 2.1 0
v -2.1 2.1 -0.1
v -2.1 2.2 0
v -2.1 2.2 -0.1
v -2 1.4 0.1
v -2 1.4 0
v -2 1.5 0.1
v -2 1.5 0
v -2 2.2 0
v -2 2.2 -0.1
v -2 2.3 0
v -2 2.3 -0.1
v -1.9 1.2 0.1
v -1.9 1.2 0
v -1.9 1.3 0.3
v -1.9 1.3 0.2
v -1.9 1.3 -0.2
v -1.9 1.3 -0.3
v -1.9 1.4 0.1
v -1.9 1.4 0
v -1.9 1.5 0.3
v -1.9 1.5 0.2
v -1.9 1.5 -0.2
v -1.9 1.5 -0.3
v -1.9 2.2 0.1
v -1.9 2.2 0
v -1.9 2.3 0.1
v -1.9 2.3 0
v -1.9 2.3 -0.1
v -1.9 2.4 0
v -1.9 2.4 -0.1
v -1.8 1.1 0.3
v -1.8 1.1 -0.2
v -1.8 1.1 -0.3
v -1.8 1.2 0.3
v -1.8 1.2 0.2
v -1.8 1.2 0.1
v -1.8 1.2 0
v -1.8 1.3 0.3
v -1.8 1.3 0.2
v -1.8 1.3 0.1
v -1.8 1.3 0
v -1.8 1.3 -0.2
v -1.8 1.3 -0.3
v -1.8 2.3 0.1
v -1.8 2.3 0
v -1.8 2.4 0.1
v -1.8 2.4 0
v -1.7 0.9 0.2
v -1.7 0.9 -0.2
v -1.7 1 0.3
v -1.7 1 0.2
v -1.7 1 -0.2
v -1.7 1 -0.3
v -1.7 1.1 0.4
v -1.7 1.1 0.3
v -1.7 1.1 -0.2
v -1.7 1.1 -0.3
v -1.7 1.1 -0.4
v -1.7 1.2 0.3
v -1.7 1.3 0.4
v -1.7 1.3 0.3
v -1.7 1.3 -0.3
v -1.7 1.3 -0.4
v -1.7 2.4 0.1
v -1.7 2.4 0
v -1.7 2.5 0.1
v -1.7 2.5 0
v -1.6 0.9 0.3
v -1.6 0.9 0.2
v -1.6 0.9 -0.2
v -1.6 0.9 -0.3
v -1.6 1 0.4
v -1.6 1 0.3
v -1.6 1 0.2
v -1.6 1 -0.2
v -1.6 1 -0.3
v -1.6 1 -0.4
v -1.6 1.1 0.4
v -1.6 1.1 0.3
v -1.6 1.1 -0.3
v -1.6 1.1 -0.4
v -1.6 1.2 0.5
v -1.6 1.2 0.4
v -1.6 1.2 -0.4
v -1.6 1.2 -0.5
v -1.6 1.3 0.4
v -1.6 1.3 -0.4
v -1.6 1.4 0.2
v -1.6 1.4 0.1
v -1.6 1.4 -0.1
v -1.6 1.4 -0.2
v -1.6 1.5 0.5
v -1.6 1.5 0.4
v -1.6 1.5 0.2
v -1.6 1.5 0.1
v -1.6 1.5 -0.1
v -1.6 1.5 -0.2
v -1.6 1.5 -0.4
v -1.6 1.5 -0.5
v -1.6 2.2 0.1
v -1.6 2.2 0
v -1.6 2.3 0
v -1.6 2.3 -0.1
v -1.6 2.4 0.1
v -1.6 2.4 0
v -1.6 2.4 -0.1
v -1.5 0.9 0.4
v -1.5 0.9 0.3
v -1.5 0.9 -0.3
v -1.5 0.9 -0.4
v -1.5 1 0.4
v -1.5 1 0.3
v -1.5 1 -0.3
v -1.5 1 -0.4
v -1.5 1.1 0.5
v -1.5 1.1 0.4
v -1.5 1.1 -0.4
v -1.5 1.1 -0.5
v -1.5 1.2 0.5
v -1.5 1.2 0.4
v -1.5 1.2 -0.4
v -1.5 1.2 -0.5
v -1.5 1.5 0.2
v -1.5 1.5 0.1
v -1.5 1.5 -0.1
v -1.5 1.5 -0.2
v -1.5 1.6 0.2
v -1.5 1.6 0.1
v -1.5 1.6 -0.1
v -1.5 1.6 -0.2
v -1.5 2.1 0.1
v -1.5 2.1 0
v -1.5 2.2 0.1
v -1.5 2.2 0
v -1.5 2.2 -0.1
v -1.5 2.3 0
v -1.5 2.3 -0.1
v -1.4 1.2 0.6
v -1.4 1.2 0.5
v -1.4 1.3 0.5
v -1.4 1.4 0.7
v -1.4 1.4 0.6
v -1.4 1.4 0.5
v -1.4 1.4 0.4
v -1.4 1.4 0.3
v -1.4 1.4 -0.4
v -1.4 1.4 -0.5
v -1.4 1.5 0.7
v -1.4 1.5 0.6
v -1.4 1.5 0.3
v -1.4 1.5 0.2
v -1.4 1.5 0.1
v -1.4 1.5 -0.1
v -1.4 1.5 -0.2
v -1.4 1.5 -0.3
v -1.4 1.6 0.4
v -1.4 1.6 0.3
v -1.4 1.6 0.2
v -1.4 1.6 0.1
v -1.4 1.6 -0.1
v -1.4 1.6 -0.2
v -1.4 1.6 -0.3
v -1.4 1.6 -0.4
v -1.4 1.6 -0.5
v -1.4 2 0.1
v -1.4 2 0
v -1.4 2.1 0.1
v -1.4 2.1 0
v -1.4 2.1 -0.1
v -1.4 2.2 0
v -1.4 2.2 -0.1
v -1.3 1 0.5
v -1.3 1 0.4
v -1.3 1 -0.4
v -1.3 1 -0.5
v -1.3 1.1 0.5
v -1.3 1.1 0.4
v -1.3 1.1 -0.4
v -1.3 1.1 -0.5
v -1.3 1.2 -0.5
v -1.3 1.2 -0.6
v -1.3 1.3 -0.5
v -1.3 1.4 -0.5
v -1.3 1.4 -0.6
v -1.3 1.5 0.5
v -1.3 1.5 0.4
v -1.3 1.5 -0.3
v -1.3 1.5 -0.4
v -1.3 1.6 0.5
v -1.3 1.6 0.4
v -1.3 1.6 -0.3
v -1.3 1.6 -0.4
v -1.3 1.9 0.1
v -1.3 1.9 0
v -1.3 2 0.1
v -1.3 2 0
v -1.3 2 -0.1
v -1.3 2.1 0
v -1.3 2.1 -0.1
v -1.2 0.9 0.6
v -1.2 0.9 0.4
v -1.2 0.9 -0.4
v -1.2 0.9 -0.6
v -1.2 1 0.5
v -1.2 1 0.4
v -1.2 1 -0.4
v -1.2 1 -0.5
v -1.2 1.2 -0.5
v -1.2 1.2 -0.6
v -1.2 1.3 0.5
v -1.2 1.3 0.4
v -1.2 1.3 -0.4
v -1.2 1.3 -0.5
v -1.2 1.4 -0.5
v -1.2 1.4 -0.6
v -1.2 1.5 0.5
v -1.2 1.5 0.4
v -1.2 1.5 -0.4
v -1.2 1.5 -0.5
v -1.2 1.6 0.6
v -1.2 1.6 0.5
v -1.2 1.6 0.2
v -1.2 1.6 -0.2
v -1.2 1.6 -0.5
v -1.2 1.6 -0.6
v -1.2 1.7 0.4
v -1.2 1.7 0.3
v -1.2 1.7 -0.3
v -1.2 1.7 -0.4
v -1.2 1.8 0.5
v -1.2 1.8 0.4
v -1.2 1.8 0.3
v -1.2 1.8 -0.3
v -1.2 1.8 -0.4
v -1.2 1.8 -0.5
v -1.2 1.9 0.5
v -1.2 1.9 0.4
v -1.2 1.9 0.1
v -1.2 1.9 0
v -1.2 1.9 -0.4
v -1.2 1.9 -0.5
v -1.2 2 0.2
v -1.2 2 0.1
v -1.2 2 0
v -1.2 2 -0.1
v -1.2 2 -0.2
v -1.1 0.7 0.3
v -1.1 0.7 -0.3
v -1.1 0.9 0.7
v -1.1 0.9 0.6
v -1.1 0.9 0.3
v -1.1 0.9 -0.3
v -1.1 0.9 -0.6
v -1.1 0.9 -0.7
v -1.1 1.6 0.7
v -1.1 1.6 0.6
v -1.1 1.6 0.5
v -1.1 1.6 0.4
v -1.1 1.6 0.2
v -1.1 1.6 -0.2
v -1.1 1.6 -0.4
v -1.1 1.6 -0.5
v -1.1 1.6 -0.6
v -1.1 1.6 -0.7
v -1.1 1.7 0.4
v -1.1 1.7 0.3
v -1.1 1.7 -0.3
v -1.1 1.7 -0.4
v -1.1 1.8 0.5
v -1.1 1.8 0.4
v -1.1 1.8 0.3
v -1.1 1.8 -0.3
v -1.1 1.8 -0.4
v -1.1 1.8 -0.5
v -1.1 1.9 0.5
v -1.1 1.9 0.4
v -1.1 1.9 -0.4
v -1.1 1.9 -0.5
v -1.1 2 0.5
v -1.1 2 0.2
v -1.1 2 0
v -1.1 2 -0.1
v -1.1 2 -0.2
v -1.1 2 -0.5
v -1.1 2.1 0
v -1.1 2.1 -0.1
v -1 0.7 0.4
v -1 0.7 0.3
v -1 0.7 -0.3
v -1 0.7 -0.4
v -1 0.9 0.4
v -1 0.9 0.3
v -1 0.9 -0.3
v -1 0.9 -0.4
v -0.9 0.7 0.5
v -0.9 0.7 0.4
v -0.9 0.7 -0.4
v -0.9 0.7 -0.5
v -0.9 0.9 0.5
v -0.9 0.9 0.4
v -0.9 0.9 -0.4
v -0.9 0.9 -0.5
v -0.9 1 0.3
v -0.9 1 -0.3
v -0.9 1.3 0.4
v -0.9 1.3 0.3
v -0.9 1.3 -0.3
v -0.9 1.3 -0.4
v -0.9 1.6 0.4
v -0.9 1.6 -0.4
v -0.7 0.7 0.6
v -0.7 0.7 0.5
v -0.7 0.7 -0.5
v -0.7 0.7 -0.6
v -0.7 0.9 0.6
v -0.7 0.9 0.5
v -0.7 0.9 -0.5
v -0.7 0.9 -0.6
v -0.7 1.6 0.6
v -0.7 1.6 0.5
v -0.7 1.6 -0.5
v -0.7 1.6 -0.6
v -0.7 2 0.6
v -0.7 2 0.5
v -0.7 2 -0.5
v -0.7 2 -0.6
v -0.5 0.9 0.8
v -0.5 0.9 0.7
v -0.5 0.9 -0.7
v -0.5 0.9 -0.8
v -0.5 1.6 0.8
v -0.5 1.6 0.7
v -0.5 1.6 -0.7
v -0.5 1.6 -0.8
v -0.4 1.6 0.7
v -0.4 1.6 0.6
v -0.4 1.6 -0.6
v -0.4 1.6 -0.7
v -0.4 1.7 0.7
v -0.4 1.7 0.6
v -0.4 1.7 -0.6
v -0.4 1.7 -0.7
v -0.3 1.7 0.7
v -0.3 1.7 0.6
v -0.3 1.7 -0.6
v -0.3 1.7 -0.7
v -0.3 1.7 -0.8
v -0.3 1.8 -0.7
v -0.3 1.8 -0.8
v -0.3 1.9 0.7
v -0.3 1.9 0.6
v -0.3 1.9 -0.6
v -0.3 1.9 -0.7
v -0.2 1.6 0.7
v -0.2 1.6 0.6
v -0.2 1.6 -0.6
v -0.2 1.6 -0.7
v -0.2 1.7 0.7
v -0.2 1.7 0.6
v -0.2 1.7 -0.6
v -0.2 1.7 -0.7
v -0.2 1.8 0.8
v -0.2 1.8 0.7
v -0.2 1.8 -0.7
v -0.2 1.8 -0.8
v -0.2 1.9 0.7
v -0.2 1.9 0.6
v -0.2 1.9 -0.6
v -0.2 1.9 -0.7
v -0.2 2 0.7
v -0.2 2 0.6
v -0.2 2 -0.6
v -0.2 2 -0.7
v -0.2 2.2 0.9
v -0.2 2.2 0.8
v -0.2 2.2 -0.7
v -0.2 2.2 -0.8
v -0.2 2.2 -0.9
v -0.2 2.3 0.8
v -0.2 2.3 0.7
v -0.2 2.4 0.9
v -0.2 2.4 0.8
v -0.2 2.4 -0.8
v -0.2 2.4 -0.9
v -0.1 2.4 0.9
v -0.1 2.4 0.8
v -0.1 2.4 -0.8
v -0.1 2.4 -0.9
v -0.1 2.5 0.9
v -0.1 2.5 0.8
v -0.1 2.5 -0.8
v -0.1 2.5 -0.9
v 0 1.8 0.8
v 0 1.8 0.7
v 0 1.9 0.8
v 0 1.9 0.7
v 0 2.1 0.9
v 0 2.1 0.8
v 0 2.1 -0.8
v 0 2.1 -0.9
v 0 2.2 0.9
v 0 2.2 0.8
v 0 2.2 -0.8
v 0 2.2 -0.9
v 0.0999999 2.2 0.9
v 0.0999999 2.2 0.8
v 0.0999999 2.2 -0.8
v 0.0999999 2.2 -0.9
v 0.0999999 2.3 0.9
v 0.0999999 2.3 0.8
v 0.0999999 2.3 -0.8
v 0.0999999 2.3 -0.9
v 0.2 1.9 0.8
v 0.2 1.9 0.7
v 0.2 1.9 -0.7
v 0.2 1.9 -0.8
v 0.2 2 0.8
v 0.2 2 0.7
v 0.2 2 -0.7
v 0.2 2 -0.8
v 0.3 1.9 0.9
v 0.3 1.9 0.8
v 0.3 1.9 -0.8
v 0.3 1.9 -0.9
v 0.3 2 0.8
v 0.3 2 -0.8
v 0.3 2.1 0.9
v 0.3 2.1 0.8
v 0.3 2.1 -0.8
v 0.3 2.1 -0.9
v 1.1 2 0.1
v 1.1 2 0
v 1.1 2.1 0.1
v 1.1 2.1 0
v 1.3 1.6 0.1
v 1.3 1.6 0
v 1.3 1.7 0.1
v 1.3 1.7 0
v 1.3 2 0.2
v 1.3 2 0.1
v 1.3 2 0
v 1.3 2 -0.1
v 1.3 2 -0.2
v 1.3 2.1 0.1
v 1.3 2.1 0
v 1.3 2.1 -0.2
v 1.3 2.2 0.2
v 1.3 2.2 0.1
v 1.4 1.8 -0.1
v 1.4 1.8 -0.2
v 1.4 1.9 0.1
v 1.4 1.9 0
v 1.4 1.9 -0.1
v 1.4 1.9 -0.2
v 1.4 2 0.1
v 1.4 2 0
v 1.4 2.1 0.3
v 1.4 2.1 0.2
v 1.4 2.1 -0.1
v 1.4 2.1 -0.2
v 1.4 2.2 0.4
v 1.4 2.2 0.3
v 1.4 2.2 0.2
v 1.4 2.2 -0.1
v 1.4 2.2 -0.2
v 1.4 2.3 0.4
v 1.4 2.3 0.2
v 1.5 1.5 0.1
v 1.5 1.5 0
v 1.5 1.6 0.1
v 1.5 1.6 0
v 1.5 2 0.1
v 1.5 2 0
v 1.5 2.1 0.1
v 1.5 2.1 0
v 1.6 1.4 0.1
v 1.6 1.4 0
v 1.6 1.5 0.1
v 1.6 1.5 0
v 1.6 1.7 -0.1
v 1.6 1.7 -0.2
v 1.6 1.8 -0.1
v 1.6 1.8 -0.2
v 1.6 2.2 -0.1
v 1.6 2.2 -0.2
v 1.6 2.3 0.5
v 1.6 2.3 0.4
v 1.6 2.3 0.3
v 1.6 2.3 -0.1
v 1.6 2.3 -0.2
v 1.6 2.4 0.5
v 1.6 2.4 0.3
v 1.7 1.2 0.1
v 1.7 1.2 0
v 1.7 1.4 0.1
v 1.7 1.4 0
v 1.7 1.6 -0.1
v 1.7 1.6 -0.2
v 1.7 1.7 -0.1
v 1.7 1.7 -0.2
v 1.7 2.1 0.1
v 1.7 2.1 0
v 1.7 2.2 0.1
v 1.7 2.2 0
v 1.7 2.4 0.5
v 1.7 2.4 0.4
v 1.7 2.5 0.5
v 1.7 2.5 0.4
v 1.8 2.2 -0.2
v 1.8 2.2 -0.3
v 1.8 2.3 -0.2
v 1.8 2.4 -0.2
v 1.8 2.4 -0.3
v 1.9 1.5 -0.1
v 1.9 1.5 -0.2
v 1.9 1.6 -0.1
v 1.9 1.6 -0.2
v 1.9 2.2 0.1
v 1.9 2.2 0
v 1.9 2.3 0.1
v 1.9 2.3 0
v 1.9 2.4 -0.2
v 1.9 2.4 -0.3
v 1.9 2.5 -0.2
v 1.9 2.5 -0.3
v 2 2.3 0.1
v 2 2.3 0
v 2 2.4 0.1
v 2 2.4 0
v -2.2 1.9 0.1
v -2.2 1.9 0
v -2.2 2 0.1
v -2.2 2 0
v -2.1 1.9 0
v -2.1 1.9 -0.1
v -2.1 2 0
v -2.1 2 -0.1
v -2.1 2.1 0.1
v -2.1 2.1 0
v -2.1 2.2 0.1
v -2.1 2.2 0
v -2 2 0.1
v -2 2 -0.1
v -2 2.1 0.1
v -2 2.1 0
v -2 2.1 -0.1
v -1.9 1.4 0.1
v -1.9 1.4 0
v -1.9 1.5 0.1
v -1.9 1.5 0
v -1.9 2.1 0
v -1.9 2.1 -0.1
v -1.9 2.2 0
v -1.9 2.2 -0.1
v -1.8 1.3 0.1
v -1.8 1.3 0
v -1.8 1.4 0.3
v -1.8 1.4 0.2
v -1.8 1.4 0.1
v -1.8 1.4 0
v -1.8 1.4 -0.2
v -1.8 1.4 -0.3
v -1.8 1.5 0.3
v -1.8 1.5 0.2
v -1.8 1.5 -0.2
v -1.8 1.5 -0.3
v -1.8 2.2 0.1
v -1.8 2.2 -0.1
v -1.8 2.3 0.1
v -1.8 2.3 -0.1
v -1.7 1.2 0.3
v -1.7 1.2 0.2
v -1.7 1.2 -0.2
v -1.7 1.2 -0.3
v -1.7 1.3 0.3
v -1.7 1.3 0.2
v -1.7 1.3 -0.2
v -1.7 1.3 -0.3
v -1.7 1.4 0.3
v -1.7 1.4 0.2
v -1.7 1.4 -0.2
v -1.7 1.4 -0.3
v -1.7 2.3 0.1
v -1.7 2.3 -0.1
v -1.7 2.4 0.1
v -1.7 2.4 0
v -1.7 2.4 -0.1
v -1.6 1.2 0.2
v -1.6 1.2 -0.2
v -1.6 1.3 0.2
v -1.6 1.3 -0.2
v -1.5 1.1 0.3
v -1.5 1.1 -0.3
v -1.5 1.2 0.3
v -1.5 1.2 -0.3
v -1.5 1.3 0.5
v -1.5 1.3 0.4
v -1.5 1.3 -0.4
v -1.5 1.3 -0.5
v -1.5 1.4 0.2
v -1.5 1.4 0.1
v -1.5 1.4 -0.1
v -1.5 1.4 -0.2
v -1.5 1.5 0.5
v -1.5 1.5 0.4
v -1.5 1.5 0.2
v -1.5 1.5 0.1
v -1.5 1.5 -0.1
v -1.5 1.5 -0.2
v -1.5 1.5 -0.4
v -1.5 1.5 -0.5
v -1.5 2.3 0.1
v -1.5 2.3 -0.1
v -1.5 2.4 0
v -1.5 2.4 -0.1
v -1.5 2.5 0.1
v -1.5 2.5 0
v -1.4 2.2 0.1
v -1.4 2.2 0
v -1.4 2.3 0.1
v -1.4 2.3 0
v -1.3 1.2 0.6
v -1.3 1.2 0.5
v -1.3 1.3 0.5
v -1.3 1.4 0.7
v -1.3 1.4 0.6
v -1.3 1.4 0.5
v -1.3 1.4 0.4
v -1.3 1.4 0.3
v -1.3 1.4 -0.4
v -1.3 1.4 -0.5
v -1.3 1.5 0.7
v -1.3 1.5 0.6
v -1.3 1.5 0.4
v -1.3 1.5 0.3
v -1.3 1.5 -0.4
v -1.3 1.5 -0.5
v -1.3 2.1 0.1
v -1.3 2.1 0
v -1.3 2.2 0.1
v -1.3 2.2 0
v -1.3 2.2 -0.1
v -1.3 2.3 0
v -1.3 2.3 -0.1
v -1.2 1 0.2
v -1.2 1 -0.2
v -1.2 1.1 0.2
v -1.2 1.1 -0.2
v -1.2 1.5 0.4
v -1.2 1.5 -0.4
v -1.2 1.6 0.4
v -1.2 1.6 0.2
v -1.2 1.6 -0.2
v -1.2 1.6 -0.4
v -1.2 2 0
v -1.2 2 -0.1
v -1.2 2.1 0
v -1.2 2.1 -0.1
v -1.1 1 0.3
v -1.1 1 0.2
v -1.1 1 -0.2
v -1.1 1 -0.3
v -1.1 1.1 0.3
v -1.1 1.1 0.2
v -1.1 1.1 -0.2
v -1.1 1.1 -0.3
v -1.1 2.1 0
v -1.1 2.1 -0.1
v -1.1 2.2 0
v -1.1 2.2 -0.1
v -1 2 0.1
v -1 2 -0.1
v -1 2.1 0.1
v -1 2.1 -0.1
v -0.3 1.6 0.7
v -0.3 1.6 0.6
v -0.3 1.6 -0.6
v -0.3 1.6 -0.7
v -0.3 1.7 0.7
v -0.3 1.7 0.6
v -0.3 1.7 -0.6
v -0.3 1.7 -0.7
v -0.1 1.7 -0.7
v -0.1 1.7 -0.8
v -0.1 1.8 0.8
v -0.1 1.8 0.7
v -0.1 1.8 -0.7
v -0.1 1.8 -0.8
v -0.1 1.9 0.8
v -0.1 1.9 0.7
v -0.1 2.1 0.8
v -0.1 2.1 0.7
v -0.1 2.1 -0.7
v -0.1 2.1 -0.8
v -0.1 2.2 0.9
v -0.1 2.2 0.8
v -0.1 2.2 -0.7
v -0.1 2.2 -0.8
v -0.1 2.2 -0.9
v -0.1 2.3 0.9
v -0.1 2.3 0.8
v -0.1 2.3 0.7
v -0.1 2.3 -0.8
v -0.1 2.3 -0.9
v 0 1.9 0.8
v 0 1.9 0.7
v 0 1.9 -0.7
v 0 1.9 -0.8
v 0 2 0.8
v 0 2 0.7
v 0 2 -0.7
v 0 2 -0.8
v 0 2.3 0.9
v 0 2.3 0.8
v 0 2.3 -0.8
v 0 2.3 -0.9
v 0 2.5 0.9
v 0 2.5 0.8
v 0 2.5 -0.8
v 0 2.5 -0.9
v 0.0999999 2 0.8
v 0.0999999 2 0.7
v 0.0999999 2 -0.7
v 0.0999999 2 -0.8
v 0.0999999 2.1 0.8
v 0.0999999 2.1 0.7
v 0.0999999 2.1 -0.7
v 0.0999999 2.1 -0.8
v 0.2 1.6 0.7
v 0.2 1.6 0.6
v 0.2 1.6 -0.6
v 0.2 1.6 -0.7
v 0.2 1.8 0.7
v 0.2 1.8 -0.7
v 0.2 2 0.7
v 0.2 2 0.6
v 0.2 2 -0.6
v 0.2 2 -0.7
v 0.2 2.1 0.9
v 0.2 2.1 0.8
v 0.2 2.1 -0.8
v 0.2 2.1 -0.9
v 0.2 2.2 0.9
v 0.2 2.2 0.8
v 0.2 2.2 -0.8
v 0.2 2.2 -0.9
v 0.3 1.8 0.8
v 0.3 1.8 0.7
v 0.3 1.8 -0.7
v 0.3 1.8 -0.8
v 0.3 1.9 0.8
v 0.3 1.9 -0.8
v 0.3 2 0.8
v 0.3 2 0.7
v 0.3 2 -0.7
v 0.3 2 -0.8
v 0.3 2.2 0.9
v 0.3 2.2 0.8
v 0.3 2.2 -0.8
v 0.3 2.2 -0.9
v 0.3 2.3 0.9
v 0.3 2.3 0.8
v 0.3 2.3 -0.8
v 0.3 2.3 -0.9
v 0.4 0.7 0.6
v 0.4 0.7 0.1
v 0.4 0.7 -0.1
v 0.4 0.7 -0.6
v 0.4 0.8 0.6
v 0.4 0.8 0.1
v 0.4 0.8 -0.1
v 0.4 0.8 -0.6
v 0.4 1.9 0.9
v 0.4 1.9 0.8
v 0.4 1.9 -0.8
v 0.4 1.9 -0.9
v 0.4 2 0.9
v 0.4 2 0.8
v 0.4 2 -0.8
v 0.4 2 -0.9
v 0.5 0.7 0.1
v 0.5 0.7 -0.1
v 0.5 0.8 0.6
v 0.5 0.8 0.4
v 0.5 0.8 0.1
v 0.5 0.8 -0.1
v 0.5 0.8 -0.4
v 0.5 0.8 -0.6
v 0.5 0.9 0.8
v 0.5 0.9 0.7
v 0.5 0.9 0.6
v 0.5 0.9 0.4
v 0.5 0.9 -0.4
v 0.5 0.9 -0.6
v 0.5 0.9 -0.7
v 0.5 0.9 -0.8
v 0.5 1.6 0.8
v 0.5 1.6 0.7
v 0.5 1.6 -0.7
v 0.5 1.6 -0.8
v 0.5 2 0.9
v 0.5 2 0.8
v 0.5 2 -0.8
v 0.5 2 -0.9
v 0.5 2.1 0.9
v 0.5 2.1 0.8
v 0.5 2.1 -0.8
v 0.5 2.1 -0.9
v 0.6 0.8 0.4
v 0.6 0.8 -0.4
v 0.6 0.9 0.7
v 0.6 0.9 0.5
v 0.6 0.9 0.4
v 0.6 0.9 -0.4
v 0.6 0.9 -0.5
v 0.6 0.9 -0.7
v 0.6 1 0.7
v 0.6 1 0.5
v 0.6 1 -0.5
v 0.6 1 -0.7
v 0.7 0.9 0.5
v 0.7 0.9 -0.5
v 0.7 1 0.7
v 0.7 1 0.6
v 0.7 1 0.5
v 0.7 1 -0.5
v 0.7 1 -0.6
v 0.7 1 -0.7
v 0.7 1.1 0.7
v 0.7 1.1 0.6
v 0.7 1.1 -0.6
v 0.7 1.1 -0.7
v 0.7 1.6 0.6
v 0.7 1.6 0.5
v 0.7 1.6 -0.5
v 0.7 1.6 -0.6
v 0.7 2 0.6
v 0.7 2 0.5
v 0.7 2 -0.5
v 0.7 2 -0.6
v 0.8 1 0.6
v 0.8 1 0.2
v 0.8 1 -0.2
v 0.8 1 -0.6
v 0.8 1.1 0.7
v 0.8 1.1 0.6
v 0.8 1.1 0.2
v 0.8 1.1 -0.2
v 0.8 1.1 -0.6
v 0.8 1.1 -0.7
v 0.8 1.2 0.7
v 0.8 1.2 0.6
v 0.8 1.2 -0.6
v 0.8 1.2 -0.7
v 0.9 1 0.2
v 0.9 1 -0.2
v 0.9 1.1 0.6
v 0.9 1.1 0.4
v 0.9 1.1 0.2
v 0.9 1.1 -0.2
v 0.9 1.1 -0.4
v 0.9 1.1 -0.6
v 0.9 1.2 0.6
v 0.9 1.2 0.4
v 0.9 1.2 -0.4
v 0.9 1.2 -0.6
v 1 1.1 0.4
v 1 1.1 0.1
v 1 1.1 -0.1
v 1 1.1 -0.4
v 1 1.2 0.7
v 1 1.2 0.5
v 1 1.2 0.4
v 1 1.2 0.1
v 1 1.2 -0.1
v 1 1.2 -0.4
v 1 1.2 -0.5
v 1 1.2 -0.7
v 1 1.3 0.7
v 1 1.3 0.5
v 1 1.3 -0.5
v 1 1.3 -0.7
v 1.1 1.1 0.1
v 1.1 1.1 -0.1
v 1.1 1.2 0.5
v 1.1 1.2 0.3
v 1.1 1.2 0.1
v 1.1 1.2 -0.1
v 1.1 1.2 -0.3
v 1.1 1.2 -0.5
v 1.1 1.3 0.7
v 1.1 1.3 0.5
v 1.1 1.3 0.3
v 1.1 1.3 -0.3
v 1.1 1.3 -0.5
v 1.1 1.3 -0.7
v 1.1 1.4 0.6
v 1.1 1.4 0.5
v 1.1 1.4 -0.5
v 1.1 1.4 -0.6
v 1.1 1.6 0.7
v 1.1 1.6 0.6
v 1.1 1.6 0.5
v 1.1 1.6 0.2
v 1.1 1.6 -0.2
v 1.1 1.6 -0.5
v 1.1 1.6 -0.6
v 1.1 1.6 -0.7
v 1.1 2 0.5
v 1.1 2 0.2
v 1.1 2 -0.2
v 1.1 2 -0.5
v 1.2 1.2 0.3
v 1.2 1.2 -0.3
v 1.2 1.3 0.5
v 1.2 1.3 0.3
v 1.2 1.3 -0.3
v 1.2 1.3 -0.5
v 1.2 1.4 0.6
v 1.2 1.4 0.5
v 1.2 1.4 0.1
v 1.2 1.4 -0.1
v 1.2 1.4 -0.5
v 1.2 1.4 -0.6
v 1.2 1.5 0.3
v 1.2 1.5 0.1
v 1.2 1.5 -0.1
v 1.2 1.5 -0.3
v 1.2 1.6 0.6
v 1.2 1.6 0.3
v 1.2 1.6 0.2
v 1.2 1.6 -0.2
v 1.2 1.6 -0.3
v 1.2 1.6 -0.6
v 1.2 1.7 0.1
v 1.2 1.7 0
v 1.2 1.8 0
v 1.2 1.8 -0.1
v 1.2 2 0.2
v 1.2 2 0.1
v 1.2 2 -0.1
v 1.2 2 -0.2
v 1.3 1.4 0.1
v 1.3 1.4 -0.1
v 1.3 1.5 0.3
v 1.3 1.5 0.1
v 1.3 1.5 -0.1
v 1.3 1.5 -0.3
v 1.3 1.6 0.3
v 1.3 1.6 0.1
v 1.3 1.6 0
v 1.3 1.6 -0.3
v 1.3 1.9 0.1
v 1.3 1.9 0
v 1.3 2 0.1
v 1.3 2 0
v 1.4 1.7 0.1
v 1.4 1.7 0
v 1.4 1.8 0.1
v 1.4 1.8 0
v 1.4 1.9 0
v 1.4 1.9 -0.1
v 1.4 2 0.2
v 1.4 2 0.1
v 1.4 2 0
v 1.4 2 -0.1
v 1.4 2.1 0.2
v 1.4 2.1 0.1
v 1.4 2.1 -0.1
v 1.5 1.8 0.1
v 1.5 1.8 -0.1
v 1.5 1.9 0.1
v 1.5 1.9 0
v 1.5 1.9 -0.1
v 1.5 2 -0.1
v 1.5 2 -0.2
v 1.5 2.1 0.3
v 1.5 2.1 0.1
v 1.5 2.1 -0.1
v 1.5 2.1 -0.2
v 1.5 2.2 0.3
v 1.5 2.2 0.2
v 1.5 2.2 0.1
v 1.5 2.3 0.3
v 1.5 2.3 0.2
v 1.6 1.6 0.1
v 1.6 1.6 0
v 1.6 1.7 0.1
v 1.6 1.7 0
v 1.6 1.9 0.1
v 1.6 1.9 0
v 1.6 2 0.1
v 1.6 2 0
v 1.7 1.5 0.1
v 1.7 1.5 0
v 1.7 1.6 0.1
v 1.7 1.6 0
v 1.7 1.8 -0.1
v 1.7 1.8 -0.2
v 1.7 1.9 -0.1
v 1.7 1.9 -0.2
v 1.7 2.1 -0.1
v 1.7 2.1 -0.2
v 1.7 2.2 0.4
v 1.7 2.2 0.3
v 1.7 2.2 -0.1
v 1.7 2.2 -0.2
v 1.7 2.3 0.4
v 1.7 2.4 0.4
v 1.7 2.4 0.3
v 1.8 1.3 0.1
v 1.8 1.3 0
v 1.8 1.5 0.1
v 1.8 1.5 0
v 1.8 1.7 -0.1
v 1.8 1.7 -0.2
v 1.8 1.8 -0.1
v 1.8 1.8 -0.2
v 1.8 2 0.1
v 1.8 2 0
v 1.8 2.1 0.1
v 1.8 2.1 0
v 1.8 2.3 0.5
v 1.8 2.3 0.4
v 1.8 2.4 0.5
v 1.8 2.4 0.4
v 1.9 1.2 0.1
v 1.9 1.2 0
v 1.9 1.3 0.1
v 1.9 1.3 0
v 1.9 2.2 -0.1
v 1.9 2.2 -0.3
v 1.9 2.3 -0.1
v 1.9 2.3 -0.2
v 1.9 2.3 -0.3
v 1.9 2.4 0.5
v 1.9 2.4 0.4
v 1.9 2.5 0.5
v 1.9 2.5 0.4
v 2 1.6 -0.1
v 2 1.6 -0.2
v 2 1.7 -0.1
v 2 1.7 -0.2
v 2 2.1 0.1
v 2 2.1 0
v 2 2.2 0.1
v 2 2.2 0
v 2 2.3 -0.2
v 2 2.3 -0.3
v 2 2.5 -0.2
v 2 2.5 -0.3
v 2.1 1.5 -0.1
v 2.1 1.5 -0.2
v 2.1 1.6 -0.1
v 2.1 1.6 -0.2
v 2.1 2.2 0.1
v 2.1 2.2 0
v 2.1 2.4 0.1
v 2.1 2.4 0
v -0.2 2.2 0.9
v -0.2 2.4 0.9
v -0.1 2.2 0.9
v -0.1 2.3 0.9
v -0.1 2.4 0.9
v -0.1 2.5 0.9
v 0 2.1 0.9
v 0 2.2 0.9
v 0 2.3 0.9
v 0 2.5 0.9
v 0.0999999 2.2 0.9
v 0.0999999 2.3 0.9
v 0.2 2.1 0.9
v 0.2 2.2 0.9
v 0.3 1.9 0.9
v 0.3 2.1 0.9
v 0.3 2.2 0.9
v 0.3 2.3 0.9
v 0.4 1.9 0.9
v 0.4 2 0.9
v 0.5 2 0.9
v 0.5 2.1 0.9
v -0.5 0.9 0.8
v -0.5 1.6 0.8
v -0.2 1.8 0.8
v -0.2 2.2 0.8
v -0.1 1.8 0.8
v -0.1 1.9 0.8
v -0.1 2.1 0.8
v -0.1 2.2 0.8
v 0 1.8 0.8
v 0 1.9 0.8
v 0 2 0.8
v 0 2.1 0.8
v 0.0999999 2 0.8
v 0.0999999 2.1 0.8
v 0.2 1.9 0.8
v 0.2 2 0.8
v 0.3 1.8 0.8
v 0.3 1.9 0.8
v 0.3 2 0.8
v 0.5 0.9 0.8
v 0.5 1.6 0.8
v -1.4 1.4 0.7
v -1.4 1.5 0.7
v -1.3 1.4 0.7
v -1.3 1.5 0.7
v -1.1 0.9 0.7
v -1.1 1.6 0.7
v -0.5 0.9 0.7
v -0.5 1.6 0.7
v -0.4 1.6 0.7
v -0.4 1.7 0.7
v -0.3 1.6 0.7
v -0.3 1.7 0.7
v -0.3 1.9 0.7
v -0.2 1.6 0.7
v -0.2 1.7 0.7
v -0.2 1.8 0.7
v -0.2 1.9 0.7
v -0.1 1.8 0.7
v -0.1 1.9 0.7
v 0 1.8 0.7
v 0 1.9 0.7
v 0 2 0.7
v 0.0999999 2 0.7
v 0.2 1.6 0.7
v 0.2 1.8 0.7
v 0.2 1.9 0.7
v 0.2 2 0.7
v 0.5 0.9 0.7
v 0.5 1.6 0.7
v 0.6 0.9 0.7
v 0.6 1 0.7
v 0.7 1 0.7
v 0.7 1.1 0.7
v 0.8 1.1 0.7
v 0.8 1.2 0.7
v 1 1.2 0.7
v 1 1.3 0.7
v 1.1 1.3 0.7
v 1.1 1.6 0.7
v -1.4 1.2 0.6
v -1.4 1.4 0.6
v -1.3 1.2 0.6
v -1.3 1.4 0.6
v -1.2 0.9 0.6
v -1.2 1.6 0.6
v -1.1 0.9 0.6
v -1.1 1.6 0.6
v -0.7 0.7 0.6
v -0.7 0.9 0.6
v -0.7 1.6 0.6
v -0.7 2 0.6
v -0.4 1.6 0.6
v -0.4 1.7 0.6
v -0.3 1.6 0.6
v -0.3 1.7 0.6
v -0.3 1.9 0.6
v -0.2 1.6 0.6
v -0.2 1.7 0.6
v -0.2 1.9 0.6
v -0.2 2 0.6
v 0.2 1.6 0.6
v 0.2 2 0.6
v 0.4 0.7 0.6
v 0.4 0.8 0.6
v 0.5 0.8 0.6
v 0.5 0.9 0.6
v 0.7 1 0.6
v 0.7 1.1 0.6
v 0.7 1.6 0.6
v 0.7 2 0.6
v 0.8 1 0.6
v 0.8 1.1 0.6
v 0.8 1.2 0.6
v 0.9 1.1 0.6
v 0.9 1.2 0.6
v 1.1 1.4 0.6
v 1.1 1.6 0.6
v 1.2 1.4 0.6
v 1.2 1.6 0.6
v -1.6 1.2 0.5
v -1.6 1.5 0.5
v -1.5 1.1 0.5
v -1.5 1.2 0.5
v -1.5 1.3 0.5
v -1.5 1.5 0.5
v -1.4 1.2 0.5
v -1.4 1.3 0.5
v -1.3 1 0.5
v -1.3 1.1 0.5
v -1.3 1.2 0.5
v -1.3 1.3 0.5
v -1.3 1.5 0.5
v -1.3 1.6 0.5
v -1.2 1 0.5
v -1.2 1.3 0.5
v -1.2 1.5 0.5
v -1.2 1.6 0.5
v -1.2 1.8 0.5
v -1.2 1.9 0.5
v -1.1 1.6 0.5
v -1.1 1.8 0.5
v -1.1 1.9 0.5
v -1.1 2 0.5
v -0.9 0.7 0.5
v -0.9 0.9 0.5
v -0.7 0.7 0.5
v -0.7 0.9 0.5
v -0.7 1.6 0.5
v -0.7 2 0.5
v 0.6 0.9 0.5
v 0.6 1 0.5
v 0.7 0.9 0.5
v 0.7 1 0.5
v 0.7 1.6 0.5
v 0.7 2 0.5
v 1 1.2 0.5
v 1 1.3 0.5
v 1.1 1.2 0.5
v 1.1 1.3 0.5
v 1.1 1.4 0.5
v 1.1 1.6 0.5
v 1.1 2 0.5
v 1.2 1.3 0.5
v 1.2 1.4 0.5
v 1.6 2.3 0.5
v 1.6 2.4 0.5
v 1.7 2.4 0.5
v 1.7 2.5 0.5
v 1.8 2.3 0.5
v 1.8 2.4 0.5
v 1.9 2.4 0.5
v 1.9 2.5 0.5
v -1.7 1.1 0.4
v -1.7 1.3 0.4
v -1.6 1 0.4
v -1.6 1.1 0.4
v -1.6 1.2 0.4
v -1.6 1.3 0.4
v -1.5 0.9 0.4
v -1.5 1 0.4
v -1.5 1.1 0.4
v -1.5 1.2 0.4
v -1.4 1.4 0.4
v -1.4 1.6 0.4
v -1.3 1 0.4
v -1.3 1.1 0.4
v -1.3 1.4 0.4
v -1.3 1.5 0.4
v -1.3 1.6 0.4
v -1.2 0.9 0.4
v -1.2 1 0.4
v -1.2 1.7 0.4
v -1.2 1.8 0.4
v -1.1 1.7 0.4
v -1.1 1.8 0.4
v -1 0.7 0.4
v -1 0.9 0.4
v -0.9 0.7 0.4
v -0.9 0.9 0.4
v 0.5 0.8 0.4
v 0.5 0.9 0.4
v 0.6 0.8 0.4
v 0.6 0.9 0.4
v 0.9 1.1 0.4
v 0.9 1.2 0.4
v 1 1.1 0.4
v 1 1.2 0.4
v 1.4 2.2 0.4
v 1.4 2.3 0.4
v 1.6 2.3 0.4
v 1.7 2.2 0.4
v 1.7 2.3 0.4
v -1.9 1.3 0.3
v -1.9 1.5 0.3
v -1.8 1.1 0.3
v -1.8 1.2 0.3
v -1.8 1.3 0.3
v -1.8 1.4 0.3
v -1.8 1.5 0.3
v -1.7 1 0.3
v -1.7 1.1 0.3
v -1.7 1.2 0.3
v -1.7 1.3 0.3
v -1.7 1.4 0.3
v -1.6 0.9 0.3
v -1.6 1 0.3
v -1.6 1.1 0.3
v -1.5 0.9 0.3
v -1.5 1 0.3
v -1.1 0.7 0.3
v -1.1 0.9 0.3
v -1 0.7 0.3
v -1 0.9 0.3
v 1.1 1.2 0.3
v 1.1 1.3 0.3
v 1.2 1.2 0.3
v 1.2 1.3 0.3
v 1.2 1.5 0.3
v 1.2 1.6 0.3
v 1.3 1.5 0.3
v 1.3 1.6 0.3
v 1.4 2.1 0.3
v 1.4 2.2 0.3
v 1.5 2.1 0.3
v 1.5 2.2 0.3
v -1.7 0.9 0.2
v -1.7 1 0.2
v -1.7 1.2 0.2
v -1.7 1.3 0.2
v -1.6 0.9 0.2
v -1.6 1 0.2
v -1.6 1.2 0.2
v -1.6 1.3 0.2
v -1.6 1.4 0.2
v -1.6 1.5 0.2
v -1.5 1.4 0.2
v -1.5 1.5 0.2
v -1.5 1.6 0.2
v -1.4 1.5 0.2
v -1.4 1.6 0.2
v -1.2 1.6 0.2
v -1.2 2 0.2
v -1.1 1.6 0.2
v -1.1 2 0.2
v 0.8 1 0.2
v 0.8 1.1 0.2
v 0.9 1 0.2
v 0.9 1.1 0.2
v 1.1 1.6 0.2
v 1.1 2 0.2
v 1.2 1.6 0.2
v 1.2 2 0.2
v 1.3 2 0.2
v 1.3 2.2 0.2
v 1.4 2 0.2
v 1.4 2.1 0.2
v 1.4 2.2 0.2
v -2.3 1.9 0.1
v -2.3 2.1 0.1
v -2.2 1.9 0.1
v -2.2 2 0.1
v -2.2 2.1 0.1
v -2.2 2.2 0.1
v -2.1 2.1 0.1
v -2.1 2.2 0.1
v -2 1.4 0.1
v -2 1.5 0.1
v -2 2 0.1
v -2 2.1 0.1
v -1.9 1.2 0.1
v -1.9 1.4 0.1
v -1.9 1.5 0.1
v -1.9 2.2 0.1
v -1.9 2.3 0.1
v -1.8 1.2 0.1
v -1.8 1.3 0.1
v -1.8 1.4 0.1
v -1.8 2.2 0.1
v -1.8 2.3 0.1
v -1.8 2.4 0.1
v -1.7 2.3 0.1
v -1.7 2.4 0.1
v -1.7 2.5 0.1
v -1.6 2.2 0.1
v -1.6 2.4 0.1
v -1.5 2.1 0.1
v -1.5 2.2 0.1
v -1.5 2.3 0.1
v -1.5 2.5 0.1
v -1.4 2 0.1
v -1.4 2.1 0.1
v -1.4 2.2 0.1
v -1.4 2.3 0.1
v -1.3 1.9 0.1
v -1.3 2 0.1
v -1.3 2.1 0.1
v -1.3 2.2 0.1
v -1.2 1.9 0.1
v -1.2 2 0.1
v -1 2 0.1
v -1 2.1 0.1
v 0.4 0.7 0.1
v 0.4 0.8 0.1
v 0.5 0.7 0.1
v 0.5 0.8 0.1
v 1 1.1 0.1
v 1 1.2 0.1
v 1.1 1.1 0.1
v 1.1 1.2 0.1
v 1.1 2 0.1
v 1.1 2.1 0.1
v 1.2 1.4 0.1
v 1.2 1.5 0.1
v 1.2 1.7 0.1
v 1.2 2 0.1
v 1.3 1.4 0.1
v 1.3 1.5 0.1
v 1.3 1.6 0.1
v 1.3 1.7 0.1
v 1.3 1.9 0.1
v 1.3 2 0.1
v 1.3 2.1 0.1
v 1.4 1.7 0.1
v 1.4 1.8 0.1
v 1.4 1.9 0.1
v 1.4 2 0.1
v 1.5 1.5 0.1
v 1.5 1.6 0.1
v 1.5 1.8 0.1
v 1.5 1.9 0.1
v 1.5 2 0.1
v 1.5 2.1 0.1
v 1.6 1.4 0.1
v 1.6 1.5 0.1
v 1.6 1.6 0.1
v 1.6 1.7 0.1
v 1.6 1.9 0.1
v 1.6 2 0.1
v 1.7 1.2 0.1
v 1.7 1.4 0.1
v 1.7 1.5 0.1
v 1.7 1.6 0.1
v 1.7 2.1 0.1
v 1.7 2.2 0.1
v 1.8 1.3 0.1
v 1.8 1.5 0.1
v 1.8 2 0.1
v 1.8 2.1 0.1
v 1.9 1.2 0.1
v 1.9 1.3 0.1
v 1.9 2.2 0.1
v 1.9 2.3 0.1
v 2 2.1 0.1
v 2 2.2 0.1
v 2 2.3 0.1
v 2 2.4 0.1
v 2.1 2.2 0.1
v 2.1 2.4 0.1
v -2.2 1.9 0
v -2.2 2 0
v -2.1 1.9 0
v -2.1 2 0
v -2.1 2.1 0
v -2.1 2.2 0
v -2 2.1 0
v -2 2.2 0
v -2 2.3 0
v -1.9 2.1 0
v -1.9 2.2 0
v -1.9 2.3 0
v -1.9 2.4 0
v -1.8 2.3 0
v -1.8 2.4 0
v -1.4 2.2 0
v -1.4 2.3 0
v -1.3 2.1 0
v -1.3 2.2 0
v -1.3 2.3 0
v -1.1 2.1 0
v -1.1 2.2 0
v 1.3 1.9 0
v 1.3 2 0
v 1.4 1.9 0
v 1.4 2 0
v -1.6 1.4 -0.1
v -1.6 1.5 -0.1
v -1.5 1.4 -0.1
v -1.5 1.5 -0.1
v -1.5 1.6 -0.1
v -1.4 1.5 -0.1
v -1.4 1.6 -0.1
v 1.4 2 -0.1
v 1.4 2.1 -0.1
v 1.4 2.2 -0.1
v 1.5 1.8 -0.1
v 1.5 1.9 -0.1
v 1.5 2 -0.1
v 1.5 2.1 -0.1
v 1.6 1.7 -0.1
v 1.6 1.8 -0.1
v 1.6 2.2 -0.1
v 1.6 2.3 -0.1
v 1.7 1.6 -0.1
v 1.7 1.7 -0.1
v 1.7 1.8 -0.1
v 1.7 1.9 -0.1
v 1.7 2.1 -0.1
v 1.7 2.2 -0.1
v 1.8 1.7 -0.1
v 1.8 1.8 -0.1
v 1.9 1.5 -0.1
v 1.9 1.6 -0.1
v 1.9 2.2 -0.1
v 1.9 2.3 -0.1
v 2 1.6 -0.1
v 2 1.7 -0.1
v 2.1 1.5 -0.1
v 2.1 1.6 -0.1
v -1.9 1.3 -0.2
v -1.9 1.5 -0.2
v -1.8 1.3 -0.2
v -1.8 1.4 -0.2
v -1.8 1.5 -0.2
v -1.7 1.3 -0.2
v -1.7 1.4 -0.2
v -1.2 1 -0.2
v -1.2 1.1 -0.2
v -1.1 1 -0.2
v -1.1 1.1 -0.2
v 1.8 2.3 -0.2
v 1.8 2.4 -0.2
v 1.9 2.3 -0.2
v 1.9 2.4 -0.2
v 1.9 2.5 -0.2
v 2 2.3 -0.2
v 2 2.5 -0.2
v -1.7 1.2 -0.3
v -1.7 1.3 -0.3
v -1.5 1.1 -0.3
v -1.5 1.2 -0.3
v -1.5 1.3 -0.3
v -1.4 1.2 -0.3
v -1.4 1.3 -0.3
v -1.2 1.7 -0.3
v -1.2 1.8 -0.3
v -1.1 1 -0.3
v -1.1 1.1 -0.3
v -1.1 1.7 -0.3
v -1.1 1.8 -0.3
v -0.9 1 -0.3
v -0.9 1.3 -0.3
v -1.6 1.3 -0.4
v -1.6 1.5 -0.4
v -1.5 1.3 -0.4
v -1.5 1.5 -0.4
v -1.4 1.4 -0.4
v -1.4 1.6 -0.4
v -1.3 1.4 -0.4
v -1.3 1.5 -0.4
v -1.3 1.6 -0.4
v -1.2 1.3 -0.4
v -1.2 1.5 -0.4
v -1.2 1.6 -0.4
v -1.2 1.8 -0.4
v -1.2 1.9 -0.4
v -1.1 1.6 -0.4
v -1.1 1.8 -0.4
v -1.1 1.9 -0.4
v -0.9 1.3 -0.4
v -0.9 1.6 -0.4
v -1.3 1.3 -0.5
v -1.3 1.4 -0.5
v -1.2 1.3 -0.5
v -1.2 1.4 -0.5
v -0.2 2 -0.7
v -0.2 2.2 -0.7
v -0.1 2.1 -0.7
v -0.1 2.2 -0.7
v 0.0999999 2 -0.7
v 0.0999999 2.1 -0.7
v 0.2 1.8 -0.7
v 0.2 2 -0.7
v 0.3 1.8 -0.7
v 0.3 2 -0.7
v -0.2 2.2 -0.8
v -0.2 2.4 -0.8
v -0.1 2.2 -0.8
v -0.1 2.3 -0.8
v -0.1 2.4 -0.8
v -0.1 2.5 -0.8
v 0 2.1 -0.8
v 0 2.2 -0.8
v 0 2.3 -0.8
v 0 2.5 -0.8
v 0.0999999 2.1 -0.8
v 0.0999999 2.2 -0.8
v 0.0999999 2.3 -0.8
v 0.2 2.1 -0.8
v 0.2 2.2 -0.8
v 0.3 1.9 -0.8
v 0.3 2 -0.8
v 0.3 2.1 -0.8
v 0.3 2.2 -0.8
v 0.3 2.3 -0.8
v 0.4 1.9 -0.8
v 0.4 2 -0.8
v 0.5 2 -0.8
v 0.5 2.1 -0.8
v -0.2 2.3 0.8
v -0.2 2.4 0.8
v -0.1 2.3 0.8
v -0.1 2.4 0.8
v -0.1 2.5 0.8
v 0 2.1 0.8
v 0 2.2 0.8
v 0 2.3 0.8
v 0 2.5 0.8
v 0.0999999 2.1 0.8
v 0.0999999 2.2 0.8
v 0.0999999 2.3 0.8
v 0.2 2.1 0.8
v 0.2 2.2 0.8
v 0.3 1.9 0.8
v 0.3 2 0.8
v 0.3 2.1 0.8
v 0.3 2.2 0.8
v 0.3 2.3 0.8
v 0.4 1.9 0.8
v 0.4 2 0.8
v 0.5 2 0.8
v 0.5 2.1 0.8
v -0.2 2 0.7
v -0.2 2.3 0.7
v -0.1 2.1 0.7
v -0.1 2.3 0.7
v 0.0999999 2 0.7
v 0.0999999 2.1 0.7
v 0.2 1.8 0.7
v 0.2 2 0.7
v 0.3 1.8 0.7
v 0.3 2 0.7
v -1.4 1.4 0.6
v -1.4 1.5 0.6
v -1.3 1.4 0.6
v -1.3 1.5 0.6
v -1.4 1.3 0.5
v -1.4 1.4 0.5
v -1.3 1.3 0.5
v -1.3 1.4 0.5
v -1.6 1.3 0.4
v -1.6 1.5 0.4
v -1.5 1.3 0.4
v -1.5 1.5 0.4
v -1.2 1.3 0.4
v -1.2 1.5 0.4
v -1.2 1.6 0.4
v -1.2 1.8 0.4
v -1.2 1.9 0.4
v -1.1 1.6 0.4
v -1.1 1.8 0.4
v -1.1 1.9 0.4
v -0.9 1.3 0.4
v -0.9 1.6 0.4
v 1.7 2.3 0.4
v 1.7 2.4 0.4
v 1.7 2.5 0.4
v 1.8 2.3 0.4
v 1.8 2.4 0.4
v 1.9 2.4 0.4
v 1.9 2.5 0.4
v -1.7 1.2 0.3
v -1.7 1.3 0.3
v -1.5 1.1 0.3
v -1.5 1.2 0.3
v -1.4 1.4 0.3
v -1.4 1.5 0.3
v -1.3 1.4 0.3
v -1.3 1.5 0.3
v -1.2 1.7 0.3
v -1.2 1.8 0.3
v -1.1 1 0.3
v -1.1 1.1 0.3
v -1.1 1.7 0.3
v -1.1 1.8 0.3
v -0.9 1 0.3
v -0.9 1.3 0.3
v 1.5 2.2 0.3
v 1.5 2.3 0.3
v 1.6 2.3 0.3
v 1.6 2.4 0.3
v 1.7 2.2 0.3
v 1.7 2.4 0.3
v -1.9 1.3 0.2
v -1.9 1.5 0.2
v -1.8 1.3 0.2
v -1.8 1.4 0.2
v -1.8 1.5 0.2
v -1.7 1.3 0.2
v -1.7 1.4 0.2
v -1.2 1 0.2
v -1.2 1.1 0.2
v -1.1 1 0.2
v -1.1 1.1 0.2
v 1.4 2.2 0.2
v 1.4 2.3 0.2
v 1.5 2.2 0.2
v 1.5 2.3 0.2
v -1.6 1.4 0.1
v -1.6 1.5 0.1
v -1.5 1.4 0.1
v -1.5 1.5 0.1
v -1.5 1.6 0.1
v -1.4 1.5 0.1
v -1.4 1.6 0.1
v 1.3 2.1 0.1
v 1.3 2.2 0.1
v 1.4 2.1 0.1
v 1.5 2.1 0.1
v 1.5 2.2 0.1
v -2.3 2 0
v -2.3 2.1 0
v -2.2 2 0
v -2.2 2.1 0
v -2.2 2.2 0
v -2.1 2.1 0
v -2.1 2.2 0
v -2 1.4 0
v -2 1.5 0
v -1.9 1.2 0
v -1.9 1.4 0
v -1.9 1.5 0
v -1.8 1.2 0
v -1.8 1.3 0
v -1.8 1.4 0
v -1.7 2.4 0
v -1.7 2.5 0
v -1.6 2.2 0
v -1.6 2.3 0
v -1.6 2.4 0
v -1.5 2.1 0
v -1.5 2.2 0
v -1.5 2.3 0
v -1.5 2.4 0
v -1.5 2.5 0
v -1.4 2 0
v -1.4 2.1 0
v -1.4 2.2 0
v -1.3 1.9 0
v -1.3 2 0
v -1.3 2.1 0
v -1.2 1.9 0
v -1.2 2 0
v -1.2 2.1 0
v -1.1 2 0
v -1.1 2.1 0
v 1.1 2 0
v 1.1 2.1 0
v 1.2 1.7 0
v 1.2 1.8 0
v 1.2 2 0
v 1.3 1.6 0
v 1.3 1.7 0
v 1.3 2 0
v 1.3 2.1 0
v 1.4 1.7 0
v 1.4 1.8 0
v 1.4 1.9 0
v 1.4 2 0
v 1.5 1.5 0
v 1.5 1.6 0
v 1.5 1.9 0
v 1.5 2 0
v 1.5 2.1 0
v 1.6 1.4 0
v 1.6 1.5 0
v 1.6 1.6 0
v 1.6 1.7 0
v 1.6 1.9 0
v 1.6 2 0
v 1.7 1.2 0
v 1.7 1.4 0
v 1.7 1.5 0
v 1.7 1.6 0
v 1.7 2.1 0
v 1.7 2.2 0
v 1.8 1.3 0
v 1.8 1.5 0
v 1.8 2 0
v 1.8 2.1 0
v 1.9 1.2 0
v 1.9 1.3 0
v 1.9 2.2 0
v 1.9 2.3 0
v 2 2.1 0
v 2 2.2 0
v 2 2.3 0
v 2 2.4 0
v 2.1 2.2 0
v 2.1 2.4 0
v -2.3 1.9 -0.1
v -2.3 2 -0.1
v -2.2 2 -0.1
v -2.2 2.1 -0.1
v -2.1 1.9 -0.1
v -2.1 2 -0.1
v -2.1 2.1 -0.1
v -2.1 2.2 -0.1
v -2 2 -0.1
v -2 2.1 -0.1
v -2 2.2 -0.1
v -2 2.3 -0.1
v -1.9 2.1 -0.1
v -1.9 2.2 -0.1
v -1.9 2.3 -0.1
v -1.9 2.4 -0.1
v -1.8 2.2 -0.1
v -1.8 2.3 -0.1
v -1.7 2.3 -0.1
v -1.7 2.4 -0.1
v -1.6 2.3 -0.1
v -1.6 2.4 -0.1
v -1.5 2.2 -0.1
v -1.5 2.3 -0.1
v -1.5 2.4 -0.1
v -1.4 2.1 -0.1
v -1.4 2.2 -0.1
v -1.3 2 -0.1
v -1.3 2.1 -0.1
v -1.3 2.2 -0.1
v -1.3 2.3 -0.1
v -1.2 2 -0.1
v -1.2 2.1 -0.1
v -1.1 2 -0.1
v -1.1 2.1 -0.1
v -1.1 2.2 -0.1
v -1 2 -0.1
v -1 2.1 -0.1
v 0.4 0.7 -0.1
v 0.4 0.8 -0.1
v 0.5 0.7 -0.1
v 0.5 0.8 -0.1
v 1 1.1 -0.1
v 1 1.2 -0.1
v 1.1 1.1 -0.1
v 1.1 1.2 -0.1
v 1.2 1.4 -0.1
v 1.2 1.5 -0.1
v 1.2 1.8 -0.1
v 1.2 2 -0.1
v 1.3 1.4 -0.1
v 1.3 1.5 -0.1
v 1.3 2 -0.1
v 1.4 1.8 -0.1
v 1.4 1.9 -0.1
v 1.4 2 -0.1
v -1.7 0.9 -0.2
v -1.7 1 -0.2
v -1.7 1.2 -0.2
v -1.7 1.3 -0.2
v -1.6 0.9 -0.2
v -1.6 1 -0.2
v -1.6 1.2 -0.2
v -1.6 1.3 -0.2
v -1.6 1.4 -0.2
v -1.6 1.5 -0.2
v -1.5 1.4 -0.2
v -1.5 1.5 -0.2
v -1.5 1.6 -0.2
v -1.4 1.5 -0.2
v -1.4 1.6 -0.2
v -1.2 1.6 -0.2
v -1.2 2 -0.2
v -1.1 1.6 -0.2
v -1.1 2 -0.2
v 0.8 1 -0.2
v 0.8 1.1 -0.2
v 0.9 1 -0.2
v 0.9 1.1 -0.2
v 1.1 1.6 -0.2
v 1.1 2 -0.2
v 1.2 1.6 -0.2
v 1.2 2 -0.2
v 1.3 2 -0.2
v 1.3 2.1 -0.2
v 1.4 1.8 -0.2
v 1.4 1.9 -0.2
v 1.4 2.1 -0.2
v 1.4 2.2 -0.2
v 1.5 2 -0.2
v 1.5 2.1 -0.2
v 1.6 1.7 -0.2
v 1.6 1.8 -0.2
v 1.6 2.2 -0.2
v 1.6 2.3 -0.2
v 1.7 1.6 -0.2
v 1.7 1.7 -0.2
v 1.7 1.8 -0.2
v 1.7 1.9 -0.2
v 1.7 2.1 -0.2
v 1.7 2.2 -0.2
v 1.8 1.7 -0.2
v 1.8 1.8 -0.2
v 1.8 2.2 -0.2
v 1.8 2.3 -0.2
v 1.9 1.5 -0.2
v 1.9 1.6 -0.2
v 2 1.6 -0.2
v 2 1.7 -0.2
v 2.1 1.5 -0.2
v 2.1 1.6 -0.2
v -1.9 1.3 -0.3
v -1.9 1.5 -0.3
v -1.8 1.1 -0.3
v -1.8 1.3 -0.3
v -1.8 1.4 -0.3
v -1.8 1.5 -0.3
v -1.7 1 -0.3
v -1.7 1.1 -0.3
v -1.7 1.3 -0.3
v -1.7 1.4 -0.3
v -1.6 0.9 -0.3
v -1.6 1 -0.3
v -1.6 1.1 -0.3
v -1.5 0.9 -0.3
v -1.5 1 -0.3
v -1.4 1.5 -0.3
v -1.4 1.6 -0.3
v -1.3 1.5 -0.3
v -1.3 1.6 -0.3
v -1.1 0.7 -0.3
v -1.1 0.9 -0.3
v -1 0.7 -0.3
v -1 0.9 -0.3
v 1.1 1.2 -0.3
v 1.1 1.3 -0.3
v 1.2 1.2 -0.3
v 1.2 1.3 -0.3
v 1.2 1.5 -0.3
v 1.2 1.6 -0.3
v 1.3 1.5 -0.3
v 1.3 1.6 -0.3
v 1.8 2.2 -0.3
v 1.8 2.4 -0.3
v 1.9 2.2 -0.3
v 1.9 2.3 -0.3
v 1.9 2.4 -0.3
v 1.9 2.5 -0.3
v 2 2.3 -0.3
v 2 2.5 -0.3
v -1.7 1.1 -0.4
v -1.7 1.3 -0.4
v -1.6 1 -0.4
v -1.6 1.1 -0.4
v -1.6 1.2 -0.4
v -1.6 1.3 -0.4
v -1.5 0.9 -0.4
v -1.5 1 -0.4
v -1.5 1.1 -0.4
v -1.5 1.2 -0.4
v -1.3 1 -0.4
v -1.3 1.1 -0.4
v -1.2 0.9 -0.4
v -1.2 1 -0.4
v -1.2 1.7 -0.4
v -1.2 1.8 -0.4
v -1.1 1.7 -0.4
v -1.1 1.8 -0.4
v -1 0.7 -0.4
v -1 0.9 -0.4
v -0.9 0.7 -0.4
v -0.9 0.9 -0.4
v 0.5 0.8 -0.4
v 0.5 0.9 -0.4
v 0.6 0.8 -0.4
v 0.6 0.9 -0.4
v 0.9 1.1 -0.4
v 0.9 1.2 -0.4
v 1 1.1 -0.4
v 1 1.2 -0.4
v -1.6 1.2 -0.5
v -1.6 1.5 -0.5
v -1.5 1.1 -0.5
v -1.5 1.2 -0.5
v -1.5 1.3 -0.5
v -1.5 1.5 -0.5
v -1.4 1.4 -0.5
v -1.4 1.6 -0.5
v -1.3 1 -0.5
v -1.3 1.1 -0.5
v -1.3 1.2 -0.5
v -1.3 1.3 -0.5
v -1.3 1.4 -0.5
v -1.3 1.5 -0.5
v -1.3 1.6 -0.5
v -1.2 1 -0.5
v -1.2 1.2 -0.5
v -1.2 1.5 -0.5
v -1.2 1.6 -0.5
v -1.2 1.8 -0.5
v -1.2 1.9 -0.5
v -1.1 1.6 -0.5
v -1.1 1.8 -0.5
v -1.1 1.9 -0.5
v -1.1 2 -0.5
v -0.9 0.7 -0.5
v -0.9 0.9 -0.5
v -0.7 0.7 -0.5
v -0.7 0.9 -0.5
v -0.7 1.6 -0.5
v -0.7 2 -0.5
v 0.6 0.9 -0.5
v 0.6 1 -0.5
v 0.7 0.9 -0.5
v 0.7 1 -0.5
v 0.7 1.6 -0.5
v 0.7 2 -0.5
v 1 1.2 -0.5
v 1 1.3 -0.5
v 1.1 1.2 -0.5
v 1.1 1.3 -0.5
v 1.1 1.4 -0.5
v 1.1 1.6 -0.5
v 1.1 2 -0.5
v 1.2 1.3 -0.5
v 1.2 1.4 -0.5
v -1.3 1.2 -0.6
v -1.3 1.4 -0.6
v -1.2 0.9 -0.6
v -1.2 1.2 -0.6
v -1.2 1.4 -0.6
v -1.2 1.6 -0.6
v -1.1 0.9 -0.6
v -1.1 1.6 -0.6
v -0.7 0.7 -0.6
v -0.7 0.9 -0.6
v -0.7 1.6 -0.6
v -0.7 2 -0.6
v -0.4 1.6 -0.6
v -0.4 1.7 -0.6
v -0.3 1.6 -0.6
v -0.3 1.7 -0.6
v -0.3 1.9 -0.6
v -0.2 1.6 -0.6
v -0.2 1.7 -0.6
v -0.2 1.9 -0.6
v -0.2 2 -0.6
v 0.2 1.6 -0.6
v 0.2 2 -0.6
v 0.4 0.7 -0.6
v 0.4 0.8 -0.6
v 0.5 0.8 -0.6
v 0.5 0.9 -0.6
v 0.7 1 -0.6
v 0.7 1.1 -0.6
v 0.7 1.6 -0.6
v 0.7 2 -0.6
v 0.8 1 -0.6
v 0.8 1.1 -0.6
v 0.8 1.2 -0.6
v 0.9 1.1 -0.6
v 0.9 1.2 -0.6
v 1.1 1.4 -0.6
v 1.1 1.6 -0.6
v 1.2 1.4 -0.6
v 1.2 1.6 -0.6
v -1.1 0.9 -0.7
v -1.1 1.6 -0.7
v -0.5 0.9 -0.7
v -0.5 1.6 -0.7
v -0.4 1.6 -0.7
v -0.4 1.7 -0.7
v -0.3 1.6 -0.7
v -0.3 1.7 -0.7
v -0.3 1.8 -0.7
v -0.3 1.9 -0.7
v -0.2 1.6 -0.7
v -0.2 1.7 -0.7
v -0.2 1.8 -0.7
v -0.2 1.9 -0.7
v -0.1 1.7 -0.7
v -0.1 1.8 -0.7
v 0 1.9 -0.7
v 0 2 -0.7
v 0.0999999 2 -0.7
v 0.2 1.6 -0.7
v 0.2 1.8 -0.7
v 0.2 1.9 -0.7
v 0.2 2 -0.7
v 0.5 0.9 -0.7
v 0.5 1.6 -0.7
v 0.6 0.9 -0.7
v 0.6 1 -0.7
v 0.7 1 -0.7
v 0.7 1.1 -0.7
v 0.8 1.1 -0.7
v 0.8 1.2 -0.7
v 1 1.2 -0.7
v 1 1.3 -0.7
v 1.1 1.3 -0.7
v 1.1 1.6 -0.7
v -0.5 0.9 -0.8
v -0.5 1.6 -0.8
v -0.3 1.7 -0.8
v -0.3 1.8 -0.8
v -0.2 1.8 -0.8
v -0.2 2.2 -0.8
v -0.1 1.7 -0.8
v -0.1 1.8 -0.8
v -0.1 2.1 -0.8
v -0.1 2.2 -0.8
v 0 1.9 -0.8
v 0 2 -0.8
v 0 2.1 -0.8
v 0.0999999 2 -0.8
v 0.0999999 2.1 -0.8
v 0.2 1.9 -0.8
v 0.2 2 -0.8
v 0.3 1.8 -0.8
v 0.3 1.9 -0.8
v 0.3 2 -0.8
v 0.5 0.9 -0.8
v 0.5 1.6 -0.8
v -0.2 2.2 -0.9
v -0.2 2.4 -0.9
v -0.1 2.2 -0.9
v -0.1 2.3 -0.9
v -0.1 2.4 -0.9
v -0.1 2.5 -0.9
v 0 2.1 -0.9
v 0 2.2 -0.9
v 0 2.3 -0.9
v 0 2.5 -0.9
v 0.0999999 2.2 -0.9
v 0.0999999 2.3 -0.9
v 0.2 2.1 -0.9
v 0.2 2.2 -0.9
v 0.3 1.9 -0.9
v 0.3 2.1 -0.9
v 0.3 2.2 -0.9
v 0.3 2.3 -0.9
v 0.4 1.9 -0.9
v 0.4 2 -0.9
v 0.5 2 -0.9
v 0.5 2.1 -0.9
v -0.7 0.7 0.6
v 0.4 0.7 0.6
v -0.9 0.7 0.5
v -0.7 0.7 0.5
v -1 0.7 0.4
v -0.9 0.7 0.4
v -1.1 0.7 0.3
v -1 0.7 0.3
v 0.4 0.7 0.1
v 0.5 0.7 0.1
v 0.4 0.7 -0.1
v 0.5 0.7 -0.1
v -1.1 0.7 -0.3
v -1 0.7 -0.3
v -1 0.7 -0.4
v -0.9 0.7 -0.4
v -0.9 0.7 -0.5
v -0.7 0.7 -0.5
v -0.7 0.7 -0.6
v 0.4 0.7 -0.6
v 0.4 0.8 0.6
v 0.5 0.8 0.6
v 0.5 0.8 0.4
v 0.6 0.8 0.4
v 0.4 0.8 0.1
v 0.5 0.8 0.1
v 0.4 0.8 -0.1
v 0.5 0.8 -0.1
v 0.5 0.8 -0.4
v 0.6 0.8 -0.4
v 0.4 0.8 -0.6
v 0.5 0.8 -0.6
v -0.5 0.9 0.8
v 0.5 0.9 0.8
v -1.1 0.9 0.7
v -0.5 0.9 0.7
v 0.5 0.9 0.7
v 0.6 0.9 0.7
v -1.2 0.9 0.6
v -1.1 0.9 0.6
v -0.7 0.9 0.6
v 0.5 0.9 0.6
v -0.9 0.9 0.5
v -0.7 0.9 0.5
v 0.6 0.9 0.5
v 0.7 0.9 0.5
v -1.5 0.9 0.4
v -1.2 0.9 0.4
v -1 0.9 0.4
v -0.9 0.9 0.4
v 0.5 0.9 0.4
v 0.6 0.9 0.4
v -1.6 0.9 0.3
v -1.5 0.9 0.3
v -1.1 0.9 0.3
v -1 0.9 0.3
v -1.7 0.9 0.2
v -1.6 0.9 0.2
v -1.7 0.9 -0.2
v -1.6 0.9 -0.2
v -1.6 0.9 -0.3
v -1.5 0.9 -0.3
v -1.1 0.9 -0.3
v -1 0.9 -0.3
v -1.5 0.9 -0.4
v -1.2 0.9 -0.4
v -1 0.9 -0.4
v -0.9 0.9 -0.4
v 0.5 0.9 -0.4
v 0.6 0.9 -0.4
v -0.9 0.9 -0.5
v -0.7 0.9 -0.5
v 0.6 0.9 -0.5
v 0.7 0.9 -0.5
v -1.2 0.9 -0.6
v -1.1 0.9 -0.6
v -0.7 0.9 -0.6
v 0.5 0.9 -0.6
v -1.1 0.9 -0.7
v -0.5 0.9 -0.7
v 0.5 0.9 -0.7
v 0.6 0.9 -0.7
v -0.5 0.9 -0.8
v 0.5 0.9 -0.8
v 0.6 1 0.7
v 0.7 1 0.7
v 0.7 1 0.6
v 0.8 1 0.6
v -1.3 1 0.5
v -1.2 1 0.5
v 0.6 1 0.5
v 0.7 1 0.5
v -1.6 1 0.4
v -1.5 1 0.4
v -1.3 1 0.4
v -1.2 1 0.4
v -1.7 1 0.3
v -1.6 1 0.3
v -1.5 1 0.3
v -1.7 1 0.2
v -1.6 1 0.2
v 0.8 1 0.2
v 0.9 1 0.2
v -1.7 1 -0.2
v -1.6 1 -0.2
v 0.8 1 -0.2
v 0.9 1 -0.2
v -1.7 1 -0.3
v -1.6 1 -0.3
v -1.5 1 -0.3
v -1.6 1 -0.4
v -1.5 1 -0.4
v -1.3 1 -0.4
v -1.2 1 -0.4
v -1.3 1 -0.5
v -1.2 1 -0.5
v 0.6 1 -0.5
v 0.7 1 -0.5
v 0.7 1 -0.6
v 0.8 1 -0.6
v 0.6 1 -0.7
v 0.7 1 -0.7
v 0.7 1.1 0.7
v 0.8 1.1 0.7
v 0.7 1.1 0.6
v 0.8 1.1 0.6
v 0.9 1.1 0.6
v -1.5 1.1 0.5
v -1.3 1.1 0.5
v -1.7 1.1 0.4
v -1.6 1.1 0.4
v -1.5 1.1 0.4
v -1.3 1.1 0.4
v 0.9 1.1 0.4
v 1 1.1 0.4
v -1.8 1.1 0.3
v -1.7 1.1 0.3
v -1.6 1.1 0.3
v 0.8 1.1 0.2
v 0.9 1.1 0.2
v 1 1.1 0.1
v 1.1 1.1 0.1
v 1 1.1 -0.1
v 1.1 1.1 -0.1
v -1.8 1.1 -0.2
v -1.7 1.1 -0.2
v 0.8 1.1 -0.2
v 0.9 1.1 -0.2
v -1.8 1.1 -0.3
v -1.7 1.1 -0.3
v -1.6 1.1 -0.3
v -1.7 1.1 -0.4
v -1.6 1.1 -0.4
v -1.5 1.1 -0.4
v -1.3 1.1 -0.4
v 0.9 1.1 -0.4
v 1 1.1 -0.4
v -1.5 1.1 -0.5
v -1.3 1.1 -0.5
v 0.7 1.1 -0.6
v 0.8 1.1 -0.6
v 0.9 1.1 -0.6
v 0.7 1.1 -0.7
v 0.8 1.1 -0.7
v 0.8 1.2 0.7
v 1 1.2 0.7
v -1.4 1.2 0.6
v -1.3 1.2 0.6
v 0.8 1.2 0.6
v 0.9 1.2 0.6
v -1.6 1.2 0.5
v -1.5 1.2 0.5
v -1.4 1.2 0.5
v -1.3 1.2 0.5
v 1 1.2 0.5
v 1.1 1.2 0.5
v -1.6 1.2 0.4
v -1.5 1.2 0.4
v 0.9 1.2 0.4
v 1 1.2 0.4
v 1.1 1.2 0.3
v 1.2 1.2 0.3
v -1.9 1.2 0.1
v -1.8 1.2 0.1
v 1 1.2 0.1
v 1.1 1.2 0.1
v 1.7 1.2 0.1
v 1.9 1.2 0.1
v -1.9 1.2 0
v -1.8 1.2 0
v 1.7 1.2 0
v 1.9 1.2 0
v 1 1.2 -0.1
v 1.1 1.2 -0.1
v 1.1 1.2 -0.3
v 1.2 1.2 -0.3
v -1.6 1.2 -0.4
v -1.5 1.2 -0.4
v 0.9 1.2 -0.4
v 1 1.2 -0.4
v -1.6 1.2 -0.5
v -1.5 1.2 -0.5
v -1.3 1.2 -0.5
v -1.2 1.2 -0.5
v 1 1.2 -0.5
v 1.1 1.2 -0.5
v -1.3 1.2 -0.6
v -1.2 1.2 -0.6
v 0.8 1.2 -0.6
v 0.9 1.2 -0.6
v 0.8 1.2 -0.7
v 1 1.2 -0.7
v 1 1.3 0.7
v 1.1 1.3 0.7
v 1 1.3 0.5
v 1.1 1.3 0.5
v 1.2 1.3 0.5
v -1.9 1.3 0.3
v -1.8 1.3 0.3
v 1.1 1.3 0.3
v 1.2 1.3 0.3
v -1.9 1.3 0.2
v -1.8 1.3 0.2
v -1.9 1.3 -0.2
v -1.8 1.3 -0.2
v -1.9 1.3 -0.3
v -1.8 1.3 -0.3
v 1.1 1.3 -0.3
v 1.2 1.3 -0.3
v 1 1.3 -0.5
v 1.1 1.3 -0.5
v 1.2 1.3 -0.5
v 1 1.3 -0.7
v 1.1 1.3 -0.7
v -1.4 1.4 0.7
v -1.3 1.4 0.7
v -1.4 1.4 0.6
v -1.3 1.4 0.6
v 1.1 1.4 0.6
v 1.2 1.4 0.6
v 1.1 1.4 0.5
v 1.2 1.4 0.5
v -1.4 1.4 0.4
v -1.3 1.4 0.4
v -1.4 1.4 0.3
v -1.3 1.4 0.3
v -1.6 1.4 0.2
v -1.5 1.4 0.2
v -2 1.4 0.1
v -1.9 1.4 0.1
v -1.6 1.4 0.1
v -1.5 1.4 0.1
v 1.2 1.4 0.1
v 1.3 1.4 0.1
v 1.6 1.4 0.1
v 1.7 1.4 0.1
v -2 1.4 0
v -1.9 1.4 0
v 1.6 1.4 0
v 1.7 1.4 0
v -1.6 1.4 -0.1
v -1.5 1.4 -0.1
v 1.2 1.4 -0.1
v 1.3 1.4 -0.1
v -1.6 1.4 -0.2
v -1.5 1.4 -0.2
v -1.4 1.4 -0.4
v -1.3 1.4 -0.4
v -1.4 1.4 -0.5
v -1.3 1.4 -0.5
v 1.1 1.4 -0.5
v 1.2 1.4 -0.5
v 1.1 1.4 -0.6
v 1.2 1.4 -0.6
v -1.3 1.5 0.5
v -1.2 1.5 0.5
v -1.3 1.5 0.4
v -1.2 1.5 0.4
v -1.4 1.5 0.3
v -1.3 1.5 0.3
v 1.2 1.5 0.3
v 1.3 1.5 0.3
v -1.5 1.5 0.2
v -1.4 1.5 0.2
v -1.5 1.5 0.1
v -1.4 1.5 0.1
v 1.2 1.5 0.1
v 1.3 1.5 0.1
v 1.5 1.5 0.1
v 1.6 1.5 0.1
v 1.5 1.5 0
v 1.6 1.5 0
v -1.5 1.5 -0.1
v -1.4 1.5 -0.1
v 1.2 1.5 -0.1
v 1.3 1.5 -0.1
v 1.9 1.5 -0.1
v 2.1 1.5 -0.1
v -1.5 1.5 -0.2
v -1.4 1.5 -0.2
v 1.9 1.5 -0.2
v 2.1 1.5 -0.2
v -1.4 1.5 -0.3
v -1.3 1.5 -0.3
v 1.2 1.5 -0.3
v 1.3 1.5 -0.3
v -1.3 1.5 -0.4
v -1.2 1.5 -0.4
v -1.3 1.5 -0.5
v -1.2 1.5 -0.5
v -1.1 1.6 0.4
v -0.9 1.6 0.4
v -1.2 1.6 0.2
v -1.1 1.6 0.2
v 1.3 1.6 0.1
v 1.5 1.6 0.1
v 1.3 1.6 0
v 1.5 1.6 0
v 1.7 1.6 -0.1
v 1.9 1.6 -0.1
v -1.2 1.6 -0.2
v -1.1 1.6 -0.2
v 1.7 1.6 -0.2
v 1.9 1.6 -0.2
v -1.1 1.6 -0.4
v -0.9 1.6 -0.4
v -0.3 1.7 0.7
v -0.2 1.7 0.7
v -0.3 1.7 0.6
v -0.2 1.7 0.6
v -1.2 1.7 0.4
v -1.1 1.7 0.4
v -1.2 1.7 0.3
v -1.1 1.7 0.3
v 1.2 1.7 0.1
v 1.3 1.7 0.1
v 1.2 1.7 0
v 1.3 1.7 0
v 1.6 1.7 -0.1
v 1.7 1.7 -0.1
v 1.6 1.7 -0.2
v 1.7 1.7 -0.2
v -1.2 1.7 -0.3
v -1.1 1.7 -0.3
v -1.2 1.7 -0.4
v -1.1 1.7 -0.4
v -0.3 1.7 -0.6
v -0.2 1.7 -0.6
v -0.3 1.7 -0.7
v -0.2 1.7 -0.7
v -0.1 1.7 -0.7
v -0.3 1.7 -0.8
v -0.1 1.7 -0.8
v -0.2 1.8 0.8
v -0.1 1.8 0.8
v 0 1.8 0.8
v 0.3 1.8 0.8
v -0.2 1.8 0.7
v -0.1 1.8 0.7
v 0 1.8 0.7
v 0.2 1.8 0.7
v 0.3 1.8 0.7
v -1.2 1.8 0.5
v -1.1 1.8 0.5
v -1.2 1.8 0.4
v -1.1 1.8 0.4
v 1.4 1.8 0.1
v 1.5 1.8 0.1
v 1.2 1.8 0
v 1.4 1.8 0
v 1.2 1.8 -0.1
v 1.4 1.8 -0.1
v 1.5 1.8 -0.1
v 1.6 1.8 -0.1
v 1.4 1.8 -0.2
v 1.6 1.8 -0.2
v -1.2 1.8 -0.4
v -1.1 1.8 -0.4
v -1.2 1.8 -0.5
v -1.1 1.8 -0.5
v -0.1 1.8 -0.7
v 0.2 1.8 -0.7
v 0.3 1.8 -0.7
v -0.1 1.8 -0.8
v 0.3 1.8 -0.8
v 0.3 1.9 0.9
v 0.4 1.9 0.9
v -0.1 1.9 0.8
v 0 1.9 0.8
v 0.3 1.9 0.8
v 0.4 1.9 0.8
v -0.1 1.9 0.7
v 0 1.9 0.7
v -2.3 1.9 0.1
v -2.2 1.9 0.1
v -1.3 1.9 0.1
v -1.2 1.9 0.1
v 1.5 1.9 0.1
v 1.6 1.9 0.1
v -2.2 1.9 0
v -2.1 1.9 0
v -1.3 1.9 0
v -1.2 1.9 0
v 1.5 1.9 0
v 1.6 1.9 0
v -2.3 1.9 -0.1
v -2.1 1.9 -0.1
v 0.3 1.9 -0.8
v 0.4 1.9 -0.8
v 0.3 1.9 -0.9
v 0.4 1.9 -0.9
v 0.4 2 0.9
v 0.5 2 0.9
v 0 2 0.8
v 0.0999999 2 0.8
v 0.4 2 0.8
v 0.5 2 0.8
v 0 2 0.7
v 0.0999999 2 0.7
v 1.3 2 0.2
v 1.4 2 0.2
v -2.2 2 0.1
v -2 2 0.1
v -1.4 2 0.1
v -1.3 2 0.1
v 1.3 2 0.1
v 1.4 2 0.1
v 1.6 2 0.1
v 1.8 2 0.1
v -2.2 2 0
v -2.1 2 0
v -1.4 2 0
v -1.3 2 0
v -1.2 2 0
v 1.3 2 0
v 1.4 2 0
v 1.6 2 0
v 1.8 2 0
v -2.1 2 -0.1
v -2 2 -0.1
v -1.3 2 -0.1
v -1.2 2 -0.1
v 1.3 2 -0.1
v 1.4 2 -0.1
v 1.5 2 -0.1
v 1.3 2 -0.2
v 1.5 2 -0.2
v 0 2 -0.7
v 0.0999999 2 -0.7
v 0 2 -0.8
v 0.0999999 2 -0.8
v 0.4 2 -0.8
v 0.5 2 -0.8
v 0.4 2 -0.9
v 0.5 2 -0.9
v 0 2.1 0.9
v 0.2 2.1 0.9
v 0 2.1 0.8
v 0.0999999 2.1 0.8
v 0.2 2.1 0.8
v 1.4 2.1 0.3
v 1.5 2.1 0.3
v 1.4 2.1 0.2
v -1.5 2.1 0.1
v -1.4 2.1 0.1
v 1.4 2.1 0.1
v 1.5 2.1 0.1
v 1.8 2.1 0.1
v 2 2.1 0.1
v -2 2.1 0
v -1.9 2.1 0
v -1.5 2.1 0
v -1.4 2.1 0
v -1.3 2.1 0
v -1.2 2.1 0
v -1.1 2.1 0
v 1.8 2.1 0
v 2 2.1 0
v -2 2.1 -0.1
v -1.9 2.1 -0.1
v -1.4 2.1 -0.1
v -1.3 2.1 -0.1
v -1.2 2.1 -0.1
v -1.1 2.1 -0.1
v 1.5 2.1 -0.1
v 1.7 2.1 -0.1
v 1.5 2.1 -0.2
v 1.7 2.1 -0.2
v 0 2.1 -0.8
v 0.0999999 2.1 -0.8
v 0.2 2.1 -0.8
v 0 2.1 -0.9
v 0.2 2.1 -0.9
v -0.2 2.2 0.9
v -0.1 2.2 0.9
v 0.2 2.2 0.9
v 0.3 2.2 0.9
v -0.2 2.2 0.8
v -0.1 2.2 0.8
v 0.2 2.2 0.8
v 0.3 2.2 0.8
v 1.4 2.2 0.4
v 1.7 2.2 0.4
v 1.4 2.2 0.3
v 1.5 2.2 0.3
v 1.7 2.2 0.3
v -1.9 2.2 0.1
v -1.8 2.2 0.1
v -1.6 2.2 0.1
v -1.5 2.2 0.1
v 2 2.2 0.1
v 2.1 2.2 0.1
v -1.9 2.2 0
v -1.6 2.2 0
v -1.5 2.2 0
v -1.4 2.2 0
v 2 2.2 0
v 2.1 2.2 0
v -1.9 2.2 -0.1
v -1.8 2.2 -0.1
v -1.5 2.2 -0.1
v -1.4 2.2 -0.1
v 1.7 2.2 -0.1
v 1.9 2.2 -0.1
v 1.7 2.2 -0.2
v 1.8 2.2 -0.2
v 1.8 2.2 -0.3
v 1.9 2.2 -0.3
v -0.2 2.2 -0.8
v -0.1 2.2 -0.8
v 0.2 2.2 -0.8
v 0.3 2.2 -0.8
v -0.2 2.2 -0.9
v -0.1 2.2 -0.9
v 0.2 2.2 -0.9
v 0.3 2.2 -0.9
v -0.1 2.3 0.9
v 0 2.3 0.9
v -0.1 2.3 0.8
v 0 2.3 0.8
v 1.6 2.3 0.5
v 1.8 2.3 0.5
v 1.6 2.3 0.4
v 1.7 2.3 0.4
v 1.8 2.3 0.4
v -1.8 2.3 0.1
v -1.7 2.3 0.1
v -1.6 2.3 0
v -1.5 2.3 0
v -1.8 2.3 -0.1
v -1.7 2.3 -0.1
v -1.6 2.3 -0.1
v -1.5 2.3 -0.1
v 1.9 2.3 -0.2
v 2 2.3 -0.2
v 1.9 2.3 -0.3
v 2 2.3 -0.3
v -0.1 2.3 -0.8
v 0 2.3 -0.8
v -0.1 2.3 -0.9
v 0 2.3 -0.9
v 1.8 2.4 0.5
v 1.9 2.4 0.5
v 1.8 2.4 0.4
v 1.9 2.4 0.4
v -1.7 2.4 0.1
v -1.6 2.4 0.1
v -1.7 2.4 0
v -1.6 2.4 0
v -1.1 1 0.3
v -0.9 1 0.3
v -1.2 1 0.2
v -1.1 1 0.2
v -1.2 1 -0.2
v -1.1 1 -0.2
v -1.1 1 -0.3
v -0.9 1 -0.3
v -1.5 1.1 0.3
v -1.1 1.1 0.3
v -1.2 1.1 0.2
v -1.1 1.1 0.2
v -1.2 1.1 -0.2
v -1.1 1.1 -0.2
v -1.5 1.1 -0.3
v -1.1 1.1 -0.3
v -1.7 1.2 0.3
v -1.5 1.2 0.3
v -1.7 1.2 0.2
v -1.6 1.2 0.2
v -1.7 1.2 -0.2
v -1.6 1.2 -0.2
v -1.7 1.2 -0.3
v -1.5 1.2 -0.3
v -1.5 1.3 0.5
v -1.4 1.3 0.5
v -1.3 1.3 0.5
v -1.2 1.3 0.5
v -1.7 1.3 0.4
v -1.6 1.3 0.4
v -1.5 1.3 0.4
v -1.2 1.3 0.4
v -0.9 1.3 0.4
v -1.7 1.3 0.3
v -0.9 1.3 0.3
v -1.8 1.3 0.2
v -1.7 1.3 0.2
v -1.6 1.3 0.2
v -1.8 1.3 0.1
v 1.8 1.3 0.1
v 1.9 1.3 0.1
v -1.8 1.3 0
v 1.8 1.3 0
v 1.9 1.3 0
v -1.8 1.3 -0.2
v -1.7 1.3 -0.2
v -1.6 1.3 -0.2
v -1.7 1.3 -0.3
v -1.5 1.3 -0.3
v -1.4 1.3 -0.3
v -0.9 1.3 -0.3
v -1.7 1.3 -0.4
v -1.6 1.3 -0.4
v -1.5 1.3 -0.4
v -1.4 1.3 -0.4
v -1.2 1.3 -0.4
v -0.9 1.3 -0.4
v -1.5 1.3 -0.5
v -1.3 1.3 -0.5
v -1.2 1.3 -0.5
v -1.4 1.4 0.6
v -1.3 1.4 0.6
v -1.4 1.4 0.5
v -1.3 1.4 0.5
v -1.8 1.4 0.3
v -1.7 1.4 0.3
v -1.8 1.4 0.2
v -1.7 1.4 0.2
v -1.9 1.4 0.1
v -1.8 1.4 0.1
v -1.9 1.4 0
v -1.8 1.4 0
v -1.8 1.4 -0.2
v -1.7 1.4 -0.2
v -1.8 1.4 -0.3
v -1.7 1.4 -0.3
v -1.3 1.4 -0.5
v -1.2 1.4 -0.5
v -1.3 1.4 -0.6
v -1.2 1.4 -0.6
v -1.4 1.5 0.7
v -1.3 1.5 0.7
v -1.4 1.5 0.6
v -1.3 1.5 0.6
v -1.6 1.5 0.5
v -1.5 1.5 0.5
v -1.6 1.5 0.4
v -1.5 1.5 0.4
v -1.9 1.5 0.3
v -1.8 1.5 0.3
v -1.9 1.5 0.2
v -1.8 1.5 0.2
v -1.6 1.5 0.2
v -1.5 1.5 0.2
v -2 1.5 0.1
v -1.9 1.5 0.1
v -1.6 1.5 0.1
v -1.5 1.5 0.1
v 1.7 1.5 0.1
v 1.8 1.5 0.1
v -2 1.5 0
v -1.9 1.5 0
v 1.7 1.5 0
v 1.8 1.5 0
v -1.6 1.5 -0.1
v -1.5 1.5 -0.1
v -1.9 1.5 -0.2
v -1.8 1.5 -0.2
v -1.6 1.5 -0.2
v -1.5 1.5 -0.2
v -1.9 1.5 -0.3
v -1.8 1.5 -0.3
v -1.6 1.5 -0.4
v -1.5 1.5 -0.4
v -1.6 1.5 -0.5
v -1.5 1.5 -0.5
v -0.5 1.6 0.8
v 0.5 1.6 0.8
v -1.1 1.6 0.7
v -0.5 1.6 0.7
v -0.4 1.6 0.7
v -0.3 1.6 0.7
v -0.2 1.6 0.7
v 0.2 1.6 0.7
v 0.5 1.6 0.7
v 1.1 1.6 0.7
v -1.2 1.6 0.6
v -1.1 1.6 0.6
v -0.7 1.6 0.6
v -0.4 1.6 0.6
v -0.3 1.6 0.6
v -0.2 1.6 0.6
v 0.2 1.6 0.6
v 0.7 1.6 0.6
v 1.1 1.6 0.6
v 1.2 1.6 0.6
v -1.3 1.6 0.5
v -1.2 1.6 0.5
v -1.1 1.6 0.5
v -0.7 1.6 0.5
v 0.7 1.6 0.5
v 1.1 1.6 0.5
v -1.4 1.6 0.4
v -1.3 1.6 0.4
v -1.2 1.6 0.4
v -1.1 1.6 0.4
v -1.4 1.6 0.3
v -1.3 1.6 0.3
v 1.2 1.6 0.3
v 1.3 1.6 0.3
v -1.5 1.6 0.2
v -1.4 1.6 0.2
v -1.2 1.6 0.2
v 1.1 1.6 0.2
v 1.2 1.6 0.2
v -1.5 1.6 0.1
v -1.4 1.6 0.1
v 1.3 1.6 0.1
v 1.6 1.6 0.1
v 1.7 1.6 0.1
v 1.3 1.6 0
v 1.6 1.6 0
v 1.7 1.6 0
v -1.5 1.6 -0.1
v -1.4 1.6 -0.1
v 2 1.6 -0.1
v 2.1 1.6 -0.1
v -1.5 1.6 -0.2
v -1.4 1.6 -0.2
v -1.2 1.6 -0.2
v 1.1 1.6 -0.2
v 1.2 1.6 -0.2
v 2 1.6 -0.2
v 2.1 1.6 -0.2
v -1.4 1.6 -0.3
v -1.3 1.6 -0.3
v 1.2 1.6 -0.3
v 1.3 1.6 -0.3
v -1.4 1.6 -0.4
v -1.3 1.6 -0.4
v -1.2 1.6 -0.4
v -1.1 1.6 -0.4
v -1.4 1.6 -0.5
v -1.3 1.6 -0.5
v -1.2 1.6 -0.5
v -1.1 1.6 -0.5
v -0.7 1.6 -0.5
v 0.7 1.6 -0.5
v 1.1 1.6 -0.5
v -1.2 1.6 -0.6
v -1.1 1.6 -0.6
v -0.7 1.6 -0.6
v -0.4 1.6 -0.6
v -0.3 1.6 -0.6
v -0.2 1.6 -0.6
v 0.2 1.6 -0.6
v 0.7 1.6 -0.6
v 1.1 1.6 -0.6
v 1.2 1.6 -0.6
v -1.1 1.6 -0.7
v -0.5 1.6 -0.7
v -0.4 1.6 -0.7
v -0.3 1.6 -0.7
v -0.2 1.6 -0.7
v 0.2 1.6 -0.7
v 0.5 1.6 -0.7
v 1.1 1.6 -0.7
v -0.5 1.6 -0.8
v 0.5 1.6 -0.8
v -0.4 1.7 0.7
v -0.3 1.7 0.7
v -0.4 1.7 0.6
v -0.3 1.7 0.6
v 1.4 1.7 0.1
v 1.6 1.7 0.1
v 1.4 1.7 0
v 1.6 1.7 0
v 1.8 1.7 -0.1
v 2 1.7 -0.1
v 1.8 1.7 -0.2
v 2 1.7 -0.2
v -0.4 1.7 -0.6
v -0.3 1.7 -0.6
v -0.4 1.7 -0.7
v -0.3 1.7 -0.7
v -1.2 1.8 0.4
v -1.1 1.8 0.4
v -1.2 1.8 0.3
v -1.1 1.8 0.3
v 1.7 1.8 -0.1
v 1.8 1.8 -0.1
v 1.7 1.8 -0.2
v 1.8 1.8 -0.2
v -1.2 1.8 -0.3
v -1.1 1.8 -0.3
v -1.2 1.8 -0.4
v -1.1 1.8 -0.4
v -0.3 1.8 -0.7
v -0.2 1.8 -0.7
v -0.3 1.8 -0.8
v -0.2 1.8 -0.8
v 0 1.9 0.8
v 0.2 1.9 0.8
v -0.3 1.9 0.7
v -0.2 1.9 0.7
v 0 1.9 0.7
v 0.2 1.9 0.7
v -0.3 1.9 0.6
v -0.2 1.9 0.6
v -1.2 1.9 0.5
v -1.1 1.9 0.5
v -1.2 1.9 0.4
v -1.1 1.9 0.4
v 1.3 1.9 0.1
v 1.4 1.9 0.1
v 1.3 1.9 0
v 1.4 1.9 0
v 1.5 1.9 0
v 1.4 1.9 -0.1
v 1.5 1.9 -0.1
v 1.7 1.9 -0.1
v 1.4 1.9 -0.2
v 1.7 1.9 -0.2
v -1.2 1.9 -0.4
v -1.1 1.9 -0.4
v -1.2 1.9 -0.5
v -1.1 1.9 -0.5
v -0.3 1.9 -0.6
v -0.2 1.9 -0.6
v -0.3 1.9 -0.7
v -0.2 1.9 -0.7
v 0 1.9 -0.7
v 0.2 1.9 -0.7
v 0 1.9 -0.8
v 0.2 1.9 -0.8
v 0.2 2 0.8
v 0.3 2 0.8
v -0.2 2 0.7
v 0.0999999 2 0.7
v 0.2 2 0.7
v 0.3 2 0.7
v -0.7 2 0.6
v -0.2 2 0.6
v 0.2 2 0.6
v 0.7 2 0.6
v -1.1 2 0.5
v -0.7 2 0.5
v 0.7 2 0.5
v 1.1 2 0.5
v -1.2 2 0.2
v -1.1 2 0.2
v 1.1 2 0.2
v 1.2 2 0.2
v -1.2 2 0.1
v -1 2 0.1
v 1.1 2 0.1
v 1.2 2 0.1
v 1.4 2 0.1
v 1.5 2 0.1
v -2.3 2 0
v -2.2 2 0
v -1.2 2 0
v -1.1 2 0
v 1.1 2 0
v 1.2 2 0
v 1.3 2 0
v 1.4 2 0
v 1.5 2 0
v -2.3 2 -0.1
v -2.2 2 -0.1
v -1.2 2 -0.1
v -1.1 2 -0.1
v -1 2 -0.1
v 1.2 2 -0.1
v 1.3 2 -0.1
v -1.2 2 -0.2
v -1.1 2 -0.2
v 1.1 2 -0.2
v 1.2 2 -0.2
v -1.1 2 -0.5
v -0.7 2 -0.5
v 0.7 2 -0.5
v 1.1 2 -0.5
v -0.7 2 -0.6
v -0.2 2 -0.6
v 0.2 2 -0.6
v 0.7 2 -0.6
v -0.2 2 -0.7
v 0.0999999 2 -0.7
v 0.2 2 -0.7
v 0.3 2 -0.7
v 0.2 2 -0.8
v 0.3 2 -0.8
v 0.3 2.1 0.9
v 0.5 2.1 0.9
v -0.1 2.1 0.8
v 0 2.1 0.8
v 0.0999999 2.1 0.8
v 0.3 2.1 0.8
v 0.5 2.1 0.8
v -0.1 2.1 0.7
v 0.0999999 2.1 0.7
v -2.3 2.1 0.1
v -2.2 2.1 0.1
v -2.1 2.1 0.1
v -2 2.1 0.1
v -1.3 2.1 0.1
v -1 2.1 0.1
v 1.1 2.1 0.1
v 1.3 2.1 0.1
v 1.4 2.1 0.1
v 1.5 2.1 0.1
v 1.7 2.1 0.1
v -2.3 2.1 0
v -2.2 2.1 0
v -2.1 2.1 0
v -2 2.1 0
v -1.3 2.1 0
v -1.1 2.1 0
v 1.1 2.1 0
v 1.3 2.1 0
v 1.5 2.1 0
v 1.7 2.1 0
v -2.2 2.1 -0.1
v -2.1 2.1 -0.1
v -1.1 2.1 -0.1
v -1 2.1 -0.1
v 1.4 2.1 -0.1
v 1.3 2.1 -0.2
v 1.4 2.1 -0.2
v -0.1 2.1 -0.7
v 0.0999999 2.1 -0.7
v -0.1 2.1 -0.8
v 0 2.1 -0.8
v 0.0999999 2.1 -0.8
v 0.3 2.1 -0.8
v 0.5 2.1 -0.8
v 0.3 2.1 -0.9
v 0.5 2.1 -0.9
v 0 2.2 0.9
v 0.0999999 2.2 0.9
v 0 2.2 0.8
v 0.0999999 2.2 0.8
v 1.3 2.2 0.2
v 1.4 2.2 0.2
v 1.5 2.2 0.2
v -2.2 2.2 0.1
v -2.1 2.2 0.1
v -1.4 2.2 0.1
v -1.3 2.2 0.1
v 1.3 2.2 0.1
v 1.5 2.2 0.1
v 1.7 2.2 0.1
v 1.9 2.2 0.1
v -2.2 2.2 0
v -2.1 2.2 0
v -2 2.2 0
v -1.4 2.2 0
v -1.3 2.2 0
v -1.1 2.2 0
v 1.7 2.2 0
v 1.9 2.2 0
v -2.1 2.2 -0.1
v -2 2.2 -0.1
v -1.3 2.2 -0.1
v -1.1 2.2 -0.1
v 1.4 2.2 -0.1
v 1.6 2.2 -0.1
v 1.4 2.2 -0.2
v 1.6 2.2 -0.2
v -0.2 2.2 -0.7
v -0.1 2.2 -0.7
v -0.2 2.2 -0.8
v -0.1 2.2 -0.8
v 0 2.2 -0.8
v 0.0999999 2.2 -0.8
v 0 2.2 -0.9
v 0.0999999 2.2 -0.9
v 0.0999999 2.3 0.9
v 0.3 2.3 0.9
v -0.2 2.3 0.8
v -0.1 2.3 0.8
v 0.0999999 2.3 0.8
v 0.3 2.3 0.8
v -0.2 2.3 0.7
v -0.1 2.3 0.7
v 1.4 2.3 0.4
v 1.6 2.3 0.4
v 1.5 2.3 0.3
v 1.6 2.3 0.3
v 1.4 2.3 0.2
v 1.5 2.3 0.2
v -1.9 2.3 0.1
v -1.8 2.3 0.1
v -1.5 2.3 0.1
v -1.4 2.3 0.1
v 1.9 2.3 0.1
v 2 2.3 0.1
v -2 2.3 0
v -1.9 2.3 0
v -1.8 2.3 0
v -1.4 2.3 0
v -1.3 2.3 0
v 1.9 2.3 0
v 2 2.3 0
v -2 2.3 -0.1
v -1.9 2.3 -0.1
v -1.5 2.3 -0.1
v -1.3 2.3 -0.1
v 1.6 2.3 -0.1
v 1.9 2.3 -0.1
v 1.6 2.3 -0.2
v 1.8 2.3 -0.2
v 1.9 2.3 -0.2
v 0.0999999 2.3 -0.8
v 0.3 2.3 -0.8
v 0.0999999 2.3 -0.9
v 0.3 2.3 -0.9
v -0.2 2.4 0.9
v -0.1 2.4 0.9
v -0.2 2.4 0.8
v -0.1 2.4 0.8
v 1.6 2.4 0.5
v 1.7 2.4 0.5
v 1.7 2.4 0.4
v 1.6 2.4 0.3
v 1.7 2.4 0.3
v -1.8 2.4 0.1
v -1.7 2.4 0.1
v 2 2.4 0.1
v 2.1 2.4 0.1
v -1.9 2.4 0
v -1.8 2.4 0
v -1.7 2.4 0
v -1.6 2.4 0
v -1.5 2.4 0
v 2 2.4 0
v 2.1 2.4 0
v -1.9 2.4 -0.1
v -1.7 2.4 -0.1
v -1.6 2.4 -0.1
v -1.5 2.4 -0.1
v 1.8 2.4 -0.2
v 1.9 2.4 -0.2
v 1.8 2.4 -0.3
v 1.9 2.4 -0.3
v -0.2 2.4 -0.8
v -0.1 2.4 -0.8
v -0.2 2.4 -0.9
v -0.1 2.4 -0.9
v -0.1 2.5 0.9
v 0 2.5 0.9
v -0.1 2.5 0.8
v 0 2.5 0.8
v 1.7 2.5 0.5
v 1.9 2.5 0.5
v 1.7 2.5 0.4
v 1.9 2.5 0.4
v -1.7 2.5 0.1
v -1.5 2.5 0.1
v -1.7 2.5 0
v -1.5 2.5 0
v 1.9 2.5 -0.2
v 2 2.5 -0.2
v 1.9 2.5 -0.3
v 2 2.5 -0.3
v -0.1 2.5 -0.8
v 0 2.5 -0.8
v -0.1 2.5 -0.9
v 0 2.5 -0.9

# faces
f 3/1/1 2/1/1 1/1/1
f 4/1/1 2/1/1 3/1/1
f 5/1/1 3/1/1 1/1/1
f 6/1/1 3/1/1 5/1/1
f 10/1/1 8/1/1 7/1/1
f 11/1/1 8/1/1 10/1/1
f 12/1/1 10/1/1 9/1/1
f 13/1/1 10/1/1 12/1/1
f 16/1/1 15/1/1 14/1/1
f 17/1/1 15/1/1 16/1/1
f 20/5/1 19/5/1 18/5/1
f 21/5/1 19/5/1 20/5/1
f 24/2/1 23/2/1 22/2/1
f 25/2/1 23/2/1 24/2/1
f 32/5/1 27/5/1 26/5/1
f 33/5/1 27/5/1 32/5/1
f 34/5/1 29/5/1 28/5/1
f 35/5/1 29/5/1 34/5/1
f 36/5/1 31/5/1 30/5/1
f 37/5/1 31/5/1 36/5/1
f 40/2/1 39/2/1 38/2/1
f 41/2/1 39/2/1 40/2/1
f 43/2/1 42/2/1 41/2/1
f 44/2/1 42/2/1 43/2/1
f 48/2/1 46/2/1 45/2/1
f 49/2/1 46/2/1 48/2/1
f 50/2/1 46/2/1 49/2/1
f 51/2/1 46/2/1 50/2/1
f 52/5/1 49/5/1 48/5/1
f 53/2/1 50/2/1 49/2/1
f 53/5/1 49/5/1 52/5/1
f 54/2/1 50/2/1 53/2/1
f 55/2/1 46/2/1 51/2/1
f 56/5/1 47/5/1 46/5/1
f 56/2/1 46/2/1 55/2/1
f 57/5/1 47/5/1 56/5/1
f 60/2/1 59/2/1 58/2/1
f 61/2/1 59/2/1 60/2/1
f 65/2/1 63/2/1 62/2/1
f 66/2/1 63/2/1 65/2/1
f 69/2/1 65/2/1 64/2/1
f 69/2/1 67/2/1 66/2/1
f 69/2/1 66/2/1 65/2/1
f 70/2/1 67/2/1 69/2/1
f 71/2/1 67/2/1 70/2/1
f 73/2/1 69/2/1 68/2/1
f 74/2/1 73/2/1 68/2/1
f 75/2/1 73/2/1 74/2/1
f 76/2/1 72/2/1 71/2/1
f 77/2/1 72/2/1 76/2/1
f 80/2/1 79/2/1 78/2/1
f 81/2/1 79/2/1 80/2/1
f 87/2/1 83/2/1 82/2/1
f 88/2/1 83/2/1 87/2/1
f 89/2/1 85/2/1 84/2/1
f 90/2/1 85/2/1 89/2/1
f 92/2/1 87/2/1 86/2/1
f 93/2/1 87/2/1 92/2/1
f 94/2/1 91/2/1 90/2/1
f 95/2/1 91/2/1 94/2/1
f 100/5/1 97/5/1 96/5/1
f 101/5/1 99/5/1 98/5/1
f 106/5/1 100/5/1 96/5/1
f 107/5/1 100/5/1 106/5/1
f 108/5/1 103/5/1 102/5/1
f 109/5/1 103/5/1 108/5/1
f 110/5/1 105/5/1 104/5/1
f 111/5/1 105/5/1 110/5/1
f 112/5/1 99/5/1 101/5/1
f 113/5/1 99/5/1 112/5/1
f 116/2/1 115/2/1 114/2/1
f 118/2/1 116/2/1 114/2/1
f 118/2/1 117/2/1 116/2/1
f 119/2/1 117/2/1 118/2/1
f 120/2/1 117/2/1 119/2/1
f 125/2/1 122/2/1 121/2/1
f 126/2/1 122/2/1 125/2/1
f 127/2/1 124/2/1 123/2/1
f 128/2/1 124/2/1 127/2/1
f 133/2/1 130/2/1 129/2/1
f 134/2/1 130/2/1 133/2/1
f 135/2/1 132/2/1 131/2/1
f 136/2/1 132/2/1 135/2/1
f 141/5/1 138/5/1 137/5/1
f 142/5/1 138/5/1 141/5/1
f 143/5/1 140/5/1 139/5/1
f 144/5/1 140/5/1 143/5/1
f 147/2/1 146/2/1 145/2/1
f 148/2/1 146/2/1 147/2/1
f 150/2/1 149/2/1 148/2/1
f 151/2/1 149/2/1 150/2/1
f 154/5/1 153/5/1 152/5/1
f 156/5/1 154/5/1 152/5/1
f 157/5/1 154/5/1 156/5/1
f 162/5/1 156/5/1 155/5/1
f 163/5/1 156/5/1 162/5/1
f 164/5/1 159/5/1 158/5/1
f 170/5/1 164/5/1 158/5/1
f 171/2/1 165/2/1 164/2/1
f 171/5/1 164/5/1 170/5/1
f 172/2/1 165/2/1 171/2/1
f 173/2/1 167/2/1 166/2/1
f 174/2/1 167/2/1 173/2/1
f 175/2/1 169/2/1 168/2/1
f 176/2/1 169/2/1 175/2/1
f 177/5/1 161/5/1 160/5/1
f 178/5/1 161/5/1 177/5/1
f 181/2/1 180/2/1 179/2/1
f 182/2/1 180/2/1 181/2/1
f 184/2/1 183/2/1 182/2/1
f 185/2/1 183/2/1 184/2/1
f 190/2/1 187/2/1 186/2/1
f 191/2/1 187/2/1 190/2/1
f 192/2/1 189/2/1 188/2/1
f 193/2/1 189/2/1 192/2/1
f 196/5/1 195/5/1 194/5/1
f 197/5/1 195/5/1 196/5/1
f 198/5/1 195/5/1 197/5/1
f 203/2/1 200/2/1 199/2/1
f 204/2/1 200/2/1 203/2/1
f 205/2/1 202/2/1 201/2/1
f 206/2/1 202/2/1 205/2/1
f 209/2/1 208/2/1 207/2/1
f 210/2/1 208/2/1 209/2/1
f 212/2/1 211/2/1 210/2/1
f 213/2/1 211/2/1 212/2/1
f 218/2/1 215/2/1 214/2/1
f 219/2/1 215/2/1 218/2/1
f 220/2/1 217/2/1 216/2/1
f 221/2/1 217/2/1 220/2/1
f 222/2/1 217/2/1 221/2/1
f 223/2/1 217/2/1 222/2/1
f 224/2/1 218/2/1 214/2/1
f 228/2/1 227/2/1 226/2/1
f 230/2/1 224/2/1 214/2/1
f 230/2/1 225/2/1 224/2/1
f 231/2/1 225/2/1 230/2/1
f 232/2/1 229/2/1 228/2/1
f 232/2/1 228/2/1 226/2/1
f 233/2/1 229/2/1 232/2/1
f 234/2/1 230/2/1 214/2/1
f 235/2/1 230/2/1 234/2/1
f 238/2/1 229/2/1 233/2/1
f 239/2/1 229/2/1 238/2/1
f 245/4/1 241/4/1 240/4/1
f 246/4/1 241/4/1 245/4/1
f 247/4/1 243/4/1 242/4/1
f 248/4/1 243/4/1 247/4/1
f 250/4/1 245/4/1 244/4/1
f 251/4/1 245/4/1 250/4/1
f 252/2/1 237/2/1 236/2/1
f 253/2/1 237/2/1 252/2/1
f 254/4/1 249/4/1 248/4/1
f 255/4/1 249/4/1 254/4/1
f 256/2/1 252/2/1 236/2/1
f 257/2/1 252/2/1 256/2/1
f 258/2/1 237/2/1 253/2/1
f 259/2/1 237/2/1 258/2/1
f 260/2/1 237/2/1 259/2/1
f 265/2/1 262/2/1 261/2/1
f 266/2/1 262/2/1 265/2/1
f 269/2/1 264/2/1 263/2/1
f 270/2/1 264/2/1 269/2/1
f 277/2/1 268/2/1 267/2/1
f 278/2/1 268/2/1 277/2/1
f 279/2/1 272/2/1 271/2/1
f 279/2/1 273/2/1 272/2/1
f 280/2/1 273/2/1 279/2/1
f 281/2/1 276/2/1 275/2/1
f 281/2/1 275/2/1 274/2/1
f 282/2/1 276/2/1 281/2/1
f 283/2/1 279/2/1 271/2/1
f 284/2/1 279/2/1 283/2/1
f 285/2/1 273/2/1 280/2/1
f 286/2/1 281/2/1 274/2/1
f 287/2/1 276/2/1 282/2/1
f 288/2/1 276/2/1 287/2/1
f 290/2/1 285/2/1 284/2/1
f 291/2/1 287/2/1 286/2/1
f 293/2/1 290/2/1 289/2/1
f 294/2/1 273/2/1 285/2/1
f 294/2/1 290/2/1 293/2/1
f 294/2/1 285/2/1 290/2/1
f 297/2/1 286/2/1 274/2/1
f 297/2/1 292/2/1 291/2/1
f 297/2/1 291/2/1 286/2/1
f 298/2/1 292/2/1 297/2/1
f 299/2/1 296/2/1 295/2/1
f 300/2/1 296/2/1 299/2/1
f 305/2/1 302/2/1 301/2/1
f 306/2/1 302/2/1 305/2/1
f 307/2/1 304/2/1 303/2/1
f 308/2/1 304/2/1 307/2/1
f 313/2/1 310/2/1 309/2/1
f 314/2/1 310/2/1 313/2/1
f 315/2/1 312/2/1 311/2/1
f 316/2/1 312/2/1 315/2/1
f 320/2/1 318/2/1 317/2/1
f 321/2/1 318/2/1 320/2/1
f 323/2/1 320/2/1 319/2/1
f 323/2/1 322/2/1 321/2/1
f 323/2/1 321/2/1 320/2/1
f 324/2/1 322/2/1 323/2/1
f 329/2/1 326/2/1 325/2/1
f 330/2/1 326/2/1 329/2/1
f 331/2/1 328/2/1 327/2/1
f 332/2/1 328/2/1 331/2/1
f 337/2/1 334/2/1 333/2/1
f 338/2/1 334/2/1 337/2/1
f 339/2/1 336/2/1 335/2/1
f 340/2/1 336/2/1 339/2/1
f 345/2/1 342/2/1 341/2/1
f 346/2/1 342/2/1 345/2/1
f 347/2/1 344/2/1 343/2/1
f 348/2/1 344/2/1 347/2/1
f 353/3/1 350/3/1 349/3/1
f 354/3/1 350/3/1 353/3/1
f 355/3/1 352/3/1 351/3/1
f 356/3/1 352/3/1 355/3/1
f 362/3/1 360/3/1 359/3/1
f 362/3/1 361/3/1 360/3/1
f 363/3/1 361/3/1 362/3/1
f 364/3/1 358/3/1 357/3/1
f 365/3/1 358/3/1 364/3/1
f 366/3/1 362/3/1 359/3/1
f 367/3/1 362/3/1 366/3/1
f 372/2/1 369/2/1 368/2/1
f 373/2/1 369/2/1 372/2/1
f 374/2/1 371/2/1 370/2/1
f 375/2/1 371/2/1 374/2/1
f 380/3/1 377/3/1 376/3/1
f 383/3/1 379/3/1 378/3/1
f 384/2/1 381/2/1 380/2/1
f 384/3/1 380/3/1 376/3/1
f 385/2/1 381/2/1 384/2/1
f 386/2/1 383/2/1 382/2/1
f 387/3/1 379/3/1 383/3/1
f 387/2/1 383/2/1 386/2/1
f 389/3/1 384/3/1 376/3/1
f 390/3/1 379/3/1 387/3/1
f 391/3/1 379/3/1 390/3/1
f 393/3/1 389/3/1 388/3/1
f 393/3/1 384/3/1 389/3/1
f 394/3/1 384/3/1 393/3/1
f 395/3/1 393/3/1 388/3/1
f 396/3/1 393/3/1 395/3/1
f 397/3/1 392/3/1 391/3/1
f 398/3/1 392/3/1 397/3/1
f 403/3/1 400/3/1 399/3/1
f 404/3/1 400/3/1 403/3/1
f 405/3/1 402/3/1 401/3/1
f 406/3/1 402/3/1 405/3/1
f 409/3/1 408/3/1 407/3/1
f 410/3/1 408/3/1 409/3/1
f 415/3/1 412/3/1 411/3/1
f 416/3/1 412/3/1 415/3/1
f 417/3/1 414/3/1 413/3/1
f 418/3/1 414/3/1 417/3/1
f 423/3/1 420/3/1 419/3/1
f 424/3/1 420/3/1 423/3/1
f 425/3/1 422/3/1 421/3/1
f 426/3/1 422/3/1 425/3/1
f 431/3/1 428/3/1 427/3/1
f 432/3/1 428/3/1 431/3/1
f 433/3/1 430/3/1 429/3/1
f 434/3/1 430/3/1 433/3/1
f 439/3/1 436/3/1 435/3/1
f 440/3/1 438/3/1 437/3/1
f 441/3/1 439/3/1 435/3/1
f 442/3/1 439/3/1 441/3/1
f 443/3/1 438/3/1 440/3/1
f 444/3/1 438/3/1 443/3/1
f 447/3/1 446/3/1 445/3/1
f 448/3/1 446/3/1 447/3/1
f 451/3/1 450/3/1 449/3/1
f 452/3/1 450/3/1 451/3/1
f 458/3/1 454/3/1 453/3/1
f 459/3/1 457/3/1 456/3/1
f 459/3/1 456/3/1 455/3/1
f 460/3/1 457/3/1 459/3/1
f 461/3/1 458/3/1 453/3/1
f 462/3/1 458/3/1 461/3/1
f 467/3/1 464/3/1 463/3/1
f 468/3/1 464/3/1 467/3/1
f 469/3/1 466/3/1 465/3/1
f 470/3/1 466/3/1 469/3/1
f 476/3/1 472/3/1 471/3/1
f 477/3/1 472/3/1 476/3/1
f 478/3/1 474/3/1 473/3/1
f 479/3/1 474/3/1 478/3/1
f 480/3/1 477/3/1 476/3/1
f 480/3/1 476/3/1 475/3/1
f 481/3/1 477/3/1 480/3/1
f 484/3/1 483/3/1 482/3/1
f 485/3/1 483/3/1 484/3/1
f 488/3/1 487/3/1 486/3/1
f 489/3/1 487/3/1 488/3/1
f 492/3/1 491/3/1 490/3/1
f 493/3/1 491/3/1 492/3/1
f 496/3/1 495/3/1 494/3/1
f 497/3/1 495/3/1 496/3/1
f 503/3/1 499/3/1 498/3/1
f 504/3/1 499/3/1 503/3/1
f 505/3/1 502/3/1 501/3/1
f 505/3/1 501/3/1 500/3/1
f 506/3/1 502/3/1 505/3/1
f 509/3/1 508/3/1 507/3/1
f 510/3/1 508/3/1 509/3/1
f 513/3/1 512/3/1 511/3/1
f 514/3/1 512/3/1 513/3/1
f 517/3/1 516/3/1 515/3/1
f 518/3/1 516/3/1 517/3/1
f 521/3/1 520/3/1 519/3/1
f 522/3/1 520/3/1 521/3/1
f 525/3/1 524/3/1 523/3/1
f 526/3/1 524/3/1 525/3/1
f 527/3/1 524/3/1 526/3/1
f 530/3/1 529/3/1 528/3/1
f 531/3/1 529/3/1 530/3/1
f 534/3/1 533/3/1 532/3/1
f 535/3/1 533/3/1 534/3/1
f 538/3/1 537/3/1 536/3/1
f 539/3/1 537/3/1 538/3/1
f 542/3/1 541/3/1 540/3/1
f 543/3/1 541/3/1 542/3/1
f 544/1/2 545/1/2 546/1/2
f 546/1/2 545/1/2 547/1/2
f 548/1/2 549/1/2 550/1/2
f 550/1/2 549/1/2 551/1/2
f 552/1/2 553/1/2 554/1/2
f 554/1/2 553/1/2 555/1/2
f 556/1/2 557/1/2 558/1/2
f 558/1/2 557/1/2 559/1/2
f 559/1/2 557/1/2 560/1/2
f 561/5/2 562/5/2 563/5/2
f 563/5/2 562/5/2 564/5/2
f 565/2/2 566/2/2 567/2/2
f 567/2/2 566/2/2 568/2/2
f 569/5/2 570/5/2 573/5/2
f 573/5/2 570/5/2 574/5/2
f 571/5/2 572/5/2 577/5/2
f 577/5/2 572/5/2 578/5/2
f 575/5/2 576/5/2 579/5/2
f 579/5/2 576/5/2 580/5/2
f 581/2/2 582/2/2 583/2/2
f 583/2/2 582/2/2 584/2/2
f 585/5/2 586/5/2 589/5/2
f 589/5/2 586/5/2 590/5/2
f 587/5/2 588/5/2 591/5/2
f 591/5/2 588/5/2 592/5/2
f 589/5/2 590/5/2 593/5/2
f 593/5/2 590/5/2 594/5/2
f 591/5/2 592/5/2 595/5/2
f 595/5/2 592/5/2 596/5/2
f 597/2/2 598/2/2 599/2/2
f 599/2/2 598/2/2 600/2/2
f 600/2/2 598/2/2 601/2/2
f 602/2/2 603/2/2 604/2/2
f 604/2/2 603/2/2 605/2/2
f 606/2/2 607/2/2 608/2/2
f 608/2/2 607/2/2 609/2/2
f 610/5/2 611/5/2 618/5/2
f 618/5/2 611/5/2 619/5/2
f 614/5/2 615/5/2 620/5/2
f 620/5/2 615/5/2 621/5/2
f 616/5/2 617/5/2 622/5/2
f 622/5/2 617/5/2 623/5/2
f 612/5/2 613/5/2 624/5/2
f 624/5/2 613/5/2 625/5/2
f 626/2/2 627/2/2 628/2/2
f 628/2/2 627/2/2 629/2/2
f 626/2/2 628/2/2 630/2/2
f 630/2/2 628/2/2 631/2/2
f 632/2/2 633/2/2 634/2/2
f 634/2/2 633/2/2 635/2/2
f 636/5/2 637/5/2 638/5/2
f 636/5/2 638/5/2 640/5/2
f 640/5/2 638/5/2 641/5/2
f 639/5/2 640/5/2 646/5/2
f 646/5/2 640/5/2 647/5/2
f 642/5/2 643/5/2 648/5/2
f 648/5/2 643/5/2 649/5/2
f 644/5/2 645/5/2 650/5/2
f 650/5/2 645/5/2 651/5/2
f 652/2/2 653/2/2 654/2/2
f 654/2/2 653/2/2 655/2/2
f 655/2/2 656/2/2 657/2/2
f 657/2/2 656/2/2 658/2/2
f 659/2/2 660/2/2 661/2/2
f 661/2/2 660/2/2 662/2/2
f 663/2/2 664/2/2 665/2/2
f 665/2/2 664/2/2 666/2/2
f 666/2/2 664/2/2 667/2/2
f 667/2/2 664/2/2 668/2/2
f 669/2/2 670/2/2 671/2/2
f 671/2/2 670/2/2 672/2/2
f 673/2/2 674/2/2 677/2/2
f 677/2/2 674/2/2 678/2/2
f 675/2/2 676/2/2 679/2/2
f 679/2/2 676/2/2 680/2/2
f 681/2/2 682/2/2 683/2/2
f 683/2/2 682/2/2 684/2/2
f 685/2/2 686/2/2 687/2/2
f 687/2/2 686/2/2 688/2/2
f 689/3/2 690/3/2 693/3/2
f 693/3/2 690/3/2 694/3/2
f 691/3/2 692/3/2 695/3/2
f 695/3/2 692/3/2 696/3/2
f 697/3/2 698/3/2 701/3/2
f 701/3/2 698/3/2 702/3/2
f 699/3/2 700/3/2 703/3/2
f 703/3/2 700/3/2 704/3/2
f 705/3/2 706/3/2 710/3/2
f 707/3/2 708/3/2 711/3/2
f 711/3/2 708/3/2 712/3/2
f 709/3/2 710/3/2 714/3/2
f 710/3/2 706/3/2 715/3/2
f 714/3/2 710/3/2 715/3/2
f 715/3/2 706/3/2 716/3/2
f 712/3/2 713/3/2 717/3/2
f 717/3/2 713/3/2 718/3/2
f 719/3/2 720/3/2 723/3/2
f 723/3/2 720/3/2 724/3/2
f 721/3/2 722/3/2 725/3/2
f 725/3/2 722/3/2 726/3/2
f 727/3/2 728/3/2 731/3/2
f 731/3/2 728/3/2 732/3/2
f 729/3/2 730/3/2 733/3/2
f 733/3/2 730/3/2 734/3/2
f 735/3/2 736/3/2 739/3/2
f 739/3/2 736/3/2 740/3/2
f 737/3/2 738/3/2 741/3/2
f 741/3/2 738/3/2 742/3/2
f 743/2/2 744/2/2 747/2/2
f 745/2/2 746/2/2 748/2/2
f 747/2/2 744/2/2 749/2/2
f 749/2/2 744/2/2 750/2/2
f 745/2/2 748/2/2 751/2/2
f 751/2/2 748/2/2 752/2/2
f 753/3/2 754/3/2 757/3/2
f 757/3/2 754/3/2 758/3/2
f 755/3/2 756/3/2 759/3/2
f 759/3/2 756/3/2 760/3/2
f 761/3/2 762/3/2 765/3/2
f 763/3/2 764/3/2 766/3/2
f 765/3/2 762/3/2 767/3/2
f 767/3/2 762/3/2 768/3/2
f 763/3/2 766/3/2 769/3/2
f 769/3/2 766/3/2 770/3/2
f 771/3/2 772/3/2 775/3/2
f 775/3/2 772/3/2 776/3/2
f 773/3/2 774/3/2 777/3/2
f 777/3/2 774/3/2 778/3/2
f 779/2/2 780/2/2 783/2/2
f 783/2/2 780/2/2 784/2/2
f 781/2/2 782/2/2 785/2/2
f 785/2/2 782/2/2 786/2/2
f 787/3/2 788/3/2 791/3/2
f 791/3/2 788/3/2 792/3/2
f 789/3/2 790/3/2 793/3/2
f 793/3/2 790/3/2 794/3/2
f 795/2/2 796/2/2 799/2/2
f 799/2/2 796/2/2 800/2/2
f 797/2/2 798/2/2 805/2/2
f 805/2/2 798/2/2 806/2/2
f 801/2/2 802/2/2 807/2/2
f 807/2/2 802/2/2 808/2/2
f 803/2/2 804/2/2 811/2/2
f 811/2/2 804/2/2 812/2/2
f 809/2/2 810/2/2 813/2/2
f 813/2/2 810/2/2 814/2/2
f 815/3/2 816/3/2 819/3/2
f 819/3/2 816/3/2 820/3/2
f 817/3/2 818/3/2 821/3/2
f 821/3/2 818/3/2 822/3/2
f 823/2/2 824/2/2 827/2/2
f 827/2/2 824/2/2 828/2/2
f 825/2/2 826/2/2 831/2/2
f 831/2/2 826/2/2 832/2/2
f 829/2/2 830/2/2 833/2/2
f 833/2/2 830/2/2 834/2/2
f 835/2/2 836/2/2 839/2/2
f 839/2/2 836/2/2 840/2/2
f 837/2/2 838/2/2 843/2/2
f 843/2/2 838/2/2 844/2/2
f 841/2/2 842/2/2 845/2/2
f 845/2/2 842/2/2 846/2/2
f 847/2/2 848/2/2 851/2/2
f 851/2/2 848/2/2 852/2/2
f 849/2/2 850/2/2 853/2/2
f 853/2/2 850/2/2 854/2/2
f 855/2/2 856/2/2 860/2/2
f 860/2/2 856/2/2 861/2/2
f 857/2/2 858/2/2 862/2/2
f 862/2/2 858/2/2 863/2/2
f 859/2/2 860/2/2 865/2/2
f 865/2/2 860/2/2 866/2/2
f 863/2/2 864/2/2 867/2/2
f 867/2/2 864/2/2 868/2/2
f 869/2/2 870/2/2 873/2/2
f 873/2/2 870/2/2 874/2/2
f 871/2/2 872/2/2 877/2/2
f 877/2/2 872/2/2 878/2/2
f 875/2/2 876/2/2 879/2/2
f 879/2/2 876/2/2 880/2/2
f 881/2/2 882/2/2 887/2/2
f 887/2/2 882/2/2 888/2/2
f 883/2/2 884/2/2 889/2/2
f 889/2/2 884/2/2 890/2/2
f 885/2/2 886/2/2 893/2/2
f 893/2/2 886/2/2 894/2/2
f 891/2/2 892/2/2 895/2/2
f 895/2/2 892/2/2 896/2/2
f 897/2/2 898/2/2 901/2/2
f 901/2/2 898/2/2 902/2/2
f 899/2/2 900/2/2 906/2/2
f 906/2/2 900/2/2 907/2/2
f 903/2/2 904/2/2 908/2/2
f 908/2/2 904/2/2 909/2/2
f 905/2/2 906/2/2 911/2/2
f 911/2/2 906/2/2 912/2/2
f 909/2/2 910/2/2 913/2/2
f 913/2/2 910/2/2 914/2/2
f 905/2/2 911/2/2 915/2/2
f 915/2/2 911/2/2 916/2/2
f 914/2/2 910/2/2 921/2/2
f 921/2/2 910/2/2 922/2/2
f 917/2/2 918/2/2 923/2/2
f 923/2/2 918/2/2 924/2/2
f 919/2/2 920/2/2 925/2/2
f 925/2/2 920/2/2 926/2/2
f 927/2/2 928/2/2 930/2/2
f 930/2/2 928/2/2 931/2/2
f 929/2/2 930/2/2 934/2/2
f 931/2/2 932/2/2 934/2/2
f 930/2/2 931/2/2 934/2/2
f 934/2/2 932/2/2 935/2/2
f 935/2/2 932/2/2 936/2/2
f 936/2/2 932/2/2 937/2/2
f 933/2/2 934/2/2 939/2/2
f 934/2/2 935/2/2 939/2/2
f 939/2/2 935/2/2 940/2/2
f 937/2/2 938/2/2 941/2/2
f 936/2/2 937/2/2 941/2/2
f 941/2/2 938/2/2 942/2/2
f 933/2/2 939/2/2 943/2/2
f 943/2/2 939/2/2 944/2/2
f 942/2/2 938/2/2 947/2/2
f 947/2/2 938/2/2 948/2/2
f 945/2/2 946/2/2 949/2/2
f 949/2/2 946/2/2 950/2/2
f 950/2/2 946/2/2 951/2/2
f 951/2/2 946/2/2 952/2/2
f 945/2/2 949/2/2 953/2/2
f 953/2/2 949/2/2 954/2/2
f 952/2/2 946/2/2 955/2/2
f 955/2/2 946/2/2 956/2/2
f 957/2/2 958/2/2 960/2/2
f 960/2/2 958/2/2 961/2/2
f 959/2/2 960/2/2 963/2/2
f 961/2/2 962/2/2 963/2/2
f 960/2/2 961/2/2 963/2/2
f 963/2/2 962/2/2 964/2/2
f 964/2/2 962/2/2 965/2/2
f 965/2/2 962/2/2 966/2/2
f 967/3/2 968/3/2 969/3/2
f 969/3/2 968/3/2 970/3/2
f 971/3/2 972/3/2 973/3/2
f 973/3/2 972/3/2 974/3/2
f 975/3/2 976/3/2 979/3/2
f 979/3/2 976/3/2 980/3/2
f 977/3/2 978/3/2 981/3/2
f 978/3/2 979/3/2 981/3/2
f 979/3/2 980/3/2 981/3/2
f 981/3/2 980/3/2 982/3/2
f 982/3/2 980/3/2 983/3/2
f 984/3/2 985/3/2 986/3/2
f 986/3/2 985/3/2 987/3/2
f 987/3/2 985/3/2 988/3/2
f 989/3/2 990/3/2 993/3/2
f 993/3/2 990/3/2 994/3/2
f 991/3/2 992/3/2 995/3/2
f 995/3/2 992/3/2 996/3/2
f 996/3/2 992/3/2 997/3/2
f 995/3/2 996/3/2 998/3/2
f 998/3/2 996/3/2 999/3/2
f 1000/3/2 1001/3/2 1002/3/2
f 1002/3/2 1001/3/2 1003/3/2
f 1004/3/2 1005/3/2 1006/3/2
f 1006/3/2 1005/3/2 1007/3/2
f 1008/3/2 1009/3/2 1010/3/2
f 1010/3/2 1009/3/2 1011/3/2
f 1012/3/2 1013/3/2 1014/3/2
f 1014/3/2 1013/3/2 1015/3/2
f 1016/3/2 1017/3/2 1020/3/2
f 1020/3/2 1017/3/2 1021/3/2
f 1018/3/2 1019/3/2 1022/3/2
f 1022/3/2 1019/3/2 1023/3/2
f 1023/3/2 1019/3/2 1024/3/2
f 1025/3/2 1026/3/2 1027/3/2
f 1027/3/2 1026/3/2 1028/3/2
f 1029/3/2 1030/3/2 1031/3/2
f 1031/3/2 1030/3/2 1032/3/2
f 1033/3/2 1034/3/2 1035/3/2
f 1035/3/2 1034/3/2 1036/3/2
f 1037/3/2 1038/3/2 1039/3/2
f 1039/3/2 1038/3/2 1040/3/2
f 1041/3/2 1042/3/2 1043/3/2
f 1043/3/2 1042/3/2 1044/3/2
f 1045/3/2 1046/3/2 1047/3/2
f 1047/3/2 1046/3/2 1048/3/2
f 1048/3/2 1046/3/2 1049/3/2
f 1050/3/2 1051/3/2 1052/3/2
f 1052/3/2 1051/3/2 1053/3/2
f 1054/3/2 1055/3/2 1056/3/2
f 1056/3/2 1055/3/2 1057/3/2
f 1058/3/2 1059/3/2 1060/3/2
f 1060/3/2 1059/3/2 1061/3/2
f 1062/3/2 1063/3/2 1064/3/2
f 1064/3/2 1063/3/2 1065/3/2
f 1066/3/2 1067/3/2 1068/3/2
f 1068/3/2 1067/3/2 1069/3/2
f 1070/3/2 1071/3/2 1072/3/2
f 1072/3/2 1071/3/2 1073/3/2
f 1076/3/3 1075/3/3 1074/3/3
f 1077/3/3 1075/3/3 1076/3/3
f 1078/3/3 1075/3/3 1077/3/3
f 1082/3/3 1079/3/3 1078/3/3
f 1082/3/3 1078/3/3 1077/3/3
f 1083/3/3 1079/3/3 1082/3/3
f 1084/3/3 1081/3/3 1080/3/3
f 1086/3/3 1084/3/3 1080/3/3
f 1086/3/3 1085/3/3 1084/3/3
f 1087/3/3 1085/3/3 1086/3/3
f 1090/3/3 1085/3/3 1087/3/3
f 1091/3/3 1085/3/3 1090/3/3
f 1092/3/3 1089/3/3 1088/3/3
f 1093/3/3 1089/3/3 1092/3/3
f 1094/3/3 1089/3/3 1093/3/3
f 1095/3/3 1089/3/3 1094/3/3
f 1100/3/3 1099/3/3 1098/3/3
f 1101/3/3 1099/3/3 1100/3/3
f 1102/3/3 1099/3/3 1101/3/3
f 1103/3/3 1099/3/3 1102/3/3
f 1105/3/3 1102/3/3 1101/3/3
f 1106/3/3 1102/3/3 1105/3/3
f 1107/3/3 1102/3/3 1106/3/3
f 1108/3/3 1107/3/3 1106/3/3
f 1109/3/3 1107/3/3 1108/3/3
f 1110/3/3 1105/3/3 1104/3/3
f 1112/3/3 1110/3/3 1104/3/3
f 1112/3/3 1111/3/3 1110/3/3
f 1113/3/3 1111/3/3 1112/3/3
f 1114/3/3 1111/3/3 1113/3/3
f 1115/2/3 1097/2/3 1096/2/3
f 1116/2/3 1097/2/3 1115/2/3
f 1119/5/3 1118/5/3 1117/5/3
f 1120/5/3 1118/5/3 1119/5/3
f 1123/2/3 1122/2/3 1121/2/3
f 1124/2/3 1122/2/3 1123/2/3
f 1127/3/3 1126/3/3 1125/3/3
f 1128/3/3 1126/3/3 1127/3/3
f 1131/3/3 1129/3/3 1128/3/3
f 1132/3/3 1129/3/3 1131/3/3
f 1133/3/3 1129/3/3 1132/3/3
f 1134/2/3 1131/2/3 1130/2/3
f 1134/2/3 1132/2/3 1131/2/3
f 1136/2/3 1134/2/3 1130/2/3
f 1136/2/3 1135/2/3 1134/2/3
f 1137/2/3 1135/2/3 1136/2/3
f 1139/2/3 1138/2/3 1137/2/3
f 1140/2/3 1136/2/3 1130/2/3
f 1141/2/3 1136/2/3 1140/2/3
f 1142/2/3 1139/2/3 1137/2/3
f 1143/2/3 1139/2/3 1142/2/3
f 1146/2/3 1145/2/3 1144/2/3
f 1147/2/3 1145/2/3 1146/2/3
f 1148/2/3 1145/2/3 1147/2/3
f 1149/2/3 1145/2/3 1148/2/3
f 1150/2/3 1145/2/3 1149/2/3
f 1151/2/3 1145/2/3 1150/2/3
f 1152/2/3 1145/2/3 1151/2/3
f 1153/2/3 1145/2/3 1152/2/3
f 1154/2/3 1145/2/3 1153/2/3
f 1155/2/3 1145/2/3 1154/2/3
f 1158/5/3 1157/5/3 1156/5/3
f 1159/5/3 1157/5/3 1158/5/3
f 1162/2/3 1161/2/3 1160/2/3
f 1163/2/3 1161/2/3 1162/2/3
f 1168/2/3 1167/2/3 1166/2/3
f 1169/2/3 1167/2/3 1168/2/3
f 1171/2/3 1167/2/3 1169/2/3
f 1172/2/3 1167/2/3 1171/2/3
f 1173/2/3 1171/2/3 1170/2/3
f 1174/2/3 1171/2/3 1173/2/3
f 1175/2/3 1167/2/3 1172/2/3
f 1176/2/3 1167/2/3 1175/2/3
f 1179/2/3 1165/2/3 1164/2/3
f 1180/2/3 1165/2/3 1179/2/3
f 1181/2/3 1165/2/3 1180/2/3
f 1182/2/3 1165/2/3 1181/2/3
f 1185/2/3 1178/2/3 1177/2/3
f 1186/2/3 1178/2/3 1185/2/3
f 1187/2/3 1184/2/3 1183/2/3
f 1188/2/3 1184/2/3 1187/2/3
f 1190/2/3 1189/2/3 1188/2/3
f 1191/2/3 1189/2/3 1190/2/3
f 1194/2/3 1193/2/3 1192/2/3
f 1195/2/3 1193/2/3 1194/2/3
f 1199/5/3 1197/5/3 1196/5/3
f 1200/5/3 1197/5/3 1199/5/3
f 1201/5/3 1197/5/3 1200/5/3
f 1202/2/3 1199/2/3 1198/2/3
f 1202/2/3 1200/2/3 1199/2/3
f 1203/2/3 1200/2/3 1202/2/3
f 1205/2/3 1202/2/3 1198/2/3
f 1206/2/3 1202/2/3 1205/2/3
f 1210/2/3 1206/2/3 1205/2/3
f 1210/2/3 1207/2/3 1206/2/3
f 1210/2/3 1205/2/3 1204/2/3
f 1211/2/3 1207/2/3 1210/2/3
f 1212/2/3 1209/2/3 1208/2/3
f 1213/2/3 1209/2/3 1212/2/3
f 1217/4/3 1215/4/3 1214/4/3
f 1218/4/3 1215/4/3 1217/4/3
f 1222/2/3 1221/2/3 1220/2/3
f 1223/2/3 1221/2/3 1222/2/3
f 1224/2/3 1217/2/3 1216/2/3
f 1224/2/3 1218/2/3 1217/2/3
f 1224/2/3 1219/2/3 1218/2/3
f 1225/2/3 1219/2/3 1224/2/3
f 1228/2/3 1227/2/3 1226/2/3
f 1229/2/3 1227/2/3 1228/2/3
f 1234/2/3 1233/2/3 1232/2/3
f 1235/2/3 1233/2/3 1234/2/3
f 1237/2/3 1231/2/3 1230/2/3
f 1238/2/3 1231/2/3 1237/2/3
f 1239/2/3 1236/2/3 1235/2/3
f 1240/2/3 1236/2/3 1239/2/3
f 1243/3/3 1242/3/3 1241/3/3
f 1245/3/3 1243/3/3 1241/3/3
f 1245/3/3 1244/3/3 1243/3/3
f 1246/3/3 1244/3/3 1245/3/3
f 1247/3/3 1244/3/3 1246/3/3
f 1248/3/3 1244/3/3 1247/3/3
f 1252/2/3 1250/2/3 1249/2/3
f 1253/2/3 1250/2/3 1252/2/3
f 1254/2/3 1250/2/3 1253/2/3
f 1256/2/3 1252/2/3 1251/2/3
f 1256/2/3 1253/2/3 1252/2/3
f 1257/2/3 1253/2/3 1256/2/3
f 1258/2/3 1253/2/3 1257/2/3
f 1261/2/3 1257/2/3 1256/2/3
f 1261/2/3 1256/2/3 1255/2/3
f 1262/2/3 1257/2/3 1261/2/3
f 1263/5/3 1260/5/3 1259/5/3
f 1264/5/3 1260/5/3 1263/5/3
f 1265/5/3 1260/5/3 1264/5/3
f 1266/2/3 1261/2/3 1255/2/3
f 1267/2/3 1261/2/3 1266/2/3
f 1270/4/3 1269/4/3 1268/4/3
f 1271/4/3 1269/4/3 1270/4/3
f 1274/2/3 1273/2/3 1272/2/3
f 1275/2/3 1273/2/3 1274/2/3
f 1278/2/3 1277/2/3 1276/2/3
f 1279/2/3 1277/2/3 1278/2/3
f 1282/2/3 1281/2/3 1280/2/3
f 1283/2/3 1281/2/3 1282/2/3
f 1286/3/3 1285/3/3 1284/3/3
f 1287/3/3 1286/3/3 1284/3/3
f 1288/3/3 1286/3/3 1287/3/3
f 1293/5/3 1290/5/3 1289/5/3
f 1294/5/3 1290/5/3 1293/5/3
f 1295/5/3 1290/5/3 1294/5/3
f 1297/2/3 1292/2/3 1291/2/3
f 1298/5/3 1293/5/3 1292/5/3
f 1298/5/3 1294/5/3 1293/5/3
f 1298/2/3 1292/2/3 1297/2/3
f 1299/5/3 1294/5/3 1298/5/3
f 1300/5/3 1294/5/3 1299/5/3
f 1302/2/3 1297/2/3 1296/2/3
f 1303/2/3 1297/2/3 1302/2/3
f 1304/2/3 1302/2/3 1301/2/3
f 1305/2/3 1302/2/3 1304/2/3
f 1308/2/3 1307/2/3 1306/2/3
f 1309/2/3 1307/2/3 1308/2/3
f 1312/2/3 1311/2/3 1310/2/3
f 1313/2/3 1311/2/3 1312/2/3
f 1316/2/3 1315/2/3 1314/2/3
f 1317/2/3 1315/2/3 1316/2/3
f 1320/3/3 1319/3/3 1318/3/3
f 1321/3/3 1319/3/3 1320/3/3
f 1326/2/3 1323/2/3 1322/2/3
f 1327/2/3 1323/2/3 1326/2/3
f 1328/2/3 1325/2/3 1324/2/3
f 1329/2/3 1325/2/3 1328/2/3
f 1332/5/3 1331/5/3 1330/5/3
f 1333/5/3 1331/5/3 1332/5/3
f 1335/5/3 1334/5/3 1333/5/3
f 1336/5/3 1334/5/3 1335/5/3
f 1339/2/3 1338/2/3 1337/2/3
f 1340/2/3 1338/2/3 1339/2/3
f 1343/2/3 1342/2/3 1341/2/3
f 1344/2/3 1342/2/3 1343/2/3
f 1347/2/3 1346/2/3 1345/2/3
f 1348/2/3 1346/2/3 1347/2/3
f 1351/3/3 1350/3/3 1349/3/3
f 1352/3/3 1350/3/3 1351/3/3
f 1353/3/3 1350/3/3 1352/3/3
f 1356/1/3 1355/1/3 1354/1/3
f 1357/1/3 1355/1/3 1356/1/3
f 1358/1/3 1355/1/3 1357/1/3
f 1360/1/3 1359/1/3 1358/1/3
f 1360/1/3 1358/1/3 1357/1/3
f 1361/1/3 1359/1/3 1360/1/3
f 1364/1/3 1360/1/3 1357/1/3
f 1365/1/3 1360/1/3 1364/1/3
f 1367/5/3 1363/5/3 1362/5/3
f 1368/5/3 1363/5/3 1367/5/3
f 1371/5/3 1367/5/3 1366/5/3
f 1372/5/3 1367/5/3 1371/5/3
f 1373/5/3 1367/5/3 1372/5/3
f 1374/2/3 1370/2/3 1369/2/3
f 1375/2/3 1370/2/3 1374/2/3
f 1377/2/3 1376/2/3 1375/2/3
f 1378/2/3 1376/2/3 1377/2/3
f 1381/2/3 1379/2/3 1378/2/3
f 1383/2/3 1381/2/3 1380/2/3
f 1384/2/3 1381/2/3 1383/2/3
f 1385/2/3 1379/2/3 1381/2/3
f 1385/2/3 1381/2/3 1384/2/3
f 1387/2/3 1384/2/3 1383/2/3
f 1387/2/3 1383/2/3 1382/2/3
f 1388/2/3 1384/2/3 1387/2/3
f 1389/2/3 1384/2/3 1388/2/3
f 1391/2/3 1387/2/3 1386/2/3
f 1391/2/3 1388/2/3 1387/2/3
f 1392/2/3 1388/2/3 1391/2/3
f 1393/2/3 1388/2/3 1392/2/3
f 1394/2/3 1391/2/3 1390/2/3
f 1394/2/3 1392/2/3 1391/2/3
f 1395/2/3 1392/2/3 1394/2/3
f 1396/2/3 1392/2/3 1395/2/3
f 1397/2/3 1392/2/3 1396/2/3
f 1400/2/3 1399/2/3 1398/2/3
f 1401/2/3 1399/2/3 1400/2/3
f 1404/2/3 1403/2/3 1402/2/3
f 1405/2/3 1403/2/3 1404/2/3
f 1411/3/3 1407/3/3 1406/3/3
f 1412/2/3 1409/2/3 1408/2/3
f 1413/2/3 1409/2/3 1412/2/3
f 1415/3/3 1411/3/3 1410/3/3
f 1416/3/3 1411/3/3 1415/3/3
f 1417/3/3 1407/3/3 1411/3/3
f 1417/3/3 1411/3/3 1416/3/3
f 1418/3/3 1407/3/3 1417/3/3
f 1419/3/3 1416/3/3 1415/3/3
f 1419/3/3 1415/3/3 1414/3/3
f 1420/3/3 1416/3/3 1419/3/3
f 1421/3/3 1416/3/3 1420/3/3
f 1424/3/3 1419/3/3 1414/3/3
f 1425/3/3 1421/3/3 1420/3/3
f 1425/3/3 1422/3/3 1421/3/3
f 1426/3/3 1422/3/3 1425/3/3
f 1427/3/3 1422/3/3 1426/3/3
f 1430/3/3 1424/3/3 1423/3/3
f 1431/3/3 1419/3/3 1424/3/3
f 1431/3/3 1424/3/3 1430/3/3
f 1432/3/3 1419/3/3 1431/3/3
f 1433/3/3 1427/3/3 1426/3/3
f 1433/3/3 1428/3/3 1427/3/3
f 1434/3/3 1428/3/3 1433/3/3
f 1436/3/3 1430/3/3 1429/3/3
f 1436/3/3 1431/3/3 1430/3/3
f 1437/3/3 1431/3/3 1436/3/3
f 1438/3/3 1431/3/3 1437/3/3
f 1439/3/3 1428/3/3 1434/3/3
f 1441/3/3 1437/3/3 1436/3/3
f 1441/3/3 1436/3/3 1435/3/3
f 1442/3/3 1437/3/3 1441/3/3
f 1443/3/3 1439/3/3 1434/3/3
f 1443/3/3 1440/3/3 1439/3/3
f 1444/3/3 1440/3/3 1443/3/3
f 1445/3/3 1441/3/3 1435/3/3
f 1446/3/3 1441/3/3 1445/3/3
f 1447/3/3 1440/3/3 1444/3/3
f 1449/3/3 1447/3/3 1444/3/3
f 1449/3/3 1448/3/3 1447/3/3
f 1450/3/3 1448/3/3 1449/3/3
f 1451/3/3 1448/3/3 1450/3/3
f 1453/3/3 1451/3/3 1450/3/3
f 1453/3/3 1452/3/3 1451/3/3
f 1454/3/3 1452/3/3 1453/3/3
f 1457/1/3 1456/1/3 1455/1/3
f 1458/1/3 1456/1/3 1457/1/3
f 1461/1/3 1460/1/3 1459/1/3
f 1462/1/3 1460/1/3 1461/1/3
f 1464/2/3 1462/2/3 1461/2/3
f 1464/2/3 1463/2/3 1462/2/3
f 1465/2/3 1463/2/3 1464/2/3
f 1466/2/3 1463/2/3 1465/2/3
f 1468/2/3 1467/2/3 1466/2/3
f 1469/2/3 1467/2/3 1468/2/3
f 1473/2/3 1471/2/3 1470/2/3
f 1474/2/3 1471/2/3 1473/2/3
f 1475/2/3 1473/2/3 1472/2/3
f 1476/2/3 1473/2/3 1475/2/3
f 1479/3/3 1478/3/3 1477/3/3
f 1480/3/3 1478/3/3 1479/3/3
f 1483/5/3 1482/5/3 1481/5/3
f 1484/5/3 1482/5/3 1483/5/3
f 1486/5/3 1485/5/3 1484/5/3
f 1487/5/3 1485/5/3 1486/5/3
f 1493/3/3 1489/3/3 1488/3/3
f 1493/3/3 1490/3/3 1489/3/3
f 1494/3/3 1490/3/3 1493/3/3
f 1496/3/3 1492/3/3 1491/3/3
f 1497/3/3 1490/3/3 1494/3/3
f 1500/3/3 1496/3/3 1495/3/3
f 1501/3/3 1492/3/3 1496/3/3
f 1501/3/3 1496/3/3 1500/3/3
f 1502/3/3 1492/3/3 1501/3/3
f 1503/3/3 1498/3/3 1497/3/3
f 1503/3/3 1497/3/3 1494/3/3
f 1504/3/3 1498/3/3 1503/3/3
f 1505/3/3 1500/3/3 1499/3/3
f 1505/3/3 1501/3/3 1500/3/3
f 1506/3/3 1501/3/3 1505/3/3
f 1508/3/3 1505/3/3 1499/3/3
f 1509/3/3 1498/3/3 1504/3/3
f 1510/3/3 1498/3/3 1509/3/3
f 1511/3/3 1508/3/3 1507/3/3
f 1511/3/3 1505/3/3 1508/3/3
f 1512/3/3 1505/3/3 1511/3/3
f 1513/3/3 1511/3/3 1507/3/3
f 1514/3/3 1511/3/3 1513/3/3
f 1517/5/3 1516/5/3 1515/5/3
f 1518/5/3 1516/5/3 1517/5/3
f 1519/5/3 1516/5/3 1518/5/3
f 1520/5/3 1518/5/3 1517/5/3
f 1521/5/3 1518/5/3 1520/5/3
f 1524/2/3 1523/2/3 1522/2/3
f 1525/2/3 1523/2/3 1524/2/3
f 1528/3/3 1527/3/3 1526/3/3
f 1529/3/3 1527/3/3 1528/3/3
f 1531/3/3 1529/3/3 1528/3/3
f 1531/3/3 1530/3/3 1529/3/3
f 1532/3/3 1530/3/3 1531/3/3
f 1536/2/3 1534/2/3 1533/2/3
f 1537/2/3 1534/2/3 1536/2/3
f 1538/2/3 1536/2/3 1535/2/3
f 1538/5/3 1537/5/3 1536/5/3
f 1539/5/3 1537/5/3 1538/5/3
f 1543/2/3 1539/2/3 1538/2/3
f 1543/2/3 1538/2/3 1535/2/3
f 1544/4/3 1541/4/3 1540/4/3
f 1545/4/3 1541/4/3 1544/4/3
f 1546/2/3 1543/2/3 1542/2/3
f 1547/2/3 1539/2/3 1543/2/3
f 1547/2/3 1543/2/3 1546/2/3
f 1550/5/3 1549/5/3 1548/5/3
f 1551/5/3 1549/5/3 1550/5/3
f 1554/5/3 1553/5/3 1552/5/3
f 1555/5/3 1553/5/3 1554/5/3
f 1556/5/3 1553/5/3 1555/5/3
f 1562/2/3 1559/2/3 1558/2/3
f 1562/2/3 1558/2/3 1557/2/3
f 1563/4/3 1561/4/3 1560/4/3
f 1564/4/3 1561/4/3 1563/4/3
f 1565/2/3 1562/2/3 1557/2/3
f 1566/2/3 1562/2/3 1565/2/3
f 1569/5/3 1568/5/3 1567/5/3
f 1570/5/3 1568/5/3 1569/5/3
f 1573/3/3 1572/3/3 1571/3/3
f 1574/3/3 1572/3/3 1573/3/3
f 1575/3/3 1573/3/3 1571/3/3
f 1576/3/3 1573/3/3 1575/3/3
f 1579/3/3 1578/3/3 1577/3/3
f 1580/3/3 1578/3/3 1579/3/3
f 1583/3/3 1582/3/3 1581/3/3
f 1584/3/3 1582/3/3 1583/3/3
f 1585/3/3 1582/3/3 1584/3/3
f 1589/3/3 1586/3/3 1585/3/3
f 1589/3/3 1585/3/3 1584/3/3
f 1590/3/3 1586/3/3 1589/3/3
f 1591/3/3 1588/3/3 1587/3/3
f 1592/3/3 1588/3/3 1591/3/3
f 1594/3/3 1592/3/3 1591/3/3
f 1594/3/3 1593/3/3 1592/3/3
f 1595/3/3 1593/3/3 1594/3/3
f 1599/3/3 1593/3/3 1595/3/3
f 1600/3/3 1593/3/3 1599/3/3
f 1601/3/3 1598/3/3 1597/3/3
f 1601/3/3 1597/3/3 1596/3/3
f 1602/3/3 1598/3/3 1601/3/3
f 1603/3/3 1598/3/3 1602/3/3
f 1604/3/3 1598/3/3 1603/3/3
f 1605/3/4 1606/3/4 1607/3/4
f 1607/3/4 1606/3/4 1608/3/4
f 1607/3/4 1608/3/4 1612/3/4
f 1608/3/4 1609/3/4 1612/3/4
f 1612/3/4 1609/3/4 1613/3/4
f 1610/3/4 1611/3/4 1614/3/4
f 1614/3/4 1611/3/4 1615/3/4
f 1614/3/4 1615/3/4 1617/3/4
f 1615/3/4 1616/3/4 1617/3/4
f 1617/3/4 1616/3/4 1618/3/4
f 1618/3/4 1616/3/4 1622/3/4
f 1622/3/4 1616/3/4 1623/3/4
f 1620/3/4 1621/3/4 1624/3/4
f 1619/3/4 1620/3/4 1624/3/4
f 1624/3/4 1621/3/4 1625/3/4
f 1625/3/4 1621/3/4 1626/3/4
f 1626/3/4 1621/3/4 1627/3/4
f 1628/3/4 1629/3/4 1630/3/4
f 1630/3/4 1629/3/4 1631/3/4
f 1628/3/4 1630/3/4 1632/3/4
f 1632/3/4 1630/3/4 1633/3/4
f 1634/3/4 1635/3/4 1636/3/4
f 1636/3/4 1635/3/4 1637/3/4
f 1638/5/4 1639/5/4 1640/5/4
f 1640/5/4 1639/5/4 1641/5/4
f 1642/5/4 1643/5/4 1644/5/4
f 1644/5/4 1643/5/4 1645/5/4
f 1646/5/4 1647/5/4 1648/5/4
f 1648/5/4 1647/5/4 1649/5/4
f 1650/2/4 1651/2/4 1655/2/4
f 1651/2/4 1652/2/4 1655/2/4
f 1653/4/4 1654/4/4 1656/4/4
f 1656/4/4 1654/4/4 1657/4/4
f 1650/2/4 1655/2/4 1658/2/4
f 1658/2/4 1655/2/4 1659/2/4
f 1660/3/4 1661/3/4 1663/3/4
f 1661/3/4 1662/3/4 1663/3/4
f 1663/3/4 1662/3/4 1664/3/4
f 1664/3/4 1662/3/4 1665/3/4
f 1665/3/4 1662/3/4 1666/3/4
f 1667/2/4 1668/2/4 1670/2/4
f 1671/5/4 1672/5/4 1673/5/4
f 1673/5/4 1672/5/4 1674/5/4
f 1669/2/4 1670/2/4 1678/2/4
f 1675/4/4 1676/4/4 1679/4/4
f 1679/4/4 1676/4/4 1680/4/4
f 1677/2/4 1678/2/4 1681/2/4
f 1670/2/4 1668/2/4 1682/2/4
f 1681/2/4 1678/2/4 1682/2/4
f 1678/2/4 1670/2/4 1682/2/4
f 1683/3/4 1684/3/4 1685/3/4
f 1683/3/4 1685/3/4 1687/3/4
f 1685/3/4 1686/3/4 1687/3/4
f 1687/3/4 1686/3/4 1688/3/4
f 1689/5/4 1690/5/4 1691/5/4
f 1691/5/4 1690/5/4 1692/5/4
f 1692/5/4 1690/5/4 1693/5/4
f 1691/5/4 1692/5/4 1694/5/4
f 1694/5/4 1692/5/4 1695/5/4
f 1696/2/4 1697/2/4 1698/2/4
f 1698/2/4 1697/2/4 1699/2/4
f 1700/3/4 1701/3/4 1702/3/4
f 1702/3/4 1701/3/4 1703/3/4
f 1704/5/4 1705/5/4 1706/5/4
f 1706/5/4 1705/5/4 1707/5/4
f 1707/5/4 1708/5/4 1709/5/4
f 1709/5/4 1708/5/4 1710/5/4
f 1711/3/4 1712/3/4 1713/3/4
f 1713/3/4 1712/3/4 1714/3/4
f 1714/3/4 1712/3/4 1715/3/4
f 1716/1/4 1717/1/4 1718/1/4
f 1718/1/4 1717/1/4 1719/1/4
f 1719/1/4 1720/1/4 1721/1/4
f 1721/1/4 1720/1/4 1722/1/4
f 1723/5/4 1724/5/4 1726/5/4
f 1726/5/4 1724/5/4 1727/5/4
f 1725/5/4 1726/5/4 1728/5/4
f 1728/5/4 1726/5/4 1729/5/4
f 1729/5/4 1726/5/4 1730/5/4
f 1731/2/4 1732/2/4 1735/2/4
f 1733/2/4 1734/2/4 1737/2/4
f 1737/2/4 1734/2/4 1738/2/4
f 1735/2/4 1732/2/4 1739/2/4
f 1739/2/4 1732/2/4 1740/2/4
f 1736/2/4 1737/2/4 1742/2/4
f 1742/2/4 1737/2/4 1743/2/4
f 1741/2/4 1742/2/4 1745/2/4
f 1745/2/4 1742/2/4 1746/2/4
f 1744/2/4 1745/2/4 1747/2/4
f 1747/2/4 1745/2/4 1748/2/4
f 1748/2/4 1749/2/4 1750/2/4
f 1750/2/4 1749/2/4 1751/2/4
f 1752/3/4 1753/3/4 1756/3/4
f 1754/3/4 1755/3/4 1758/3/4
f 1756/3/4 1753/3/4 1759/3/4
f 1759/3/4 1753/3/4 1760/3/4
f 1757/3/4 1758/3/4 1761/3/4
f 1758/3/4 1755/3/4 1761/3/4
f 1761/3/4 1755/3/4 1762/3/4
f 1757/3/4 1761/3/4 1766/3/4
f 1763/3/4 1764/3/4 1767/3/4
f 1767/3/4 1764/3/4 1768/3/4
f 1765/3/4 1766/3/4 1771/3/4
f 1766/3/4 1761/3/4 1772/3/4
f 1771/3/4 1766/3/4 1772/3/4
f 1772/3/4 1761/3/4 1773/3/4
f 1768/3/4 1769/3/4 1774/3/4
f 1767/3/4 1768/3/4 1774/3/4
f 1774/3/4 1769/3/4 1775/3/4
f 1770/3/4 1771/3/4 1777/3/4
f 1771/3/4 1772/3/4 1777/3/4
f 1777/3/4 1772/3/4 1778/3/4
f 1778/3/4 1772/3/4 1779/3/4
f 1775/3/4 1769/3/4 1780/3/4
f 1777/3/4 1778/3/4 1782/3/4
f 1776/3/4 1777/3/4 1782/3/4
f 1782/3/4 1778/3/4 1783/3/4
f 1775/3/4 1780/3/4 1784/3/4
f 1780/3/4 1781/3/4 1784/3/4
f 1784/3/4 1781/3/4 1785/3/4
f 1776/3/4 1782/3/4 1786/3/4
f 1786/3/4 1782/3/4 1787/3/4
f 1785/3/4 1781/3/4 1788/3/4
f 1785/3/4 1788/3/4 1790/3/4
f 1788/3/4 1789/3/4 1790/3/4
f 1790/3/4 1789/3/4 1791/3/4
f 1791/3/4 1789/3/4 1792/3/4
f 1792/3/4 1793/3/4 1794/3/4
f 1791/3/4 1792/3/4 1794/3/4
f 1794/3/4 1793/3/4 1795/3/4
f 1796/1/4 1797/1/4 1798/1/4
f 1796/1/4 1798/1/4 1800/1/4
f 1798/1/4 1799/1/4 1800/1/4
f 1800/1/4 1799/1/4 1801/1/4
f 1801/1/4 1799/1/4 1802/1/4
f 1802/1/4 1803/1/4 1804/1/4
f 1801/1/4 1802/1/4 1804/1/4
f 1804/1/4 1803/1/4 1805/1/4
f 1805/1/4 1803/1/4 1806/1/4
f 1806/2/4 1807/2/4 1808/2/4
f 1805/2/4 1806/2/4 1808/2/4
f 1808/2/4 1807/2/4 1809/2/4
f 1809/2/4 1807/2/4 1810/2/4
f 1810/2/4 1811/2/4 1812/2/4
f 1809/2/4 1810/2/4 1812/2/4
f 1812/2/4 1811/2/4 1813/2/4
f 1813/2/4 1811/2/4 1814/2/4
f 1814/2/4 1811/2/4 1815/2/4
f 1816/2/4 1817/2/4 1819/2/4
f 1819/2/4 1817/2/4 1820/2/4
f 1818/2/4 1819/2/4 1822/2/4
f 1821/2/4 1822/2/4 1824/2/4
f 1822/2/4 1819/2/4 1825/2/4
f 1824/2/4 1822/2/4 1825/2/4
f 1825/2/4 1819/2/4 1826/2/4
f 1823/2/4 1824/2/4 1827/2/4
f 1824/2/4 1825/2/4 1827/2/4
f 1827/2/4 1825/2/4 1828/2/4
f 1828/2/4 1825/2/4 1830/2/4
f 1830/2/4 1825/2/4 1831/2/4
f 1829/2/4 1830/2/4 1832/2/4
f 1832/2/4 1830/2/4 1833/2/4
f 1834/2/4 1835/2/4 1836/2/4
f 1836/2/4 1835/2/4 1837/2/4
f 1838/2/4 1839/2/4 1840/2/4
f 1840/2/4 1839/2/4 1841/2/4
f 1842/2/4 1843/2/4 1846/2/4
f 1846/2/4 1843/2/4 1847/2/4
f 1844/3/4 1845/3/4 1848/3/4
f 1844/3/4 1848/3/4 1849/3/4
f 1849/3/4 1848/3/4 1850/3/4
f 1850/3/4 1848/3/4 1851/3/4
f 1852/2/4 1853/2/4 1856/2/4
f 1856/2/4 1853/2/4 1857/2/4
f 1854/2/4 1855/2/4 1858/2/4
f 1858/2/4 1855/2/4 1859/2/4
f 1860/5/4 1861/5/4 1862/5/4
f 1862/5/4 1861/5/4 1863/5/4
f 1863/5/4 1864/5/4 1865/5/4
f 1865/5/4 1864/5/4 1866/5/4
f 1867/2/4 1868/2/4 1869/2/4
f 1869/2/4 1868/2/4 1870/2/4
f 1871/2/4 1872/2/4 1873/2/4
f 1873/2/4 1872/2/4 1874/2/4
f 1875/2/4 1876/2/4 1877/2/4
f 1877/2/4 1876/2/4 1878/2/4
f 1879/3/4 1880/3/4 1883/3/4
f 1879/3/4 1883/3/4 1885/3/4
f 1883/3/4 1884/3/4 1885/3/4
f 1885/3/4 1884/3/4 1886/3/4
f 1881/3/4 1882/3/4 1888/3/4
f 1886/3/4 1884/3/4 1889/3/4
f 1887/3/4 1888/3/4 1892/3/4
f 1888/3/4 1882/3/4 1893/3/4
f 1892/3/4 1888/3/4 1893/3/4
f 1893/3/4 1882/3/4 1894/3/4
f 1889/3/4 1890/3/4 1895/3/4
f 1886/3/4 1889/3/4 1895/3/4
f 1895/3/4 1890/3/4 1896/3/4
f 1891/3/4 1892/3/4 1897/3/4
f 1892/3/4 1893/3/4 1897/3/4
f 1897/3/4 1893/3/4 1898/3/4
f 1896/3/4 1890/3/4 1899/3/4
f 1899/3/4 1890/3/4 1900/3/4
f 1891/3/4 1897/3/4 1902/3/4
f 1902/3/4 1897/3/4 1903/3/4
f 1901/3/4 1902/3/4 1903/3/4
f 1903/3/4 1897/3/4 1904/3/4
f 1901/3/4 1903/3/4 1905/3/4
f 1905/3/4 1903/3/4 1906/3/4
f 1907/5/4 1908/5/4 1910/5/4
f 1910/5/4 1908/5/4 1911/5/4
f 1911/5/4 1908/5/4 1912/5/4
f 1909/5/4 1910/5/4 1914/5/4
f 1910/5/4 1911/5/4 1914/5/4
f 1914/5/4 1911/5/4 1915/5/4
f 1915/5/4 1911/5/4 1916/5/4
f 1913/2/4 1914/2/4 1918/2/4
f 1918/2/4 1914/2/4 1919/2/4
f 1917/2/4 1918/2/4 1920/2/4
f 1920/2/4 1918/2/4 1921/2/4
f 1922/2/4 1923/2/4 1924/2/4
f 1924/2/4 1923/2/4 1925/2/4
f 1926/2/4 1927/2/4 1928/2/4
f 1928/2/4 1927/2/4 1929/2/4
f 1930/2/4 1931/2/4 1932/2/4
f 1932/2/4 1931/2/4 1933/2/4
f 1934/2/4 1935/2/4 1936/2/4
f 1936/2/4 1935/2/4 1937/2/4
f 1938/3/4 1939/3/4 1940/3/4
f 1940/3/4 1939/3/4 1941/3/4
f 1941/3/4 1939/3/4 1942/3/4
f 1942/3/4 1943/3/4 1944/3/4
f 1941/3/4 1942/3/4 1944/3/4
f 1944/3/4 1943/3/4 1945/3/4
f 1946/2/4 1947/2/4 1949/2/4
f 1949/2/4 1947/2/4 1950/2/4
f 1950/2/4 1947/2/4 1951/2/4
f 1948/2/4 1949/2/4 1953/2/4
f 1949/2/4 1950/2/4 1953/2/4
f 1953/2/4 1950/2/4 1954/2/4
f 1954/2/4 1950/2/4 1955/2/4
f 1952/2/4 1953/2/4 1956/2/4
f 1953/2/4 1954/2/4 1956/2/4
f 1956/2/4 1954/2/4 1957/2/4
f 1952/2/4 1956/2/4 1958/2/4
f 1958/2/4 1956/2/4 1959/2/4
f 1960/4/4 1961/4/4 1962/4/4
f 1962/4/4 1961/4/4 1963/4/4
f 1964/2/4 1965/2/4 1966/2/4
f 1966/2/4 1965/2/4 1967/2/4
f 1968/2/4 1969/2/4 1970/2/4
f 1970/2/4 1969/2/4 1971/2/4
f 1972/2/4 1973/2/4 1974/2/4
f 1974/2/4 1973/2/4 1975/2/4
f 1976/5/4 1977/5/4 1979/5/4
f 1979/5/4 1977/5/4 1980/5/4
f 1980/5/4 1977/5/4 1981/5/4
f 1978/2/4 1979/2/4 1985/2/4
f 1979/2/4 1980/2/4 1985/2/4
f 1985/2/4 1980/2/4 1986/2/4
f 1986/2/4 1980/2/4 1987/2/4
f 1982/5/4 1983/5/4 1988/5/4
f 1988/5/4 1983/5/4 1989/5/4
f 1989/5/4 1983/5/4 1990/5/4
f 1984/2/4 1985/2/4 1991/2/4
f 1985/2/4 1986/2/4 1991/2/4
f 1991/2/4 1986/2/4 1992/2/4
f 1989/2/4 1990/2/4 1993/2/4
f 1993/2/4 1990/2/4 1994/2/4
f 1995/4/4 1996/4/4 1998/4/4
f 1998/4/4 1996/4/4 1999/4/4
f 2001/2/4 2002/2/4 2003/2/4
f 2003/2/4 2002/2/4 2004/2/4
f 1997/2/4 1998/2/4 2005/2/4
f 1998/2/4 1999/2/4 2005/2/4
f 1999/2/4 2000/2/4 2005/2/4
f 2005/2/4 2000/2/4 2006/2/4
f 2007/2/4 2008/2/4 2009/2/4
f 2009/2/4 2008/2/4 2010/2/4
f 2013/2/4 2014/2/4 2015/2/4
f 2015/2/4 2014/2/4 2016/2/4
f 2011/2/4 2012/2/4 2018/2/4
f 2018/2/4 2012/2/4 2019/2/4
f 2016/2/4 2017/2/4 2020/2/4
f 2020/2/4 2017/2/4 2021/2/4
f 2022/5/4 2023/5/4 2025/5/4
f 2025/5/4 2023/5/4 2026/5/4
f 2024/2/4 2025/2/4 2028/2/4
f 2026/2/4 2027/2/4 2028/2/4
f 2025/2/4 2026/2/4 2028/2/4
f 2028/2/4 2027/2/4 2029/2/4
f 2032/2/4 2033/2/4 2034/2/4
f 2034/2/4 2033/2/4 2035/2/4
f 2035/2/4 2033/2/4 2037/2/4
f 2037/2/4 2033/2/4 2038/2/4
f 2036/2/4 2037/2/4 2039/2/4
f 2039/2/4 2037/2/4 2040/2/4
f 2038/2/4 2033/2/4 2041/2/4
f 2041/2/4 2033/2/4 2042/2/4
f 2030/2/4 2031/2/4 2045/2/4
f 2045/2/4 2031/2/4 2046/2/4
f 2046/2/4 2031/2/4 2047/2/4
f 2047/2/4 2031/2/4 2048/2/4
f 2043/2/4 2044/2/4 2051/2/4
f 2051/2/4 2044/2/4 2052/2/4
f 2049/2/4 2050/2/4 2053/2/4
f 2053/2/4 2050/2/4 2054/2/4
f 2054/2/4 2055/2/4 2056/2/4
f 2056/2/4 2055/2/4 2057/2/4
f 2058/2/4 2059/2/4 2060/2/4
f 2060/2/4 2059/2/4 2061/2/4
f 2062/2/4 2063/2/4 2064/2/4
f 2064/2/4 2063/2/4 2065/2/4
f 2066/3/4 2067/3/4 2068/3/4
f 2068/3/4 2067/3/4 2069/3/4
f 2070/3/4 2071/3/4 2074/3/4
f 2074/3/4 2071/3/4 2075/3/4
f 2072/2/4 2073/2/4 2076/2/4
f 2078/2/4 2079/2/4 2080/2/4
f 2076/2/4 2077/2/4 2081/2/4
f 2072/2/4 2076/2/4 2081/2/4
f 2081/2/4 2077/2/4 2082/2/4
f 2078/2/4 2080/2/4 2083/2/4
f 2083/2/4 2080/2/4 2084/2/4
f 2085/2/4 2086/2/4 2087/2/4
f 2087/2/4 2086/2/4 2088/2/4
f 2088/2/4 2086/2/4 2089/2/4
f 2089/2/4 2086/2/4 2090/2/4
f 2090/2/4 2086/2/4 2091/2/4
f 2091/2/4 2086/2/4 2092/2/4
f 2092/2/4 2086/2/4 2093/2/4
f 2093/2/4 2086/2/4 2094/2/4
f 2094/2/4 2086/2/4 2095/2/4
f 2095/2/4 2086/2/4 2096/2/4
f 2099/3/4 2100/3/4 2101/3/4
f 2099/3/4 2101/3/4 2103/3/4
f 2101/3/4 2102/3/4 2103/3/4
f 2103/3/4 2102/3/4 2104/3/4
f 2104/3/4 2102/3/4 2105/3/4
f 2105/3/4 2102/3/4 2106/3/4
f 2104/3/4 2105/3/4 2107/3/4
f 2107/3/4 2105/3/4 2108/3/4
f 2108/3/4 2105/3/4 2109/3/4
f 2108/3/4 2109/3/4 2110/3/4
f 2110/3/4 2109/3/4 2111/3/4
f 2104/3/4 2107/3/4 2112/3/4
f 2104/3/4 2112/3/4 2114/3/4
f 2112/3/4 2113/3/4 2114/3/4
f 2114/3/4 2113/3/4 2115/3/4
f 2115/3/4 2113/3/4 2116/3/4
f 2097/2/4 2098/2/4 2117/2/4
f 2117/2/4 2098/2/4 2118/2/4
f 2119/3/4 2120/3/4 2121/3/4
f 2121/3/4 2120/3/4 2122/3/4
f 2122/3/4 2120/3/4 2123/3/4
f 2123/3/4 2124/3/4 2127/3/4
f 2122/3/4 2123/3/4 2127/3/4
f 2127/3/4 2124/3/4 2128/3/4
f 2125/3/4 2126/3/4 2129/3/4
f 2125/3/4 2129/3/4 2131/3/4
f 2129/3/4 2130/3/4 2131/3/4
f 2131/3/4 2130/3/4 2132/3/4
f 2132/3/4 2130/3/4 2135/3/4
f 2135/3/4 2130/3/4 2136/3/4
f 2133/3/4 2134/3/4 2137/3/4
f 2137/3/4 2134/3/4 2138/3/4
f 2138/3/4 2134/3/4 2139/3/4
f 2139/3/4 2134/3/4 2140/3/4
f 2144/2/5 2142/2/5 2141/2/5
f 2146/2/5 2144/2/5 2143/2/5
f 2148/2/5 2146/2/5 2145/2/5
f 2149/2/5 2142/2/5 2144/2/5
f 2149/2/5 2148/2/5 2147/2/5
f 2149/2/5 2146/2/5 2148/2/5
f 2149/2/5 2144/2/5 2146/2/5
f 2151/2/5 2149/2/5 2147/2/5
f 2151/2/5 2150/2/5 2149/2/5
f 2152/2/5 2150/2/5 2151/2/5
f 2153/2/5 2151/2/5 2147/2/5
f 2154/2/5 2151/2/5 2153/2/5
f 2155/2/5 2151/2/5 2154/2/5
f 2156/2/5 2151/2/5 2155/2/5
f 2157/2/5 2151/2/5 2156/2/5
f 2158/2/5 2151/2/5 2157/2/5
f 2159/2/5 2151/2/5 2158/2/5
f 2160/2/5 2151/2/5 2159/2/5
f 2163/2/5 2162/2/5 2161/2/5
f 2165/2/5 2163/2/5 2161/2/5
f 2165/2/5 2164/2/5 2163/2/5
f 2166/2/5 2164/2/5 2165/2/5
f 2168/2/5 2164/2/5 2166/2/5
f 2169/2/5 2164/2/5 2168/2/5
f 2169/2/5 2168/2/5 2167/2/5
f 2170/2/5 2164/2/5 2169/2/5
f 2171/2/5 2169/2/5 2167/2/5
f 2172/2/5 2169/2/5 2171/2/5
f 2176/2/5 2174/2/5 2173/2/5
f 2177/2/5 2174/2/5 2176/2/5
f 2180/2/5 2176/2/5 2175/2/5
f 2180/2/5 2178/2/5 2177/2/5
f 2180/2/5 2177/2/5 2176/2/5
f 2181/2/5 2178/2/5 2180/2/5
f 2182/2/5 2178/2/5 2181/2/5
f 2183/2/5 2180/2/5 2179/2/5
f 2183/2/5 2181/2/5 2180/2/5
f 2184/2/5 2181/2/5 2183/2/5
f 2185/2/5 2178/2/5 2182/2/5
f 2188/2/5 2183/2/5 2179/2/5
f 2189/2/5 2183/2/5 2188/2/5
f 2190/2/5 2183/2/5 2189/2/5
f 2191/2/5 2186/2/5 2185/2/5
f 2191/2/5 2185/2/5 2182/2/5
f 2192/2/5 2186/2/5 2191/2/5
f 2194/2/5 2189/2/5 2188/2/5
f 2194/2/5 2188/2/5 2187/2/5
f 2195/2/5 2189/2/5 2194/2/5
f 2196/2/5 2189/2/5 2195/2/5
f 2198/2/5 2194/2/5 2193/2/5
f 2198/2/5 2195/2/5 2194/2/5
f 2199/2/5 2198/2/5 2197/2/5
f 2200/2/5 2195/2/5 2198/2/5
f 2200/2/5 2198/2/5 2199/2/5
f 2201/2/5 2195/2/5 2200/2/5
f 2202/2/5 2195/2/5 2201/2/5
f 2203/2/5 2195/2/5 2202/2/5
f 2205/2/5 2204/2/5 2203/2/5
f 2205/2/5 2203/2/5 2202/2/5
f 2206/2/5 2204/2/5 2205/2/5
f 2207/2/5 2204/2/5 2206/2/5
f 2210/2/5 2186/2/5 2192/2/5
f 2211/2/5 2208/2/5 2207/2/5
f 2211/2/5 2207/2/5 2206/2/5
f 2213/2/5 2210/2/5 2209/2/5
f 2213/2/5 2186/2/5 2210/2/5
f 2214/2/5 2186/2/5 2213/2/5
f 2215/2/5 2212/2/5 2211/2/5
f 2215/2/5 2211/2/5 2206/2/5
f 2216/2/5 2212/2/5 2215/2/5
f 2217/2/5 2212/2/5 2216/2/5
f 2218/2/5 2213/2/5 2209/2/5
f 2219/2/5 2217/2/5 2216/2/5
f 2219/2/5 2218/2/5 2217/2/5
f 2220/2/5 2218/2/5 2219/2/5
f 2221/2/5 2213/2/5 2218/2/5
f 2221/2/5 2218/2/5 2220/2/5
f 2222/2/5 2213/2/5 2221/2/5
f 2223/2/5 2221/2/5 2220/2/5
f 2224/2/5 2221/2/5 2223/2/5
f 2227/2/5 2226/2/5 2225/2/5
f 2231/2/5 2227/2/5 2225/2/5
f 2231/2/5 2228/2/5 2227/2/5
f 2232/2/5 2228/2/5 2231/2/5
f 2235/2/5 2230/2/5 2229/2/5
f 2236/2/5 2230/2/5 2235/2/5
f 2238/2/5 2234/2/5 2233/2/5
f 2239/2/5 2234/2/5 2238/2/5
f 2240/2/5 2238/2/5 2237/2/5
f 2241/2/5 2238/2/5 2240/2/5
f 2242/2/5 2228/2/5 2232/2/5
f 2246/2/5 2243/2/5 2242/2/5
f 2246/2/5 2242/2/5 2232/2/5
f 2247/2/5 2243/2/5 2246/2/5
f 2248/2/5 2245/2/5 2244/2/5
f 2249/2/5 2245/2/5 2248/2/5
f 2251/2/5 2250/2/5 2249/2/5
f 2252/2/5 2250/2/5 2251/2/5
f 2255/2/5 2254/2/5 2253/2/5
f 2256/2/5 2254/2/5 2255/2/5
f 2258/2/5 2246/2/5 2232/2/5
f 2259/2/5 2258/2/5 2257/2/5
f 2259/2/5 2246/2/5 2258/2/5
f 2260/2/5 2246/2/5 2259/2/5
f 2261/2/5 2259/2/5 2257/2/5
f 2262/2/5 2259/2/5 2261/2/5
f 2265/2/5 2264/2/5 2263/2/5
f 2266/2/5 2264/2/5 2265/2/5
f 2272/2/5 2269/2/5 2268/2/5
f 2273/2/5 2269/2/5 2272/2/5
f 2274/2/5 2267/2/5 2266/2/5
f 2277/2/5 2271/2/5 2270/2/5
f 2278/2/5 2271/2/5 2277/2/5
f 2279/2/5 2275/2/5 2274/2/5
f 2279/2/5 2274/2/5 2266/2/5
f 2280/2/5 2275/2/5 2279/2/5
f 2281/2/5 2275/2/5 2280/2/5
f 2283/2/5 2281/2/5 2280/2/5
f 2283/2/5 2282/2/5 2281/2/5
f 2284/2/5 2282/2/5 2283/2/5
f 2285/2/5 2277/2/5 2276/2/5
f 2286/2/5 2277/2/5 2285/2/5
f 2288/2/5 2283/2/5 2280/2/5
f 2289/5/5 2286/5/5 2285/5/5
f 2290/5/5 2286/5/5 2289/5/5
f 2292/2/5 2291/2/5 2290/2/5
f 2293/2/5 2291/2/5 2292/2/5
f 2296/2/5 2288/2/5 2287/2/5
f 2296/2/5 2283/2/5 2288/2/5
f 2297/2/5 2283/2/5 2296/2/5
f 2298/2/5 2295/2/5 2294/2/5
f 2299/2/5 2295/2/5 2298/2/5
f 2301/2/5 2296/2/5 2287/2/5
f 2302/2/5 2296/2/5 2301/2/5
f 2303/2/5 2301/2/5 2300/2/5
f 2304/2/5 2301/2/5 2303/2/5
f 2309/2/5 2306/2/5 2305/2/5
f 2310/2/5 2306/2/5 2309/2/5
f 2313/5/5 2308/5/5 2307/5/5
f 2314/5/5 2308/5/5 2313/5/5
f 2315/2/5 2306/2/5 2310/2/5
f 2317/5/5 2312/5/5 2311/5/5
f 2318/5/5 2312/5/5 2317/5/5
f 2319/2/5 2316/2/5 2315/2/5
f 2319/2/5 2315/2/5 2310/2/5
f 2320/2/5 2316/2/5 2319/2/5
f 2321/2/5 2316/2/5 2320/2/5
f 2325/2/5 2321/2/5 2320/2/5
f 2325/2/5 2322/2/5 2321/2/5
f 2326/2/5 2322/2/5 2325/2/5
f 2329/5/5 2324/5/5 2323/5/5
f 2330/5/5 2324/5/5 2329/5/5
f 2331/3/5 2328/3/5 2327/3/5
f 2332/3/5 2328/3/5 2331/3/5
f 2334/2/5 2322/2/5 2326/2/5
f 2335/2/5 2322/2/5 2334/2/5
f 2335/2/5 2334/2/5 2333/2/5
f 2336/2/5 2322/2/5 2335/2/5
f 2340/2/5 2335/2/5 2333/2/5
f 2341/5/5 2338/5/5 2337/5/5
f 2342/5/5 2338/5/5 2341/5/5
f 2345/2/5 2340/2/5 2339/2/5
f 2345/2/5 2335/2/5 2340/2/5
f 2346/2/5 2335/2/5 2345/2/5
f 2347/5/5 2344/5/5 2343/5/5
f 2348/5/5 2344/5/5 2347/5/5
f 2350/2/5 2345/2/5 2339/2/5
f 2351/2/5 2350/2/5 2349/2/5
f 2352/2/5 2345/2/5 2350/2/5
f 2352/2/5 2350/2/5 2351/2/5
f 2355/2/5 2354/2/5 2353/2/5
f 2356/2/5 2354/2/5 2355/2/5
f 2360/2/5 2357/2/5 2356/2/5
f 2361/2/5 2357/2/5 2360/2/5
f 2362/5/5 2359/5/5 2358/5/5
f 2363/5/5 2359/5/5 2362/5/5
f 2366/5/5 2365/5/5 2364/5/5
f 2367/5/5 2365/5/5 2366/5/5
f 2371/2/5 2369/2/5 2368/2/5
f 2372/2/5 2369/2/5 2371/2/5
f 2373/2/5 2371/2/5 2370/2/5
f 2374/2/5 2371/2/5 2373/2/5
f 2377/5/5 2376/5/5 2375/5/5
f 2378/5/5 2376/5/5 2377/5/5
f 2381/2/5 2380/2/5 2379/2/5
f 2382/2/5 2380/2/5 2381/2/5
f 2385/5/5 2384/5/5 2383/5/5
f 2386/5/5 2384/5/5 2385/5/5
f 2391/5/5 2388/5/5 2387/5/5
f 2392/5/5 2388/5/5 2391/5/5
f 2397/5/5 2390/5/5 2389/5/5
f 2398/5/5 2390/5/5 2397/5/5
f 2399/3/5 2396/3/5 2395/3/5
f 2400/3/5 2396/3/5 2399/3/5
f 2403/2/5 2394/2/5 2393/2/5
f 2404/2/5 2394/2/5 2403/2/5
f 2405/5/5 2402/5/5 2401/5/5
f 2406/5/5 2402/5/5 2405/5/5
f 2409/5/5 2408/5/5 2407/5/5
f 2410/5/5 2408/5/5 2409/5/5
f 2413/2/5 2412/2/5 2411/2/5
f 2414/2/5 2412/2/5 2413/2/5
f 2417/2/5 2416/2/5 2415/2/5
f 2418/2/5 2416/2/5 2417/2/5
f 2420/2/5 2418/2/5 2417/2/5
f 2424/2/5 2420/2/5 2419/2/5
f 2425/5/5 2424/5/5 2423/5/5
f 2426/2/5 2420/2/5 2424/2/5
f 2426/5/5 2424/5/5 2425/5/5
f 2427/2/5 2422/2/5 2421/2/5
f 2428/2/5 2422/2/5 2427/2/5
f 2431/3/5 2430/3/5 2429/3/5
f 2432/3/5 2430/3/5 2431/3/5
f 2434/2/5 2420/2/5 2426/2/5
f 2439/5/5 2434/5/5 2433/5/5
f 2440/2/5 2420/2/5 2434/2/5
f 2440/5/5 2434/5/5 2439/5/5
f 2441/3/5 2438/3/5 2437/3/5
f 2442/3/5 2438/3/5 2441/3/5
f 2443/2/5 2420/2/5 2440/2/5
f 2444/2/5 2418/2/5 2420/2/5
f 2444/2/5 2420/2/5 2443/2/5
f 2445/2/5 2436/2/5 2435/2/5
f 2446/2/5 2436/2/5 2445/2/5
f 2447/2/5 2418/2/5 2444/2/5
f 2448/2/5 2418/2/5 2447/2/5
f 2449/2/5 2448/2/5 2447/2/5
f 2450/2/5 2448/2/5 2449/2/5
f 2454/2/5 2452/2/5 2451/2/5
f 2457/3/5 2456/3/5 2455/3/5
f 2458/3/5 2456/3/5 2457/3/5
f 2461/2/5 2454/2/5 2453/2/5
f 2462/2/5 2452/2/5 2454/2/5
f 2462/2/5 2454/2/5 2461/2/5
f 2463/3/5 2460/3/5 2459/3/5
f 2464/3/5 2460/3/5 2463/3/5
f 2465/2/5 2452/2/5 2462/2/5
f 2466/2/5 2452/2/5 2465/2/5
f 2469/3/5 2468/3/5 2467/3/5
f 2470/3/5 2468/3/5 2469/3/5
f 2473/4/5 2472/4/5 2471/4/5
f 2474/4/5 2472/4/5 2473/4/5
f 2477/3/5 2476/3/5 2475/3/5
f 2478/3/5 2476/3/5 2477/3/5
f 2481/3/5 2480/3/5 2479/3/5
f 2482/3/5 2480/3/5 2481/3/5
f 2485/4/5 2484/4/5 2483/4/5
f 2486/4/5 2484/4/5 2485/4/5
f 2489/3/5 2488/3/5 2487/3/5
f 2490/3/5 2488/3/5 2489/3/5
f 2492/3/5 2490/3/5 2489/3/5
f 2492/3/5 2491/3/5 2490/3/5
f 2493/3/5 2491/3/5 2492/3/5
f 2498/3/5 2495/3/5 2494/3/5
f 2499/3/5 2495/3/5 2498/3/5
f 2500/3/5 2497/3/5 2496/3/5
f 2501/3/5 2497/3/5 2500/3/5
f 2502/3/5 2497/3/5 2501/3/5
f 2505/4/5 2504/4/5 2503/4/5
f 2506/4/5 2504/4/5 2505/4/5
f 2510/3/5 2508/3/5 2507/3/5
f 2511/3/5 2510/3/5 2509/3/5
f 2512/3/5 2508/3/5 2510/3/5
f 2512/3/5 2510/3/5 2511/3/5
f 2513/3/5 2508/3/5 2512/3/5
f 2515/3/5 2514/3/5 2513/3/5
f 2515/3/5 2513/3/5 2512/3/5
f 2516/3/5 2514/3/5 2515/3/5
f 2519/4/5 2518/4/5 2517/4/5
f 2520/4/5 2518/4/5 2519/4/5
f 2524/3/5 2522/3/5 2521/3/5
f 2524/3/5 2523/3/5 2522/3/5
f 2525/3/5 2523/3/5 2524/3/5
f 2530/3/5 2527/3/5 2526/3/5
f 2531/3/5 2527/3/5 2530/3/5
f 2532/3/5 2529/3/5 2528/3/5
f 2533/3/5 2529/3/5 2532/3/5
f 2540/1/5 2535/1/5 2534/1/5
f 2542/2/5 2537/2/5 2536/2/5
f 2543/2/5 2537/2/5 2542/2/5
f 2544/3/5 2539/3/5 2538/3/5
f 2545/3/5 2539/3/5 2544/3/5
f 2546/1/5 2541/1/5 2540/1/5
f 2546/1/5 2540/1/5 2534/1/5
f 2547/1/5 2541/1/5 2546/1/5
f 2550/3/5 2549/3/5 2548/3/5
f 2551/3/5 2549/3/5 2550/3/5
f 2556/3/5 2553/3/5 2552/3/5
f 2557/3/5 2553/3/5 2556/3/5
f 2558/3/5 2555/3/5 2554/3/5
f 2559/3/5 2555/3/5 2558/3/5
f 2566/3/5 2561/3/5 2560/3/5
f 2567/3/5 2561/3/5 2566/3/5
f 2570/1/5 2563/1/5 2562/1/5
f 2571/1/5 2563/1/5 2570/1/5
f 2572/2/5 2565/2/5 2564/2/5
f 2573/2/5 2565/2/5 2572/2/5
f 2575/3/5 2567/3/5 2566/3/5
f 2576/3/5 2567/3/5 2575/3/5
f 2577/3/5 2569/3/5 2568/3/5
f 2578/3/5 2569/3/5 2577/3/5
f 2579/1/5 2563/1/5 2571/1/5
f 2580/1/5 2563/1/5 2579/1/5
f 2581/2/5 2574/2/5 2573/2/5
f 2582/2/5 2574/2/5 2581/2/5
f 2586/3/5 2585/3/5 2584/3/5
f 2586/3/5 2584/3/5 2583/3/5
f 2587/3/5 2585/3/5 2586/3/5
f 2590/3/5 2589/3/5 2588/3/5
f 2591/3/5 2589/3/5 2590/3/5
f 2594/3/5 2593/3/5 2592/3/5
f 2595/3/5 2593/3/5 2594/3/5
f 2598/3/5 2597/3/5 2596/3/5
f 2599/3/5 2597/3/5 2598/3/5
f 2600/3/5 2597/3/5 2599/3/5
f 2603/3/5 2602/3/5 2601/3/5
f 2606/3/5 2602/3/5 2603/3/5
f 2607/3/5 2602/3/5 2606/3/5
f 2612/2/5 2605/2/5 2604/2/5
f 2613/2/5 2605/2/5 2612/2/5
f 2617/3/5 2609/3/5 2608/3/5
f 2618/3/5 2609/3/5 2617/3/5
f 2619/2/5 2611/2/5 2610/2/5
f 2620/2/5 2611/2/5 2619/2/5
f 2621/2/5 2614/2/5 2613/2/5
f 2622/2/5 2614/2/5 2621/2/5
f 2623/2/5 2616/2/5 2615/2/5
f 2624/2/5 2616/2/5 2623/2/5
f 2627/3/5 2626/3/5 2625/3/5
f 2628/3/5 2626/3/5 2627/3/5
f 2632/3/5 2630/3/5 2629/3/5
f 2632/3/5 2631/3/5 2630/3/5
f 2633/3/5 2631/3/5 2632/3/5
f 2638/3/5 2635/3/5 2634/3/5
f 2639/3/5 2635/3/5 2638/3/5
f 2640/3/5 2637/3/5 2636/3/5
f 2641/3/5 2637/3/5 2640/3/5
f 2644/3/5 2643/3/5 2642/3/5
f 2645/3/5 2643/3/5 2644/3/5
f 2646/3/5 2643/3/5 2645/3/5
f 2653/2/5 2648/2/5 2647/2/5
f 2654/2/5 2650/2/5 2649/2/5
f 2655/2/5 2650/2/5 2654/2/5
f 2657/3/5 2652/3/5 2651/3/5
f 2658/3/5 2652/3/5 2657/3/5
f 2659/2/5 2648/2/5 2653/2/5
f 2660/2/5 2648/2/5 2659/2/5
f 2661/2/5 2656/2/5 2655/2/5
f 2662/2/5 2656/2/5 2661/2/5
f 2665/3/5 2664/3/5 2663/3/5
f 2666/3/5 2664/3/5 2665/3/5
f 2667/3/5 2664/3/5 2666/3/5
f 2668/3/5 2664/3/5 2667/3/5
f 2673/3/5 2670/3/5 2669/3/5
f 2674/3/5 2670/3/5 2673/3/5
f 2675/3/5 2672/3/5 2671/3/5
f 2676/3/5 2672/3/5 2675/3/5
f 2679/3/5 2678/3/5 2677/3/5
f 2680/3/5 2678/3/5 2679/3/5
f 2683/3/5 2682/3/5 2681/3/5
f 2684/3/5 2682/3/5 2683/3/5
f 2685/3/5 2682/3/5 2684/3/5
f 2690/2/5 2687/2/5 2686/2/5
f 2691/2/5 2687/2/5 2690/2/5
f 2692/2/5 2689/2/5 2688/2/5
f 2693/2/5 2689/2/5 2692/2/5
f 2696/3/5 2695/3/5 2694/3/5
f 2697/3/5 2695/3/5 2696/3/5
f 2700/3/5 2699/3/5 2698/3/5
f 2701/3/5 2699/3/5 2700/3/5
f 2704/3/5 2703/3/5 2702/3/5
f 2705/3/5 2703/3/5 2704/3/5
f 2708/2/5 2707/2/5 2706/2/5
f 2709/2/5 2707/2/5 2708/2/5
f 2710/2/6 2711/2/6 2713/2/6
f 2712/2/6 2713/2/6 2714/2/6
f 2713/2/6 2711/2/6 2715/2/6
f 2714/2/6 2713/2/6 2715/2/6
f 2715/2/6 2711/2/6 2716/2/6
f 2716/2/6 2711/2/6 2717/2/6
f 2718/2/6 2719/2/6 2720/2/6
f 2720/2/6 2719/2/6 2721/2/6
f 2718/2/6 2720/2/6 2722/2/6
f 2718/2/6 2722/2/6 2724/2/6
f 2722/2/6 2723/2/6 2724/2/6
f 2724/2/6 2723/2/6 2725/2/6
f 2726/2/6 2727/2/6 2728/2/6
f 2728/2/6 2727/2/6 2729/2/6
f 2729/2/6 2727/2/6 2731/2/6
f 2730/2/6 2731/2/6 2732/2/6
f 2731/2/6 2727/2/6 2733/2/6
f 2732/2/6 2731/2/6 2733/2/6
f 2734/2/6 2735/2/6 2740/2/6
f 2735/2/6 2736/2/6 2740/2/6
f 2736/2/6 2737/2/6 2740/2/6
f 2740/2/6 2737/2/6 2741/2/6
f 2738/2/6 2739/2/6 2743/2/6
f 2741/2/6 2742/2/6 2743/2/6
f 2740/2/6 2741/2/6 2743/2/6
f 2739/2/6 2740/2/6 2743/2/6
f 2743/2/6 2742/2/6 2744/2/6
f 2745/2/6 2746/2/6 2748/2/6
f 2746/2/6 2747/2/6 2748/2/6
f 2748/2/6 2747/2/6 2751/2/6
f 2749/3/6 2750/3/6 2752/3/6
f 2752/3/6 2750/3/6 2753/3/6
f 2751/2/6 2747/2/6 2754/2/6
f 2754/2/6 2747/2/6 2755/2/6
f 2755/2/6 2747/2/6 2756/2/6
f 2757/2/6 2758/2/6 2761/2/6
f 2761/2/6 2758/2/6 2762/2/6
f 2758/5/6 2759/5/6 2763/5/6
f 2762/2/6 2758/2/6 2763/2/6
f 2759/2/6 2760/2/6 2764/2/6
f 2763/5/6 2759/5/6 2764/5/6
f 2764/2/6 2760/2/6 2765/2/6
f 2765/2/6 2760/2/6 2766/2/6
f 2764/2/6 2765/2/6 2767/2/6
f 2763/2/6 2764/2/6 2767/2/6
f 2767/2/6 2765/2/6 2768/2/6
f 2768/2/6 2765/2/6 2769/2/6
f 2770/5/6 2771/5/6 2772/5/6
f 2772/5/6 2771/5/6 2773/5/6
f 2774/5/6 2775/5/6 2776/5/6
f 2776/5/6 2775/5/6 2777/5/6
f 2778/5/6 2779/5/6 2780/5/6
f 2780/5/6 2779/5/6 2781/5/6
f 2782/5/6 2783/5/6 2784/5/6
f 2784/5/6 2783/5/6 2785/5/6
f 2786/5/6 2787/5/6 2788/5/6
f 2788/5/6 2787/5/6 2789/5/6
f 2790/5/6 2791/5/6 2792/5/6
f 2792/5/6 2791/5/6 2793/5/6
f 2794/5/6 2795/5/6 2796/5/6
f 2796/5/6 2795/5/6 2797/5/6
f 2798/5/6 2799/5/6 2800/5/6
f 2800/5/6 2799/5/6 2801/5/6
f 2802/5/6 2803/5/6 2806/5/6
f 2806/5/6 2803/5/6 2807/5/6
f 2804/5/6 2805/5/6 2810/5/6
f 2810/5/6 2805/5/6 2811/5/6
f 2808/3/6 2809/3/6 2812/3/6
f 2812/3/6 2809/3/6 2813/3/6
f 2814/5/6 2815/5/6 2818/5/6
f 2818/5/6 2815/5/6 2819/5/6
f 2816/5/6 2817/5/6 2820/5/6
f 2820/5/6 2817/5/6 2821/5/6
f 2822/5/6 2823/5/6 2824/5/6
f 2824/5/6 2823/5/6 2825/5/6
f 2826/2/6 2827/2/6 2829/2/6
f 2829/2/6 2827/2/6 2830/2/6
f 2830/2/6 2827/2/6 2831/2/6
f 2831/2/6 2827/2/6 2832/2/6
f 2832/2/6 2827/2/6 2833/2/6
f 2833/2/6 2827/2/6 2834/2/6
f 2828/2/6 2829/2/6 2837/2/6
f 2829/2/6 2830/2/6 2837/2/6
f 2837/2/6 2830/2/6 2838/2/6
f 2838/2/6 2830/2/6 2839/2/6
f 2831/2/6 2832/2/6 2840/2/6
f 2840/2/6 2832/2/6 2841/2/6
f 2833/2/6 2834/2/6 2842/2/6
f 2834/2/6 2835/2/6 2842/2/6
f 2842/2/6 2835/2/6 2843/2/6
f 2843/2/6 2835/2/6 2844/2/6
f 2836/2/6 2837/2/6 2847/2/6
f 2837/2/6 2838/2/6 2847/2/6
f 2847/2/6 2838/2/6 2848/2/6
f 2848/2/6 2838/2/6 2849/2/6
f 2844/2/6 2845/2/6 2850/2/6
f 2843/2/6 2844/2/6 2850/2/6
f 2850/2/6 2845/2/6 2851/2/6
f 2847/2/6 2848/2/6 2853/2/6
f 2846/2/6 2847/2/6 2853/2/6
f 2853/2/6 2848/2/6 2854/2/6
f 2854/2/6 2848/2/6 2855/2/6
f 2852/5/6 2853/5/6 2856/5/6
f 2853/2/6 2854/2/6 2857/2/6
f 2856/5/6 2853/5/6 2857/5/6
f 2851/2/6 2845/2/6 2858/2/6
f 2856/2/6 2857/2/6 2861/2/6
f 2857/2/6 2854/2/6 2862/2/6
f 2861/2/6 2857/2/6 2862/2/6
f 2858/2/6 2859/2/6 2863/2/6
f 2851/2/6 2858/2/6 2863/2/6
f 2863/2/6 2859/2/6 2864/2/6
f 2860/5/6 2861/5/6 2865/5/6
f 2861/2/6 2862/2/6 2866/2/6
f 2865/5/6 2861/5/6 2866/5/6
f 2864/2/6 2859/2/6 2867/2/6
f 2864/2/6 2867/2/6 2870/2/6
f 2868/3/6 2869/3/6 2871/3/6
f 2871/3/6 2869/3/6 2872/3/6
f 2866/2/6 2862/2/6 2874/2/6
f 2873/5/6 2874/5/6 2877/5/6
f 2874/2/6 2862/2/6 2878/2/6
f 2877/5/6 2874/5/6 2878/5/6
f 2878/2/6 2862/2/6 2879/2/6
f 2864/2/6 2870/2/6 2881/2/6
f 2875/3/6 2876/3/6 2882/3/6
f 2882/3/6 2876/3/6 2883/3/6
f 2878/2/6 2879/2/6 2884/2/6
f 2884/2/6 2879/2/6 2885/2/6
f 2880/2/6 2881/2/6 2886/2/6
f 2881/2/6 2870/2/6 2886/2/6
f 2886/2/6 2870/2/6 2887/2/6
f 2885/2/6 2879/2/6 2889/2/6
f 2889/2/6 2879/2/6 2890/2/6
f 2888/5/6 2889/5/6 2892/5/6
f 2890/2/6 2891/2/6 2893/2/6
f 2892/5/6 2889/5/6 2893/5/6
f 2889/2/6 2890/2/6 2893/2/6
f 2893/2/6 2891/2/6 2894/2/6
f 2894/2/6 2891/2/6 2895/2/6
f 2880/2/6 2886/2/6 2898/2/6
f 2895/2/6 2896/2/6 2899/2/6
f 2894/2/6 2895/2/6 2899/2/6
f 2899/2/6 2896/2/6 2900/2/6
f 2900/2/6 2896/2/6 2901/2/6
f 2897/2/6 2898/2/6 2906/2/6
f 2898/2/6 2886/2/6 2907/2/6
f 2906/2/6 2898/2/6 2907/2/6
f 2907/2/6 2886/2/6 2908/2/6
f 2900/2/6 2901/2/6 2909/2/6
f 2901/2/6 2902/2/6 2909/2/6
f 2909/2/6 2902/2/6 2910/2/6
f 2910/2/6 2902/2/6 2911/2/6
f 2903/2/6 2904/2/6 2912/2/6
f 2912/2/6 2904/2/6 2913/2/6
f 2905/2/6 2906/2/6 2914/2/6
f 2906/2/6 2907/2/6 2914/2/6
f 2914/2/6 2907/2/6 2915/2/6
f 2915/2/6 2907/2/6 2916/2/6
f 2910/2/6 2911/2/6 2917/2/6
f 2912/2/6 2913/2/6 2917/2/6
f 2914/2/6 2915/2/6 2917/2/6
f 2913/2/6 2914/2/6 2917/2/6
f 2911/2/6 2912/2/6 2917/2/6
f 2917/2/6 2915/2/6 2918/2/6
f 2919/3/6 2920/3/6 2921/3/6
f 2921/3/6 2920/3/6 2922/3/6
f 2923/3/6 2924/3/6 2925/3/6
f 2925/3/6 2924/3/6 2926/3/6
f 2927/3/6 2928/3/6 2929/3/6
f 2929/3/6 2928/3/6 2930/3/6
f 2931/3/6 2932/3/6 2933/3/6
f 2933/3/6 2932/3/6 2934/3/6
f 2935/4/6 2936/4/6 2937/4/6
f 2937/4/6 2936/4/6 2938/4/6
f 2939/3/6 2940/3/6 2941/3/6
f 2941/3/6 2940/3/6 2942/3/6
f 2943/4/6 2944/4/6 2945/4/6
f 2945/4/6 2944/4/6 2946/4/6
f 2947/3/6 2948/3/6 2949/3/6
f 2949/3/6 2948/3/6 2950/3/6
f 2951/3/6 2952/3/6 2955/3/6
f 2955/3/6 2952/3/6 2956/3/6
f 2953/3/6 2954/3/6 2957/3/6
f 2957/3/6 2954/3/6 2958/3/6
f 2959/4/6 2960/4/6 2961/4/6
f 2961/4/6 2960/4/6 2962/4/6
f 2963/3/6 2964/3/6 2965/3/6
f 2965/3/6 2964/3/6 2966/3/6
f 2966/3/6 2967/3/6 2968/3/6
f 2968/3/6 2967/3/6 2969/3/6
f 2968/3/6 2969/3/6 2971/3/6
f 2969/3/6 2970/3/6 2971/3/6
f 2971/3/6 2970/3/6 2972/3/6
f 2973/4/6 2974/4/6 2975/4/6
f 2975/4/6 2974/4/6 2976/4/6
f 2977/3/6 2978/3/6 2979/3/6
f 2979/3/6 2978/3/6 2980/3/6
f 2981/3/6 2982/3/6 2983/3/6
f 2983/3/6 2982/3/6 2984/3/6
f 2985/3/6 2986/3/6 2989/3/6
f 2989/3/6 2986/3/6 2990/3/6
f 2987/2/6 2988/2/6 2992/2/6
f 2988/2/6 2989/2/6 2992/2/6
f 2992/2/6 2989/2/6 2993/2/6
f 2992/2/6 2993/2/6 2996/2/6
f 2993/2/6 2994/2/6 2996/2/6
f 2991/2/6 2992/2/6 2996/2/6
f 2996/2/6 2994/2/6 2997/2/6
f 2995/2/6 2996/2/6 3000/2/6
f 2997/2/6 2998/2/6 3000/2/6
f 2996/2/6 2997/2/6 3000/2/6
f 3000/2/6 2998/2/6 3001/2/6
f 2999/2/6 3000/2/6 3003/2/6
f 3001/2/6 3002/2/6 3003/2/6
f 3000/2/6 3001/2/6 3003/2/6
f 3003/2/6 3002/2/6 3004/2/6
f 3004/2/6 3002/2/6 3005/2/6
f 3005/2/6 3002/2/6 3006/2/6
f 3004/2/6 3005/2/6 3013/2/6
f 3007/3/6 3008/3/6 3016/3/6
f 3016/3/6 3008/3/6 3017/3/6
f 3009/1/6 3010/1/6 3018/1/6
f 3018/1/6 3010/1/6 3019/1/6
f 3011/2/6 3012/2/6 3020/2/6
f 3020/2/6 3012/2/6 3021/2/6
f 3004/2/6 3013/2/6 3022/2/6
f 3013/2/6 3014/2/6 3022/2/6
f 3014/3/6 3015/3/6 3023/3/6
f 3022/2/6 3014/2/6 3023/2/6
f 3023/3/6 3015/3/6 3024/3/6
f 3021/2/6 3022/2/6 3025/2/6
f 3022/2/6 3023/2/6 3025/2/6
f 3020/2/6 3021/2/6 3025/2/6
f 3025/2/6 3023/2/6 3026/2/6
f 3026/2/6 3023/2/6 3027/2/6
f 3027/2/6 3023/2/6 3028/2/6
f 3026/2/6 3027/2/6 3029/2/6
f 3029/2/6 3027/2/6 3030/2/6
f 3030/2/6 3027/2/6 3031/2/6
f 3031/2/6 3027/2/6 3032/2/6
f 3030/2/6 3031/2/6 3033/2/6
f 3033/2/6 3031/2/6 3034/2/6
f 3034/2/6 3031/2/6 3035/2/6
f 3035/2/6 3031/2/6 3036/2/6
f 3034/2/6 3035/2/6 3037/2/6
f 3037/2/6 3035/2/6 3038/2/6
f 3038/2/6 3035/2/6 3039/2/6
f 3039/3/6 3040/3/6 3041/3/6
f 3041/3/6 3040/3/6 3042/3/6
f 3043/3/6 3044/3/6 3048/3/6
f 3048/3/6 3044/3/6 3049/3/6
f 3046/3/6 3047/3/6 3050/3/6
f 3045/3/6 3046/3/6 3050/3/6
f 3050/3/6 3047/3/6 3051/3/6
f 3052/1/6 3053/1/6 3063/1/6
f 3063/1/6 3053/1/6 3064/1/6
f 3054/1/6 3055/1/6 3065/1/6
f 3065/1/6 3055/1/6 3066/1/6
f 3056/2/6 3057/2/6 3067/2/6
f 3067/2/6 3057/2/6 3068/2/6
f 3058/3/6 3059/3/6 3069/3/6
f 3059/3/6 3060/3/6 3069/3/6
f 3069/3/6 3060/3/6 3070/3/6
f 3061/3/6 3062/3/6 3071/3/6
f 3071/3/6 3062/3/6 3072/3/6
f 3064/1/6 3065/1/6 3073/1/6
f 3073/1/6 3065/1/6 3074/1/6
f 3068/2/6 3057/2/6 3075/2/6
f 3075/2/6 3057/2/6 3076/2/6
f 3070/3/6 3060/3/6 3077/3/6
f 3070/3/6 3077/3/6 3078/3/6
f 3078/3/6 3077/3/6 3079/3/6
f 3080/3/6 3081/3/6 3082/3/6
f 3082/3/6 3081/3/6 3083/3/6
f 3083/3/6 3081/3/6 3084/3/6
f 3085/3/6 3086/3/6 3087/3/6
f 3087/3/6 3086/3/6 3088/3/6
f 3089/3/6 3090/3/6 3091/3/6
f 3091/3/6 3090/3/6 3092/3/6
f 3093/3/6 3094/3/6 3100/3/6
f 3094/3/6 3095/3/6 3100/3/6
f 3100/3/6 3095/3/6 3101/3/6
f 3096/1/6 3097/1/6 3104/1/6
f 3104/1/6 3097/1/6 3105/1/6
f 3098/2/6 3099/2/6 3107/2/6
f 3107/2/6 3099/2/6 3108/2/6
f 3102/3/6 3103/3/6 3110/3/6
f 3110/3/6 3103/3/6 3111/3/6
f 3105/1/6 3106/1/6 3112/1/6
f 3112/1/6 3106/1/6 3113/1/6
f 3108/2/6 3109/2/6 3114/2/6
f 3114/2/6 3109/2/6 3115/2/6
f 3116/3/6 3117/3/6 3118/3/6
f 3118/3/6 3117/3/6 3119/3/6
f 3120/3/6 3121/3/6 3122/3/6
f 3122/3/6 3121/3/6 3123/3/6
f 3124/3/6 3125/3/6 3126/3/6
f 3126/3/6 3125/3/6 3127/3/6
f 3128/3/6 3129/3/6 3132/3/6
f 3132/3/6 3129/3/6 3133/3/6
f 3130/3/6 3131/3/6 3134/3/6
f 3134/3/6 3131/3/6 3135/3/6
f 3136/3/6 3137/3/6 3138/3/6
f 3138/3/6 3137/3/6 3139/3/6
f 3136/3/6 3138/3/6 3140/3/6
f 3140/3/6 3138/3/6 3141/3/6
f 3142/2/6 3143/2/6 3149/2/6
f 3149/2/6 3143/2/6 3150/2/6
f 3144/2/6 3145/2/6 3151/2/6
f 3146/3/6 3147/3/6 3153/3/6
f 3153/3/6 3147/3/6 3154/3/6
f 3148/2/6 3149/2/6 3155/2/6
f 3155/2/6 3149/2/6 3156/2/6
f 3151/2/6 3152/2/6 3157/2/6
f 3144/2/6 3151/2/6 3157/2/6
f 3157/2/6 3152/2/6 3158/2/6
f 3159/3/6 3160/3/6 3161/3/6
f 3161/3/6 3160/3/6 3162/3/6
f 3162/3/6 3160/3/6 3163/3/6
f 3164/3/6 3165/3/6 3166/3/6
f 3166/3/6 3165/3/6 3167/3/6
f 3168/3/6 3169/3/6 3170/3/6
f 3170/3/6 3169/3/6 3171/3/6
f 3172/3/6 3173/3/6 3174/3/6
f 3172/3/6 3174/3/6 3175/3/6
f 3175/3/6 3174/3/6 3176/3/6
f 3177/2/6 3178/2/6 3182/2/6
f 3182/2/6 3178/2/6 3183/2/6
f 3179/3/6 3180/3/6 3186/3/6
f 3186/3/6 3180/3/6 3187/3/6
f 3181/2/6 3182/2/6 3188/2/6
f 3182/2/6 3183/2/6 3188/2/6
f 3188/2/6 3183/2/6 3189/2/6
f 3184/2/6 3185/2/6 3190/2/6
f 3190/2/6 3185/2/6 3191/2/6
f 3192/3/6 3193/3/6 3194/3/6
f 3194/3/6 3193/3/6 3195/3/6
f 3196/3/6 3197/3/6 3198/3/6
f 3198/3/6 3197/3/6 3199/3/6
f 3200/3/6 3201/3/6 3202/3/6
f 3202/3/6 3201/3/6 3203/3/6
f 3204/3/6 3205/3/6 3206/3/6
f 3206/3/6 3205/3/6 3207/3/6
f 3208/2/6 3209/2/6 3210/2/6
f 3210/2/6 3209/2/6 3211/2/6
f 3212/3/6 3213/3/6 3214/3/6
f 3214/3/6 3213/3/6 3215/3/6
f 3216/3/6 3217/3/6 3218/3/6
f 3218/3/6 3217/3/6 3219/3/6
