# MagicaVoxel @ Ephtracy

# group
o 

# material
mtllib Cannonball_Jelly.mtl
usemtl palette

# normals
vn -1 0 0
vn 1 0 0
vn 0 0 1
vn 0 0 -1
vn 0 -1 0
vn 0 1 0

# texcoords
vt 0.939453 0.5
vt 0.943359 0.5
vt 0.947266 0.5
vt 0.951172 0.5
vt 0.955078 0.5
vt 0.958984 0.5
vt 0.962891 0.5
vt 0.966797 0.5
vt 0.990234 0.5

# verts
v -0.8 1.4 0.6
v -0.8 1.4 -0.6
v -0.8 1.5 0.7
v -0.8 1.5 0.6
v -0.8 1.5 0.3
v -0.8 1.5 -0.3
v -0.8 1.5 -0.6
v -0.8 1.5 -0.7
v -0.8 1.6 0.8
v -0.8 1.6 0.7
v -0.8 1.6 0.3
v -0.8 1.6 -0.3
v -0.8 1.6 -0.7
v -0.8 1.6 -0.8
v -0.8 1.8 0.8
v -0.8 1.8 0.7
v -0.8 1.8 -0.7
v -0.8 1.8 -0.8
v -0.8 1.9 0.7
v -0.8 1.9 0.5
v -0.8 1.9 0.4
v -0.8 1.9 -0.4
v -0.8 1.9 -0.5
v -0.8 1.9 -0.7
v -0.8 2 0.6
v -0.8 2 0.5
v -0.8 2 0.4
v -0.8 2 0.1
v -0.8 2 -0.1
v -0.8 2 -0.4
v -0.8 2 -0.5
v -0.8 2 -0.6
v -0.8 2.1 0.8
v -0.8 2.1 0.7
v -0.8 2.1 0.6
v -0.8 2.1 0.1
v -0.8 2.1 -0.1
v -0.8 2.1 -0.6
v -0.8 2.1 -0.7
v -0.8 2.1 -0.8
v -0.8 2.2 0.6
v -0.8 2.2 0.4
v -0.8 2.2 0.3
v -0.8 2.2 0.2
v -0.8 2.2 0.1
v -0.8 2.2 -0.1
v -0.8 2.2 -0.2
v -0.8 2.2 -0.3
v -0.8 2.2 -0.4
v -0.8 2.2 -0.6
v -0.8 2.3 0.8
v -0.8 2.3 0.7
v -0.8 2.3 0.6
v -0.8 2.3 0.4
v -0.8 2.3 0.3
v -0.8 2.3 0.2
v -0.8 2.3 0.1
v -0.8 2.3 -0.1
v -0.8 2.3 -0.2
v -0.8 2.3 -0.3
v -0.8 2.3 -0.4
v -0.8 2.3 -0.6
v -0.8 2.3 -0.7
v -0.8 2.3 -0.8
v -0.8 2.5 0.8
v -0.8 2.5 0.5
v -0.8 2.5 0.2
v -0.8 2.5 -0.2
v -0.8 2.5 -0.5
v -0.8 2.5 -0.8
v -0.8 2.6 0.5
v -0.8 2.6 0.2
v -0.8 2.6 -0.2
v -0.8 2.6 -0.5
v -0.8 2.8 0.8
v -0.8 2.8 0.7
v -0.8 2.8 0.1
v -0.8 2.8 -0.1
v -0.8 2.8 -0.7
v -0.8 2.8 -0.8
v -0.8 2.9 0.7
v -0.8 2.9 0.4
v -0.8 2.9 0.3
v -0.8 2.9 0.1
v -0.8 2.9 -0.1
v -0.8 2.9 -0.3
v -0.8 2.9 -0.4
v -0.8 2.9 -0.7
v -0.8 3 0.4
v -0.8 3 0.3
v -0.8 3 -0.3
v -0.8 3 -0.4
v -0.8 3.2 0.4
v -0.8 3.2 0.3
v -0.8 3.2 -0.3
v -0.8 3.2 -0.4
v -0.8 3.3 0.3
v -0.8 3.3 -0.3
v -0.7 0.8 -0.4
v -0.7 0.8 -0.5
v -0.7 0.9 0.5
v -0.7 0.9 0.4
v -0.7 1 0.5
v -0.7 1 0.4
v -0.7 1 -5.96046e-08
v -0.7 1 -0.1
v -0.7 1.1 -5.96046e-08
v -0.7 1.1 -0.1
v -0.7 1.1 -0.4
v -0.7 1.1 -0.5
v -0.7 1.2 0.7
v -0.7 1.2 0.6
v -0.7 1.2 0.4
v -0.7 1.2 0.3
v -0.7 1.2 -0.3
v -0.7 1.2 -0.4
v -0.7 1.2 -0.6
v -0.7 1.2 -0.7
v -0.7 1.3 0.7
v -0.7 1.3 0.6
v -0.7 1.3 0.5
v -0.7 1.3 0.4
v -0.7 1.3 0.3
v -0.7 1.3 0.2
v -0.7 1.3 0.1
v -0.7 1.3 -0.1
v -0.7 1.3 -0.2
v -0.7 1.3 -0.3
v -0.7 1.3 -0.4
v -0.7 1.3 -0.5
v -0.7 1.3 -0.6
v -0.7 1.3 -0.7
v -0.7 1.4 0.7
v -0.7 1.4 0.6
v -0.7 1.4 0.5
v -0.7 1.4 0.2
v -0.7 1.4 0.1
v -0.7 1.4 -0.1
v -0.7 1.4 -0.2
v -0.7 1.4 -0.5
v -0.7 1.4 -0.6
v -0.7 1.4 -0.7
v -0.7 1.5 0.8
v -0.7 1.5 0.7
v -0.7 1.5 0.6
v -0.7 1.5 -0.6
v -0.7 1.5 -0.7
v -0.7 1.5 -0.8
v -0.7 1.6 0.8
v -0.7 1.6 0.7
v -0.7 1.6 -0.7
v -0.7 1.6 -0.8
v -0.7 2.8 0.8
v -0.7 2.8 0.7
v -0.7 2.8 -0.7
v -0.7 2.8 -0.8
v -0.7 2.9 0.8
v -0.7 2.9 0.7
v -0.7 2.9 0.4
v -0.7 2.9 -0.4
v -0.7 2.9 -0.7
v -0.7 2.9 -0.8
v -0.7 3 0.7
v -0.7 3 0.5
v -0.7 3 0.4
v -0.7 3 -0.4
v -0.7 3 -0.5
v -0.7 3 -0.7
v -0.7 3.2 0.5
v -0.7 3.2 0.4
v -0.7 3.2 0.3
v -0.7 3.2 -0.3
v -0.7 3.2 -0.4
v -0.7 3.2 -0.5
v -0.7 3.3 0.4
v -0.7 3.3 0.3
v -0.7 3.3 -0.3
v -0.7 3.3 -0.4
v -0.6 1 0.5
v -0.6 1 0.4
v -0.6 1.1 -5.96046e-08
v -0.6 1.1 -0.1
v -0.6 1.1 -0.4
v -0.6 1.1 -0.5
v -0.6 1.2 0.8
v -0.6 1.2 0.7
v -0.6 1.2 0.5
v -0.6 1.2 0.4
v -0.6 1.2 -0.4
v -0.6 1.2 -0.5
v -0.6 1.2 -0.7
v -0.6 1.2 -0.8
v -0.6 1.3 0.8
v -0.6 1.3 0.7
v -0.6 1.3 0.6
v -0.6 1.3 -5.96046e-08
v -0.6 1.3 -0.1
v -0.6 1.3 -0.6
v -0.6 1.3 -0.7
v -0.6 1.3 -0.8
v -0.6 1.4 0.8
v -0.6 1.4 0.7
v -0.6 1.4 0.6
v -0.6 1.4 -0.6
v -0.6 1.4 -0.7
v -0.6 1.4 -0.8
v -0.6 1.5 0.8
v -0.6 1.5 0.7
v -0.6 1.5 -0.7
v -0.6 1.5 -0.8
v -0.6 3 0.6
v -0.6 3 0.5
v -0.6 3 -0.5
v -0.6 3 -0.6
v -0.6 3.2 0.5
v -0.6 3.2 0.4
v -0.6 3.2 -0.4
v -0.6 3.2 -0.5
v -0.6 3.3 0.6
v -0.6 3.3 0.4
v -0.6 3.3 -0.4
v -0.6 3.3 -0.6
v -0.6 3.4 0.4
v -0.6 3.4 -0.4
v -0.5 0.9 0.3
v -0.5 0.9 0.2
v -0.5 1 0.3
v -0.5 1 0.2
v -0.5 1.2 0.5
v -0.5 1.2 0.4
v -0.5 1.2 -0.4
v -0.5 1.2 -0.5
v -0.5 1.3 -5.96046e-08
v -0.5 1.3 -0.1
v -0.5 1.4 0.5
v -0.5 1.4 0.4
v -0.5 1.4 -5.96046e-08
v -0.5 1.4 -0.1
v -0.5 1.4 -0.4
v -0.5 1.4 -0.5
v -0.5 3 0.7
v -0.5 3 0.6
v -0.5 3 -0.6
v -0.5 3 -0.7
v -0.5 3.2 0.7
v -0.5 3.2 0.6
v -0.5 3.2 -0.6
v -0.5 3.2 -0.7
v -0.5 3.3 0.5
v -0.5 3.3 0.4
v -0.5 3.3 -0.4
v -0.5 3.3 -0.5
v -0.5 3.4 0.5
v -0.5 3.4 0.4
v -0.5 3.4 -0.4
v -0.5 3.4 -0.5
v -0.4 1 0.3
v -0.4 1 0.2
v -0.4 1.2 0.3
v -0.4 1.2 0.2
v -0.4 1.3 0.7
v -0.4 1.3 0.6
v -0.4 1.3 -0.6
v -0.4 1.3 -0.7
v -0.4 1.4 0.7
v -0.4 1.4 0.6
v -0.4 1.4 -0.6
v -0.4 1.4 -0.7
v -0.4 3.2 0.7
v -0.4 3.2 0.6
v -0.4 3.2 -0.6
v -0.4 3.2 -0.7
v -0.4 3.3 0.7
v -0.4 3.3 0.6
v -0.4 3.3 0.5
v -0.4 3.3 -0.5
v -0.4 3.3 -0.6
v -0.4 3.3 -0.7
v -0.4 3.4 0.6
v -0.4 3.4 0.5
v -0.4 3.4 -0.5
v -0.4 3.4 -0.6
v -0.3 0.9 0.7
v -0.3 0.9 0.6
v -0.3 0.9 -0.5
v -0.3 0.9 -0.6
v -0.3 1 0.6
v -0.3 1 0.5
v -0.3 1.1 0.7
v -0.3 1.1 0.6
v -0.3 1.1 0.5
v -0.3 1.1 0.4
v -0.3 1.1 0.1
v -0.3 1.1 -5.96046e-08
v -0.3 1.1 -0.4
v -0.3 1.1 -0.5
v -0.3 1.2 0.8
v -0.3 1.2 0.7
v -0.3 1.2 0.6
v -0.3 1.2 0.5
v -0.3 1.2 0.3
v -0.3 1.2 0.2
v -0.3 1.2 -0.5
v -0.3 1.2 -0.6
v -0.3 1.2 -0.7
v -0.3 1.2 -0.8
v -0.3 1.3 0.7
v -0.3 1.3 -0.7
v -0.3 1.4 0.8
v -0.3 1.4 0.7
v -0.3 1.4 0.5
v -0.3 1.4 0.4
v -0.3 1.4 0.3
v -0.3 1.4 0.2
v -0.3 1.4 0.1
v -0.3 1.4 -5.96046e-08
v -0.3 1.4 -0.4
v -0.3 1.4 -0.5
v -0.3 1.4 -0.7
v -0.3 1.4 -0.8
v -0.3 2.9 0.8
v -0.3 2.9 0.7
v -0.3 2.9 -0.7
v -0.3 2.9 -0.8
v -0.3 3 0.7
v -0.3 3 -0.7
v -0.3 3.3 0.8
v -0.3 3.3 0.7
v -0.3 3.3 -0.7
v -0.3 3.3 -0.8
v -0.2 1.1 -0.1
v -0.2 1.1 -0.2
v -0.2 1.4 -0.1
v -0.2 1.4 -0.2
v -0.1 1 0.7
v -0.1 1 0.5
v -0.1 1 -0.6
v -0.1 1 -0.7
v -0.1 1.1 0.7
v -0.1 1.1 0.6
v -0.1 1.1 -0.5
v -0.1 1.1 -0.6
v -0.1 1.2 0.5
v -0.1 1.2 0.4
v -0.1 1.2 0.2
v -0.1 1.2 0.1
v -0.1 1.2 -0.4
v -0.1 1.2 -0.5
v -0.1 1.2 -0.6
v -0.1 1.2 -0.7
v -0.1 1.3 0.6
v -0.1 1.3 0.5
v -0.1 1.3 -0.5
v -0.1 1.3 -0.6
v -0.1 1.4 0.5
v -0.1 1.4 0.4
v -0.1 1.4 0.2
v -0.1 1.4 0.1
v -0.1 1.4 -0.4
v -0.1 1.4 -0.5
v 5.96046e-08 1.2 0.3
v 5.96046e-08 1.2 0.2
v 5.96046e-08 1.2 -0.2
v 5.96046e-08 1.2 -0.3
v 5.96046e-08 1.4 0.3
v 5.96046e-08 1.4 0.2
v 5.96046e-08 1.4 -0.1
v 5.96046e-08 1.4 -0.2
v 5.96046e-08 1.4 -0.3
v 5.96046e-08 1.5 -0.1
v 5.96046e-08 1.5 -0.2
v 0.1 0.9 0.7
v 0.1 0.9 0.5
v 0.1 0.9 -0.6
v 0.1 0.9 -0.7
v 0.1 1 0.7
v 0.1 1 0.6
v 0.1 1 -0.5
v 0.1 1 -0.6
v 0.1 1.1 0.5
v 0.1 1.1 0.4
v 0.1 1.1 -0.1
v 0.1 1.1 -0.2
v 0.1 1.1 -0.4
v 0.1 1.1 -0.5
v 0.1 1.1 -0.6
v 0.1 1.1 -0.7
v 0.1 1.2 0.6
v 0.1 1.2 0.5
v 0.1 1.2 -0.2
v 0.1 1.2 -0.5
v 0.1 1.2 -0.6
v 0.1 1.3 0.7
v 0.1 1.3 0.6
v 0.1 1.3 -0.6
v 0.1 1.3 -0.7
v 0.1 1.4 0.7
v 0.1 1.4 0.6
v 0.1 1.4 0.5
v 0.1 1.4 0.4
v 0.1 1.4 -0.1
v 0.1 1.4 -0.2
v 0.1 1.4 -0.4
v 0.1 1.4 -0.5
v 0.1 1.4 -0.6
v 0.1 1.4 -0.7
v 0.2 1.1 0.3
v 0.2 1.1 0.2
v 0.2 1.2 0.8
v 0.2 1.2 0.7
v 0.2 1.2 -0.7
v 0.2 1.2 -0.8
v 0.2 1.3 0.7
v 0.2 1.3 -0.7
v 0.2 1.4 0.8
v 0.2 1.4 0.7
v 0.2 1.4 0.3
v 0.2 1.4 0.2
v 0.2 1.4 -0.7
v 0.2 1.4 -0.8
v 0.4 0.9 -0.5
v 0.4 0.9 -0.7
v 0.4 1 0.3
v 0.4 1 0.2
v 0.4 1 -0.2
v 0.4 1 -0.3
v 0.4 1 -0.6
v 0.4 1 -0.7
v 0.4 1.1 0.5
v 0.4 1.1 0.4
v 0.4 1.1 -5.96046e-08
v 0.4 1.1 -0.1
v 0.4 1.1 -0.4
v 0.4 1.1 -0.5
v 0.4 1.2 -0.5
v 0.4 1.2 -0.6
v 0.4 1.4 0.5
v 0.4 1.4 0.4
v 0.4 1.4 0.3
v 0.4 1.4 0.2
v 0.4 1.4 -5.96046e-08
v 0.4 1.4 -0.1
v 0.4 1.4 -0.2
v 0.4 1.4 -0.3
v 0.4 1.4 -0.4
v 0.4 1.4 -0.5
v 0.5 0.8 0.3
v 0.5 0.8 0.2
v 0.5 0.9 0.5
v 0.5 0.9 0.4
v 0.5 0.9 -5.96046e-08
v 0.5 0.9 -0.1
v 0.5 0.9 -0.2
v 0.5 0.9 -0.3
v 0.5 1 0.3
v 0.5 1 0.2
v 0.5 1 -0.2
v 0.5 1 -0.3
v 0.5 1.1 0.5
v 0.5 1.1 0.4
v 0.5 1.1 -5.96046e-08
v 0.5 1.1 -0.1
v 0.5 1.2 0.8
v 0.5 1.2 0.7
v 0.5 1.2 -0.7
v 0.5 1.2 -0.8
v 0.5 1.3 0.8
v 0.5 1.3 0.7
v 0.5 1.3 0.6
v 0.5 1.3 -0.6
v 0.5 1.3 -0.7
v 0.5 1.3 -0.8
v 0.5 1.4 0.7
v 0.5 1.4 0.6
v 0.5 1.4 -0.6
v 0.5 1.4 -0.7
v 0.6 0.8 -0.2
v 0.6 0.8 -0.3
v 0.6 0.9 -0.2
v 0.6 0.9 -0.3
v 0.6 1.2 0.7
v 0.6 1.2 0.6
v 0.6 1.2 0.4
v 0.6 1.2 0.3
v 0.6 1.2 -0.3
v 0.6 1.2 -0.4
v 0.6 1.2 -0.6
v 0.6 1.2 -0.7
v 0.6 1.3 0.7
v 0.6 1.3 0.6
v 0.6 1.3 0.5
v 0.6 1.3 0.4
v 0.6 1.3 0.3
v 0.6 1.3 0.2
v 0.6 1.3 0.1
v 0.6 1.3 -0.1
v 0.6 1.3 -0.2
v 0.6 1.3 -0.3
v 0.6 1.3 -0.4
v 0.6 1.3 -0.5
v 0.6 1.3 -0.6
v 0.6 1.3 -0.7
v 0.6 1.4 0.5
v 0.6 1.4 0.4
v 0.6 1.4 0.3
v 0.6 1.4 0.2
v 0.6 1.4 0.1
v 0.6 1.4 -5.96046e-08
v 0.6 1.4 -0.1
v 0.6 1.4 -0.2
v 0.6 1.4 -0.3
v 0.6 1.4 -0.4
v 0.6 1.4 -0.5
v -0.6 0.8 -0.4
v -0.6 0.8 -0.5
v -0.6 0.9 0.5
v -0.6 0.9 0.4
v -0.6 1 0.5
v -0.6 1 0.4
v -0.6 1 -0.4
v -0.6 1 -0.5
v -0.6 1.2 0.7
v -0.6 1.2 0.6
v -0.6 1.2 0.4
v -0.6 1.2 0.3
v -0.6 1.2 -0.3
v -0.6 1.2 -0.4
v -0.6 1.2 -0.6
v -0.6 1.2 -0.7
v -0.6 1.3 0.7
v -0.6 1.3 0.6
v -0.6 1.3 0.5
v -0.6 1.3 0.4
v -0.6 1.3 0.3
v -0.6 1.3 0.2
v -0.6 1.3 0.1
v -0.6 1.3 -5.96046e-08
v -0.6 1.3 -0.1
v -0.6 1.3 -0.2
v -0.6 1.3 -0.3
v -0.6 1.3 -0.4
v -0.6 1.3 -0.5
v -0.6 1.3 -0.6
v -0.6 1.3 -0.7
v -0.6 1.4 0.5
v -0.6 1.4 0.4
v -0.6 1.4 0.3
v -0.6 1.4 0.2
v -0.6 1.4 0.1
v -0.6 1.4 -5.96046e-08
v -0.6 1.4 -0.1
v -0.6 1.4 -0.2
v -0.6 1.4 -0.3
v -0.6 1.4 -0.4
v -0.6 1.4 -0.5
v -0.5 1 0.5
v -0.5 1 0.4
v -0.5 1 -5.96046e-08
v -0.5 1 -0.1
v -0.5 1 -0.4
v -0.5 1 -0.5
v -0.5 1.1 -0.4
v -0.5 1.1 -0.5
v -0.5 1.2 0.8
v -0.5 1.2 0.7
v -0.5 1.2 0.5
v -0.5 1.2 0.4
v -0.5 1.2 -5.96046e-08
v -0.5 1.2 -0.1
v -0.5 1.2 -0.7
v -0.5 1.2 -0.8
v -0.5 1.3 0.8
v -0.5 1.3 0.7
v -0.5 1.3 0.6
v -0.5 1.3 -0.6
v -0.5 1.3 -0.7
v -0.5 1.3 -0.8
v -0.5 1.4 0.7
v -0.5 1.4 0.6
v -0.5 1.4 -0.6
v -0.5 1.4 -0.7
v -0.4 0.9 0.3
v -0.4 0.9 0.2
v -0.4 1 0.3
v -0.4 1 0.2
v -0.4 1.1 -0.4
v -0.4 1.1 -0.5
v -0.4 1.2 0.5
v -0.4 1.2 0.4
v -0.4 1.2 -5.96046e-08
v -0.4 1.2 -0.1
v -0.4 1.4 0.5
v -0.4 1.4 0.4
v -0.4 1.4 -5.96046e-08
v -0.4 1.4 -0.1
v -0.4 1.4 -0.4
v -0.4 1.4 -0.5
v -0.3 1 0.3
v -0.3 1 0.2
v -0.3 1.2 0.3
v -0.3 1.2 0.2
v -0.2 0.9 0.7
v -0.2 0.9 0.6
v -0.2 0.9 -0.5
v -0.2 0.9 -0.6
v -0.2 1 0.6
v -0.2 1 0.5
v -0.2 1.1 0.7
v -0.2 1.1 0.6
v -0.2 1.1 0.5
v -0.2 1.1 0.4
v -0.2 1.1 0.1
v -0.2 1.1 -5.96046e-08
v -0.2 1.1 -0.4
v -0.2 1.1 -0.5
v -0.2 1.2 0.8
v -0.2 1.2 0.7
v -0.2 1.2 0.6
v -0.2 1.2 0.5
v -0.2 1.2 0.3
v -0.2 1.2 0.2
v -0.2 1.2 -0.5
v -0.2 1.2 -0.6
v -0.2 1.2 -0.7
v -0.2 1.2 -0.8
v -0.2 1.3 0.7
v -0.2 1.3 -0.7
v -0.2 1.4 0.8
v -0.2 1.4 0.7
v -0.2 1.4 0.5
v -0.2 1.4 0.4
v -0.2 1.4 0.3
v -0.2 1.4 0.2
v -0.2 1.4 0.1
v -0.2 1.4 -5.96046e-08
v -0.2 1.4 -0.4
v -0.2 1.4 -0.5
v -0.2 1.4 -0.7
v -0.2 1.4 -0.8
v -0.1 1.1 -0.1
v -0.1 1.1 -0.2
v -0.1 1.3 0.7
v -0.1 1.3 0.6
v -0.1 1.3 -0.6
v -0.1 1.3 -0.7
v -0.1 1.4 0.7
v -0.1 1.4 0.6
v -0.1 1.4 -0.1
v -0.1 1.4 -0.2
v -0.1 1.4 -0.6
v -0.1 1.4 -0.7
v -0.1 1.5 -0.1
v -0.1 1.5 -0.2
v 5.96046e-08 1 0.7
v 5.96046e-08 1 0.5
v 5.96046e-08 1 -0.6
v 5.96046e-08 1 -0.7
v 5.96046e-08 1.1 0.7
v 5.96046e-08 1.1 0.6
v 5.96046e-08 1.1 -0.5
v 5.96046e-08 1.1 -0.6
v 5.96046e-08 1.2 0.5
v 5.96046e-08 1.2 0.4
v 5.96046e-08 1.2 0.2
v 5.96046e-08 1.2 0.1
v 5.96046e-08 1.2 -0.4
v 5.96046e-08 1.2 -0.5
v 5.96046e-08 1.2 -0.6
v 5.96046e-08 1.2 -0.7
v 5.96046e-08 1.3 0.6
v 5.96046e-08 1.3 0.5
v 5.96046e-08 1.3 -0.5
v 5.96046e-08 1.3 -0.6
v 5.96046e-08 1.4 0.5
v 5.96046e-08 1.4 0.4
v 5.96046e-08 1.4 0.2
v 5.96046e-08 1.4 0.1
v 5.96046e-08 1.4 -0.4
v 5.96046e-08 1.4 -0.5
v 0.1 1.2 0.3
v 0.1 1.2 0.2
v 0.1 1.2 -0.2
v 0.1 1.2 -0.3
v 0.1 1.4 0.3
v 0.1 1.4 0.2
v 0.1 1.4 -0.2
v 0.1 1.4 -0.3
v 0.2 0.9 0.7
v 0.2 0.9 0.5
v 0.2 0.9 -0.6
v 0.2 0.9 -0.7
v 0.2 1 0.7
v 0.2 1 0.6
v 0.2 1 -0.5
v 0.2 1 -0.6
v 0.2 1.1 0.5
v 0.2 1.1 0.4
v 0.2 1.1 -0.1
v 0.2 1.1 -0.2
v 0.2 1.1 -0.4
v 0.2 1.1 -0.5
v 0.2 1.1 -0.6
v 0.2 1.1 -0.7
v 0.2 1.2 0.6
v 0.2 1.2 0.5
v 0.2 1.2 -0.5
v 0.2 1.2 -0.6
v 0.2 1.4 0.5
v 0.2 1.4 0.4
v 0.2 1.4 -0.1
v 0.2 1.4 -0.2
v 0.2 1.4 -0.4
v 0.2 1.4 -0.5
v 0.3 1.1 0.3
v 0.3 1.1 0.2
v 0.3 1.2 0.8
v 0.3 1.2 0.7
v 0.3 1.2 -0.7
v 0.3 1.2 -0.8
v 0.3 1.3 0.7
v 0.3 1.3 -0.7
v 0.3 1.4 0.8
v 0.3 1.4 0.7
v 0.3 1.4 0.3
v 0.3 1.4 0.2
v 0.3 1.4 -0.7
v 0.3 1.4 -0.8
v 0.3 2.9 0.8
v 0.3 2.9 0.7
v 0.3 2.9 -0.7
v 0.3 2.9 -0.8
v 0.3 3 0.7
v 0.3 3 -0.7
v 0.3 3.3 0.8
v 0.3 3.3 0.7
v 0.3 3.3 -0.7
v 0.3 3.3 -0.8
v 0.4 1.3 0.7
v 0.4 1.3 0.6
v 0.4 1.3 -0.6
v 0.4 1.3 -0.7
v 0.4 1.4 0.7
v 0.4 1.4 0.6
v 0.4 1.4 -0.6
v 0.4 1.4 -0.7
v 0.4 3.2 0.7
v 0.4 3.2 0.6
v 0.4 3.2 -0.6
v 0.4 3.2 -0.7
v 0.4 3.3 0.7
v 0.4 3.3 0.6
v 0.4 3.3 0.5
v 0.4 3.3 -0.5
v 0.4 3.3 -0.6
v 0.4 3.3 -0.7
v 0.4 3.4 0.6
v 0.4 3.4 0.5
v 0.4 3.4 -0.5
v 0.4 3.4 -0.6
v 0.5 0.9 -0.5
v 0.5 0.9 -0.7
v 0.5 1 -0.6
v 0.5 1 -0.7
v 0.5 1.1 0.5
v 0.5 1.1 0.4
v 0.5 1.1 0.3
v 0.5 1.1 0.2
v 0.5 1.1 -0.2
v 0.5 1.1 -0.3
v 0.5 1.1 -0.4
v 0.5 1.1 -0.5
v 0.5 1.2 -5.96046e-08
v 0.5 1.2 -0.1
v 0.5 1.2 -0.5
v 0.5 1.2 -0.6
v 0.5 1.4 0.5
v 0.5 1.4 0.4
v 0.5 1.4 0.3
v 0.5 1.4 0.2
v 0.5 1.4 -5.96046e-08
v 0.5 1.4 -0.1
v 0.5 1.4 -0.2
v 0.5 1.4 -0.3
v 0.5 1.4 -0.4
v 0.5 1.4 -0.5
v 0.5 3 0.7
v 0.5 3 0.6
v 0.5 3 -0.6
v 0.5 3 -0.7
v 0.5 3.2 0.7
v 0.5 3.2 0.6
v 0.5 3.2 -0.6
v 0.5 3.2 -0.7
v 0.5 3.3 0.5
v 0.5 3.3 0.4
v 0.5 3.3 -0.4
v 0.5 3.3 -0.5
v 0.5 3.4 0.5
v 0.5 3.4 0.4
v 0.5 3.4 -0.4
v 0.5 3.4 -0.5
v 0.6 0.9 0.5
v 0.6 0.9 0.4
v 0.6 0.9 0.3
v 0.6 0.9 0.2
v 0.6 1 -5.96046e-08
v 0.6 1 -0.1
v 0.6 1 -0.2
v 0.6 1 -0.3
v 0.6 1.1 0.5
v 0.6 1.1 0.4
v 0.6 1.1 0.3
v 0.6 1.1 0.2
v 0.6 1.1 -0.2
v 0.6 1.1 -0.3
v 0.6 1.2 0.8
v 0.6 1.2 0.7
v 0.6 1.2 -5.96046e-08
v 0.6 1.2 -0.1
v 0.6 1.2 -0.7
v 0.6 1.2 -0.8
v 0.6 1.3 0.8
v 0.6 1.3 0.7
v 0.6 1.3 0.6
v 0.6 1.3 -0.6
v 0.6 1.3 -0.7
v 0.6 1.3 -0.8
v 0.6 1.4 0.8
v 0.6 1.4 0.7
v 0.6 1.4 0.6
v 0.6 1.4 -0.6
v 0.6 1.4 -0.7
v 0.6 1.4 -0.8
v 0.6 1.5 0.8
v 0.6 1.5 0.7
v 0.6 1.5 -0.7
v 0.6 1.5 -0.8
v 0.6 3 0.6
v 0.6 3 0.5
v 0.6 3 -0.5
v 0.6 3 -0.6
v 0.6 3.2 0.5
v 0.6 3.2 0.4
v 0.6 3.2 -0.4
v 0.6 3.2 -0.5
v 0.6 3.3 0.6
v 0.6 3.3 0.4
v 0.6 3.3 -0.4
v 0.6 3.3 -0.6
v 0.6 3.4 0.4
v 0.6 3.4 -0.4
v 0.7 0.8 0.3
v 0.7 0.8 0.2
v 0.7 0.8 -0.2
v 0.7 0.8 -0.3
v 0.7 0.9 0.3
v 0.7 0.9 0.2
v 0.7 0.9 -5.96046e-08
v 0.7 0.9 -0.1
v 0.7 1 -5.96046e-08
v 0.7 1 -0.1
v 0.7 1 -0.2
v 0.7 1 -0.3
v 0.7 1.2 0.7
v 0.7 1.2 0.6
v 0.7 1.2 0.4
v 0.7 1.2 0.3
v 0.7 1.2 -0.3
v 0.7 1.2 -0.4
v 0.7 1.2 -0.6
v 0.7 1.2 -0.7
v 0.7 1.3 0.7
v 0.7 1.3 0.6
v 0.7 1.3 0.5
v 0.7 1.3 0.4
v 0.7 1.3 0.3
v 0.7 1.3 0.2
v 0.7 1.3 0.1
v 0.7 1.3 -0.1
v 0.7 1.3 -0.2
v 0.7 1.3 -0.3
v 0.7 1.3 -0.4
v 0.7 1.3 -0.5
v 0.7 1.3 -0.6
v 0.7 1.3 -0.7
v 0.7 1.4 0.7
v 0.7 1.4 0.6
v 0.7 1.4 0.5
v 0.7 1.4 0.2
v 0.7 1.4 0.1
v 0.7 1.4 -0.1
v 0.7 1.4 -0.2
v 0.7 1.4 -0.5
v 0.7 1.4 -0.6
v 0.7 1.4 -0.7
v 0.7 1.5 0.8
v 0.7 1.5 0.7
v 0.7 1.5 0.6
v 0.7 1.5 -0.6
v 0.7 1.5 -0.7
v 0.7 1.5 -0.8
v 0.7 1.6 0.8
v 0.7 1.6 0.7
v 0.7 1.6 -0.7
v 0.7 1.6 -0.8
v 0.7 2.8 0.8
v 0.7 2.8 0.7
v 0.7 2.8 -0.7
v 0.7 2.8 -0.8
v 0.7 2.9 0.8
v 0.7 2.9 0.7
v 0.7 2.9 0.4
v 0.7 2.9 -0.4
v 0.7 2.9 -0.7
v 0.7 2.9 -0.8
v 0.7 3 0.7
v 0.7 3 0.5
v 0.7 3 0.4
v 0.7 3 -0.4
v 0.7 3 -0.5
v 0.7 3 -0.7
v 0.7 3.2 0.5
v 0.7 3.2 0.4
v 0.7 3.2 0.3
v 0.7 3.2 -0.3
v 0.7 3.2 -0.4
v 0.7 3.2 -0.5
v 0.7 3.3 0.4
v 0.7 3.3 0.3
v 0.7 3.3 -0.3
v 0.7 3.3 -0.4
v 0.8 1.4 0.6
v 0.8 1.4 -0.6
v 0.8 1.5 0.7
v 0.8 1.5 0.6
v 0.8 1.5 0.3
v 0.8 1.5 -0.3
v 0.8 1.5 -0.6
v 0.8 1.5 -0.7
v 0.8 1.6 0.8
v 0.8 1.6 0.7
v 0.8 1.6 0.3
v 0.8 1.6 -0.3
v 0.8 1.6 -0.7
v 0.8 1.6 -0.8
v 0.8 1.8 0.8
v 0.8 1.8 0.7
v 0.8 1.8 -0.7
v 0.8 1.8 -0.8
v 0.8 1.9 0.7
v 0.8 1.9 0.5
v 0.8 1.9 0.4
v 0.8 1.9 -0.4
v 0.8 1.9 -0.5
v 0.8 1.9 -0.7
v 0.8 2 0.6
v 0.8 2 0.5
v 0.8 2 0.4
v 0.8 2 0.1
v 0.8 2 -0.1
v 0.8 2 -0.4
v 0.8 2 -0.5
v 0.8 2 -0.6
v 0.8 2.1 0.8
v 0.8 2.1 0.7
v 0.8 2.1 0.6
v 0.8 2.1 0.1
v 0.8 2.1 -0.1
v 0.8 2.1 -0.6
v 0.8 2.1 -0.7
v 0.8 2.1 -0.8
v 0.8 2.2 0.6
v 0.8 2.2 0.4
v 0.8 2.2 0.3
v 0.8 2.2 0.2
v 0.8 2.2 0.1
v 0.8 2.2 -0.1
v 0.8 2.2 -0.2
v 0.8 2.2 -0.3
v 0.8 2.2 -0.4
v 0.8 2.2 -0.6
v 0.8 2.3 0.8
v 0.8 2.3 0.7
v 0.8 2.3 0.6
v 0.8 2.3 0.4
v 0.8 2.3 0.3
v 0.8 2.3 0.2
v 0.8 2.3 0.1
v 0.8 2.3 -0.1
v 0.8 2.3 -0.2
v 0.8 2.3 -0.3
v 0.8 2.3 -0.4
v 0.8 2.3 -0.6
v 0.8 2.3 -0.7
v 0.8 2.3 -0.8
v 0.8 2.5 0.8
v 0.8 2.5 0.5
v 0.8 2.5 0.2
v 0.8 2.5 -0.2
v 0.8 2.5 -0.5
v 0.8 2.5 -0.8
v 0.8 2.6 0.5
v 0.8 2.6 0.2
v 0.8 2.6 -0.2
v 0.8 2.6 -0.5
v 0.8 2.8 0.8
v 0.8 2.8 0.7
v 0.8 2.8 0.1
v 0.8 2.8 -0.1
v 0.8 2.8 -0.7
v 0.8 2.8 -0.8
v 0.8 2.9 0.7
v 0.8 2.9 0.4
v 0.8 2.9 0.3
v 0.8 2.9 0.1
v 0.8 2.9 -0.1
v 0.8 2.9 -0.3
v 0.8 2.9 -0.4
v 0.8 2.9 -0.7
v 0.8 3 0.4
v 0.8 3 0.3
v 0.8 3 -0.3
v 0.8 3 -0.4
v 0.8 3.2 0.4
v 0.8 3.2 0.3
v 0.8 3.2 -0.3
v 0.8 3.2 -0.4
v 0.8 3.3 0.3
v 0.8 3.3 -0.3
v -0.8 1.6 0.8
v -0.8 1.8 0.8
v -0.8 2.1 0.8
v -0.8 2.3 0.8
v -0.8 2.5 0.8
v -0.8 2.8 0.8
v -0.7 1.5 0.8
v -0.7 1.6 0.8
v -0.7 1.8 0.8
v -0.7 1.9 0.8
v -0.7 2.1 0.8
v -0.7 2.2 0.8
v -0.7 2.3 0.8
v -0.7 2.5 0.8
v -0.7 2.8 0.8
v -0.7 2.9 0.8
v -0.6 1.2 0.8
v -0.6 1.3 0.8
v -0.6 1.4 0.8
v -0.6 1.5 0.8
v -0.6 1.6 0.8
v -0.6 1.7 0.8
v -0.6 2 0.8
v -0.6 2.1 0.8
v -0.6 2.2 0.8
v -0.6 2.3 0.8
v -0.6 2.5 0.8
v -0.6 2.6 0.8
v -0.6 2.8 0.8
v -0.6 2.9 0.8
v -0.5 1.2 0.8
v -0.5 1.3 0.8
v -0.5 1.8 0.8
v -0.5 1.9 0.8
v -0.5 2 0.8
v -0.5 2.1 0.8
v -0.4 1.6 0.8
v -0.4 1.7 0.8
v -0.4 1.8 0.8
v -0.4 1.9 0.8
v -0.4 2.1 0.8
v -0.4 2.3 0.8
v -0.3 1.2 0.8
v -0.3 1.4 0.8
v -0.3 2.1 0.8
v -0.3 2.2 0.8
v -0.3 2.5 0.8
v -0.3 2.6 0.8
v -0.3 2.9 0.8
v -0.3 3.3 0.8
v -0.2 1.2 0.8
v -0.2 1.4 0.8
v -0.2 1.5 0.8
v -0.2 1.6 0.8
v -0.2 2.2 0.8
v -0.2 2.3 0.8
v -0.1 1.5 0.8
v -0.1 1.6 0.8
v -0.1 2.2 0.8
v -0.1 2.3 0.8
v 0.1 1.5 0.8
v 0.1 1.6 0.8
v 0.1 2.2 0.8
v 0.1 2.3 0.8
v 0.2 1.2 0.8
v 0.2 1.4 0.8
v 0.2 1.5 0.8
v 0.2 1.6 0.8
v 0.2 2.2 0.8
v 0.2 2.3 0.8
v 0.3 1.2 0.8
v 0.3 1.4 0.8
v 0.3 2.1 0.8
v 0.3 2.2 0.8
v 0.3 2.5 0.8
v 0.3 2.6 0.8
v 0.3 2.9 0.8
v 0.3 3.3 0.8
v 0.4 1.6 0.8
v 0.4 1.7 0.8
v 0.4 1.8 0.8
v 0.4 1.9 0.8
v 0.4 2.1 0.8
v 0.4 2.3 0.8
v 0.5 1.2 0.8
v 0.5 1.3 0.8
v 0.5 1.8 0.8
v 0.5 1.9 0.8
v 0.5 2 0.8
v 0.5 2.1 0.8
v 0.6 1.2 0.8
v 0.6 1.3 0.8
v 0.6 1.4 0.8
v 0.6 1.5 0.8
v 0.6 1.6 0.8
v 0.6 1.7 0.8
v 0.6 2 0.8
v 0.6 2.1 0.8
v 0.6 2.2 0.8
v 0.6 2.3 0.8
v 0.6 2.5 0.8
v 0.6 2.6 0.8
v 0.6 2.8 0.8
v 0.6 2.9 0.8
v 0.7 1.5 0.8
v 0.7 1.6 0.8
v 0.7 1.8 0.8
v 0.7 1.9 0.8
v 0.7 2.1 0.8
v 0.7 2.2 0.8
v 0.7 2.3 0.8
v 0.7 2.5 0.8
v 0.7 2.8 0.8
v 0.7 2.9 0.8
v 0.8 1.6 0.8
v 0.8 1.8 0.8
v 0.8 2.1 0.8
v 0.8 2.3 0.8
v 0.8 2.5 0.8
v 0.8 2.8 0.8
v -0.8 1.5 0.7
v -0.8 1.6 0.7
v -0.8 2.8 0.7
v -0.8 2.9 0.7
v -0.7 1.2 0.7
v -0.7 1.3 0.7
v -0.7 1.4 0.7
v -0.7 1.5 0.7
v -0.7 1.6 0.7
v -0.7 2.8 0.7
v -0.7 2.9 0.7
v -0.7 3 0.7
v -0.6 1.2 0.7
v -0.6 1.3 0.7
v -0.6 1.4 0.7
v -0.6 1.5 0.7
v -0.6 2.9 0.7
v -0.5 1.3 0.7
v -0.5 1.4 0.7
v -0.5 2.9 0.7
v -0.5 3 0.7
v -0.5 3.2 0.7
v -0.4 1.3 0.7
v -0.4 1.4 0.7
v -0.4 3.2 0.7
v -0.4 3.3 0.7
v -0.3 0.9 0.7
v -0.3 1.1 0.7
v -0.3 1.3 0.7
v -0.3 1.4 0.7
v -0.3 2.9 0.7
v -0.3 3 0.7
v -0.3 3.3 0.7
v -0.2 0.9 0.7
v -0.2 1.1 0.7
v -0.2 1.3 0.7
v -0.2 1.4 0.7
v -0.1 1 0.7
v -0.1 1.1 0.7
v -0.1 1.3 0.7
v -0.1 1.4 0.7
v 5.96046e-08 1 0.7
v 5.96046e-08 1.1 0.7
v 0.1 0.9 0.7
v 0.1 1 0.7
v 0.1 1.3 0.7
v 0.1 1.4 0.7
v 0.2 0.9 0.7
v 0.2 1 0.7
v 0.2 1.3 0.7
v 0.2 1.4 0.7
v 0.3 1.3 0.7
v 0.3 1.4 0.7
v 0.3 2.9 0.7
v 0.3 3 0.7
v 0.3 3.3 0.7
v 0.4 1.3 0.7
v 0.4 1.4 0.7
v 0.4 3.2 0.7
v 0.4 3.3 0.7
v 0.5 1.3 0.7
v 0.5 1.4 0.7
v 0.5 2.9 0.7
v 0.5 3 0.7
v 0.5 3.2 0.7
v 0.6 1.2 0.7
v 0.6 1.3 0.7
v 0.6 1.4 0.7
v 0.6 1.5 0.7
v 0.6 2.9 0.7
v 0.7 1.2 0.7
v 0.7 1.3 0.7
v 0.7 1.4 0.7
v 0.7 1.5 0.7
v 0.7 1.6 0.7
v 0.7 2.8 0.7
v 0.7 2.9 0.7
v 0.7 3 0.7
v 0.8 1.5 0.7
v 0.8 1.6 0.7
v 0.8 2.8 0.7
v 0.8 2.9 0.7
v -0.8 1.4 0.6
v -0.8 1.5 0.6
v -0.7 1.4 0.6
v -0.7 1.5 0.6
v -0.6 3 0.6
v -0.6 3.3 0.6
v -0.5 3 0.6
v -0.5 3.2 0.6
v -0.4 3.2 0.6
v -0.4 3.3 0.6
v -0.4 3.4 0.6
v -0.3 1.1 0.6
v -0.3 1.2 0.6
v -0.2 1.1 0.6
v -0.2 1.2 0.6
v -0.1 1.1 0.6
v -0.1 1.3 0.6
v 5.96046e-08 1.1 0.6
v 5.96046e-08 1.3 0.6
v 0.1 1 0.6
v 0.1 1.2 0.6
v 0.2 1 0.6
v 0.2 1.2 0.6
v 0.4 3.2 0.6
v 0.4 3.3 0.6
v 0.4 3.4 0.6
v 0.5 3 0.6
v 0.5 3.2 0.6
v 0.6 3 0.6
v 0.6 3.3 0.6
v 0.7 1.4 0.6
v 0.7 1.5 0.6
v 0.8 1.4 0.6
v 0.8 1.5 0.6
v -0.7 0.9 0.5
v -0.7 1 0.5
v -0.7 1.3 0.5
v -0.7 1.4 0.5
v -0.7 3 0.5
v -0.7 3.2 0.5
v -0.6 0.9 0.5
v -0.6 1 0.5
v -0.6 1.2 0.5
v -0.6 1.3 0.5
v -0.6 1.4 0.5
v -0.6 3 0.5
v -0.6 3.2 0.5
v -0.5 1 0.5
v -0.5 1.2 0.5
v -0.5 1.4 0.5
v -0.5 3.3 0.5
v -0.5 3.4 0.5
v -0.4 1.2 0.5
v -0.4 1.4 0.5
v -0.4 3.3 0.5
v -0.4 3.4 0.5
v -0.3 1.2 0.5
v -0.3 1.4 0.5
v -0.2 1.2 0.5
v -0.2 1.4 0.5
v -0.1 1.3 0.5
v -0.1 1.4 0.5
v 5.96046e-08 1.3 0.5
v 5.96046e-08 1.4 0.5
v 0.1 1.2 0.5
v 0.1 1.4 0.5
v 0.2 1.2 0.5
v 0.2 1.4 0.5
v 0.4 1.1 0.5
v 0.4 1.4 0.5
v 0.4 3.3 0.5
v 0.4 3.4 0.5
v 0.5 0.9 0.5
v 0.5 1.1 0.5
v 0.5 1.4 0.5
v 0.5 3.3 0.5
v 0.5 3.4 0.5
v 0.6 0.9 0.5
v 0.6 1.1 0.5
v 0.6 1.3 0.5
v 0.6 1.4 0.5
v 0.6 3 0.5
v 0.6 3.2 0.5
v 0.7 1.3 0.5
v 0.7 1.4 0.5
v 0.7 3 0.5
v 0.7 3.2 0.5
v -0.8 2.9 0.4
v -0.8 3 0.4
v -0.8 3.2 0.4
v -0.7 1.2 0.4
v -0.7 1.3 0.4
v -0.7 2.9 0.4
v -0.7 3 0.4
v -0.7 3.2 0.4
v -0.7 3.3 0.4
v -0.6 1.2 0.4
v -0.6 1.3 0.4
v -0.6 3.2 0.4
v -0.6 3.3 0.4
v -0.6 3.4 0.4
v -0.5 3.3 0.4
v -0.5 3.4 0.4
v 0.5 3.3 0.4
v 0.5 3.4 0.4
v 0.6 1.2 0.4
v 0.6 1.3 0.4
v 0.6 3.2 0.4
v 0.6 3.3 0.4
v 0.6 3.4 0.4
v 0.7 1.2 0.4
v 0.7 1.3 0.4
v 0.7 2.9 0.4
v 0.7 3 0.4
v 0.7 3.2 0.4
v 0.7 3.3 0.4
v 0.8 2.9 0.4
v 0.8 3 0.4
v 0.8 3.2 0.4
v -0.8 3.2 0.3
v -0.8 3.3 0.3
v -0.7 3.2 0.3
v -0.7 3.3 0.3
v -0.5 0.9 0.3
v -0.5 1 0.3
v -0.4 0.9 0.3
v -0.4 1 0.3
v -0.4 1.2 0.3
v -0.3 1 0.3
v -0.3 1.2 0.3
v -0.3 1.4 0.3
v -0.2 1.2 0.3
v -0.2 1.4 0.3
v 5.96046e-08 1.2 0.3
v 5.96046e-08 1.4 0.3
v 0.1 1.2 0.3
v 0.1 1.4 0.3
v 0.2 1.1 0.3
v 0.2 1.4 0.3
v 0.3 1.1 0.3
v 0.3 1.4 0.3
v 0.4 1 0.3
v 0.4 1.4 0.3
v 0.5 0.8 0.3
v 0.5 1 0.3
v 0.5 1.1 0.3
v 0.5 1.4 0.3
v 0.6 0.9 0.3
v 0.6 1.1 0.3
v 0.7 0.8 0.3
v 0.7 0.9 0.3
v 0.7 3.2 0.3
v 0.7 3.3 0.3
v 0.8 3.2 0.3
v 0.8 3.3 0.3
v -0.1 1.2 0.2
v -0.1 1.4 0.2
v 5.96046e-08 1.2 0.2
v 5.96046e-08 1.4 0.2
v -0.7 1.3 0.1
v -0.7 1.4 0.1
v -0.6 1.3 0.1
v -0.6 1.4 0.1
v -0.3 1.1 0.1
v -0.3 1.4 0.1
v -0.2 1.1 0.1
v -0.2 1.4 0.1
v 0.6 1.3 0.1
v 0.6 1.4 0.1
v 0.7 1.3 0.1
v 0.7 1.4 0.1
v -0.7 1 -5.96046e-08
v -0.7 1.1 -5.96046e-08
v -0.6 1.1 -5.96046e-08
v -0.6 1.3 -5.96046e-08
v -0.5 1 -5.96046e-08
v -0.5 1.2 -5.96046e-08
v -0.5 1.3 -5.96046e-08
v -0.5 1.4 -5.96046e-08
v -0.4 1.2 -5.96046e-08
v -0.4 1.4 -5.96046e-08
v 0.4 1.1 -5.96046e-08
v 0.4 1.4 -5.96046e-08
v 0.5 0.9 -5.96046e-08
v 0.5 1.1 -5.96046e-08
v 0.5 1.2 -5.96046e-08
v 0.5 1.4 -5.96046e-08
v 0.6 1 -5.96046e-08
v 0.6 1.2 -5.96046e-08
v 0.7 0.9 -5.96046e-08
v 0.7 1 -5.96046e-08
v -0.2 1.1 -0.1
v -0.2 1.4 -0.1
v -0.1 1.1 -0.1
v -0.1 1.4 -0.1
v 0.1 1.1 -0.1
v 0.1 1.4 -0.1
v 0.2 1.1 -0.1
v 0.2 1.4 -0.1
v -0.7 1.3 -0.2
v -0.7 1.4 -0.2
v -0.6 1.3 -0.2
v -0.6 1.4 -0.2
v -0.1 1.4 -0.2
v -0.1 1.5 -0.2
v 5.96046e-08 1.2 -0.2
v 5.96046e-08 1.4 -0.2
v 5.96046e-08 1.5 -0.2
v 0.1 1.2 -0.2
v 0.1 1.4 -0.2
v 0.4 1 -0.2
v 0.4 1.4 -0.2
v 0.5 0.9 -0.2
v 0.5 1 -0.2
v 0.5 1.1 -0.2
v 0.5 1.4 -0.2
v 0.6 0.8 -0.2
v 0.6 0.9 -0.2
v 0.6 1 -0.2
v 0.6 1.1 -0.2
v 0.6 1.3 -0.2
v 0.6 1.4 -0.2
v 0.7 0.8 -0.2
v 0.7 1 -0.2
v 0.7 1.3 -0.2
v 0.7 1.4 -0.2
v -0.7 1.2 -0.3
v -0.7 1.3 -0.3
v -0.6 1.2 -0.3
v -0.6 1.3 -0.3
v 0.6 1.2 -0.3
v 0.6 1.3 -0.3
v 0.7 1.2 -0.3
v 0.7 1.3 -0.3
v -0.7 0.8 -0.4
v -0.7 1.1 -0.4
v -0.6 0.8 -0.4
v -0.6 1 -0.4
v -0.6 1.1 -0.4
v -0.6 1.2 -0.4
v -0.5 1 -0.4
v -0.5 1.1 -0.4
v -0.5 1.2 -0.4
v -0.5 1.4 -0.4
v -0.4 1.1 -0.4
v -0.4 1.4 -0.4
v -0.3 1.1 -0.4
v -0.3 1.4 -0.4
v -0.2 1.1 -0.4
v -0.2 1.4 -0.4
v -0.1 1.2 -0.4
v -0.1 1.4 -0.4
v 5.96046e-08 1.2 -0.4
v 5.96046e-08 1.4 -0.4
v 0.1 1.1 -0.4
v 0.1 1.4 -0.4
v 0.2 1.1 -0.4
v 0.2 1.4 -0.4
v 0.4 1.1 -0.4
v 0.4 1.4 -0.4
v 0.5 1.1 -0.4
v 0.5 1.4 -0.4
v -0.3 0.9 -0.5
v -0.3 1.1 -0.5
v -0.2 0.9 -0.5
v -0.2 1.1 -0.5
v -0.1 1.1 -0.5
v -0.1 1.2 -0.5
v 5.96046e-08 1.1 -0.5
v 5.96046e-08 1.2 -0.5
v 0.1 1 -0.5
v 0.1 1.1 -0.5
v 0.2 1 -0.5
v 0.2 1.1 -0.5
v 0.4 0.9 -0.5
v 0.4 1.1 -0.5
v 0.5 0.9 -0.5
v 0.5 1.1 -0.5
v -0.7 1.2 -0.6
v -0.7 1.3 -0.6
v -0.6 1.2 -0.6
v -0.6 1.3 -0.6
v -0.6 1.4 -0.6
v -0.5 1.3 -0.6
v -0.5 1.4 -0.6
v -0.4 1.3 -0.6
v -0.4 1.4 -0.6
v -0.3 1.4 -0.6
v -0.1 1 -0.6
v -0.1 1.1 -0.6
v -0.1 1.3 -0.6
v -0.1 1.4 -0.6
v 5.96046e-08 1 -0.6
v 5.96046e-08 1.1 -0.6
v 0.1 0.9 -0.6
v 0.1 1 -0.6
v 0.1 1.3 -0.6
v 0.1 1.4 -0.6
v 0.2 0.9 -0.6
v 0.2 1 -0.6
v 0.2 1.4 -0.6
v 0.3 1.4 -0.6
v 0.4 1.3 -0.6
v 0.4 1.4 -0.6
v 0.5 1.3 -0.6
v 0.5 1.4 -0.6
v 0.6 1.2 -0.6
v 0.6 1.3 -0.6
v 0.6 1.4 -0.6
v 0.7 1.2 -0.6
v 0.7 1.3 -0.6
v -0.6 1.2 -0.7
v -0.6 1.3 -0.7
v -0.5 1.2 -0.7
v -0.5 1.3 -0.7
v -0.3 1.2 -0.7
v -0.3 1.3 -0.7
v -0.2 1.2 -0.7
v -0.2 1.3 -0.7
v 0.2 1.2 -0.7
v 0.2 1.3 -0.7
v 0.3 1.2 -0.7
v 0.3 1.3 -0.7
v 0.5 1.2 -0.7
v 0.5 1.3 -0.7
v 0.6 1.2 -0.7
v 0.6 1.3 -0.7
v -0.6 1.2 0.7
v -0.6 1.3 0.7
v -0.5 1.2 0.7
v -0.5 1.3 0.7
v -0.3 1.2 0.7
v -0.3 1.3 0.7
v -0.2 1.2 0.7
v -0.2 1.3 0.7
v 0.2 1.2 0.7
v 0.2 1.3 0.7
v 0.3 1.2 0.7
v 0.3 1.3 0.7
v 0.5 1.2 0.7
v 0.5 1.3 0.7
v 0.6 1.2 0.7
v 0.6 1.3 0.7
v -0.7 1.2 0.6
v -0.7 1.3 0.6
v -0.6 1.2 0.6
v -0.6 1.3 0.6
v -0.6 1.4 0.6
v -0.5 1.3 0.6
v -0.5 1.4 0.6
v -0.4 1.3 0.6
v -0.4 1.4 0.6
v -0.3 0.9 0.6
v -0.3 1 0.6
v -0.3 1.4 0.6
v -0.2 0.9 0.6
v -0.2 1 0.6
v -0.2 1.4 0.6
v -0.1 1.3 0.6
v -0.1 1.4 0.6
v 0.1 1.3 0.6
v 0.1 1.4 0.6
v 0.2 1.4 0.6
v 0.3 1.4 0.6
v 0.4 1.3 0.6
v 0.4 1.4 0.6
v 0.5 1.3 0.6
v 0.5 1.4 0.6
v 0.6 1.2 0.6
v 0.6 1.3 0.6
v 0.6 1.4 0.6
v 0.7 1.2 0.6
v 0.7 1.3 0.6
v -0.3 1 0.5
v -0.3 1.1 0.5
v -0.2 1 0.5
v -0.2 1.1 0.5
v -0.1 1 0.5
v -0.1 1.2 0.5
v 5.96046e-08 1 0.5
v 5.96046e-08 1.2 0.5
v 0.1 0.9 0.5
v 0.1 1.1 0.5
v 0.2 0.9 0.5
v 0.2 1.1 0.5
v -0.7 0.9 0.4
v -0.7 1 0.4
v -0.6 0.9 0.4
v -0.6 1 0.4
v -0.6 1.2 0.4
v -0.5 1 0.4
v -0.5 1.2 0.4
v -0.5 1.4 0.4
v -0.4 1.2 0.4
v -0.4 1.4 0.4
v -0.3 1.1 0.4
v -0.3 1.4 0.4
v -0.2 1.1 0.4
v -0.2 1.4 0.4
v -0.1 1.2 0.4
v -0.1 1.4 0.4
v 5.96046e-08 1.2 0.4
v 5.96046e-08 1.4 0.4
v 0.1 1.1 0.4
v 0.1 1.4 0.4
v 0.2 1.1 0.4
v 0.2 1.4 0.4
v 0.4 1.1 0.4
v 0.4 1.4 0.4
v 0.5 0.9 0.4
v 0.5 1.1 0.4
v 0.5 1.4 0.4
v 0.6 0.9 0.4
v 0.6 1.1 0.4
v -0.7 1.2 0.3
v -0.7 1.3 0.3
v -0.6 1.2 0.3
v -0.6 1.3 0.3
v 0.6 1.2 0.3
v 0.6 1.3 0.3
v 0.7 1.2 0.3
v 0.7 1.3 0.3
v -0.7 1.3 0.2
v -0.7 1.4 0.2
v -0.6 1.3 0.2
v -0.6 1.4 0.2
v -0.5 0.9 0.2
v -0.5 1 0.2
v -0.4 0.9 0.2
v -0.4 1 0.2
v -0.4 1.2 0.2
v -0.3 1 0.2
v -0.3 1.2 0.2
v -0.3 1.4 0.2
v -0.2 1.2 0.2
v -0.2 1.4 0.2
v 5.96046e-08 1.2 0.2
v 5.96046e-08 1.4 0.2
v 0.1 1.2 0.2
v 0.1 1.4 0.2
v 0.2 1.1 0.2
v 0.2 1.4 0.2
v 0.3 1.1 0.2
v 0.3 1.4 0.2
v 0.4 1 0.2
v 0.4 1.4 0.2
v 0.5 0.8 0.2
v 0.5 1 0.2
v 0.5 1.1 0.2
v 0.5 1.4 0.2
v 0.6 0.9 0.2
v 0.6 1.1 0.2
v 0.6 1.3 0.2
v 0.6 1.4 0.2
v 0.7 0.8 0.2
v 0.7 0.9 0.2
v 0.7 1.3 0.2
v 0.7 1.4 0.2
v -0.1 1.2 0.1
v -0.1 1.4 0.1
v 5.96046e-08 1.2 0.1
v 5.96046e-08 1.4 0.1
v -0.3 1.1 -5.96046e-08
v -0.3 1.4 -5.96046e-08
v -0.2 1.1 -5.96046e-08
v -0.2 1.4 -5.96046e-08
v -0.7 1 -0.1
v -0.7 1.1 -0.1
v -0.7 1.3 -0.1
v -0.7 1.4 -0.1
v -0.6 1.1 -0.1
v -0.6 1.3 -0.1
v -0.6 1.4 -0.1
v -0.5 1 -0.1
v -0.5 1.2 -0.1
v -0.5 1.3 -0.1
v -0.5 1.4 -0.1
v -0.4 1.2 -0.1
v -0.4 1.4 -0.1
v -0.1 1.4 -0.1
v -0.1 1.5 -0.1
v 5.96046e-08 1.4 -0.1
v 5.96046e-08 1.5 -0.1
v 0.4 1.1 -0.1
v 0.4 1.4 -0.1
v 0.5 0.9 -0.1
v 0.5 1.1 -0.1
v 0.5 1.2 -0.1
v 0.5 1.4 -0.1
v 0.6 1 -0.1
v 0.6 1.2 -0.1
v 0.6 1.3 -0.1
v 0.6 1.4 -0.1
v 0.7 0.9 -0.1
v 0.7 1 -0.1
v 0.7 1.3 -0.1
v 0.7 1.4 -0.1
v -0.2 1.1 -0.2
v -0.2 1.4 -0.2
v -0.1 1.1 -0.2
v -0.1 1.4 -0.2
v 0.1 1.1 -0.2
v 0.1 1.2 -0.2
v 0.1 1.4 -0.2
v 0.2 1.1 -0.2
v 0.2 1.4 -0.2
v -0.8 3.2 -0.3
v -0.8 3.3 -0.3
v -0.7 3.2 -0.3
v -0.7 3.3 -0.3
v 5.96046e-08 1.2 -0.3
v 5.96046e-08 1.4 -0.3
v 0.1 1.2 -0.3
v 0.1 1.4 -0.3
v 0.4 1 -0.3
v 0.4 1.4 -0.3
v 0.5 0.9 -0.3
v 0.5 1 -0.3
v 0.5 1.1 -0.3
v 0.5 1.4 -0.3
v 0.6 0.8 -0.3
v 0.6 0.9 -0.3
v 0.6 1 -0.3
v 0.6 1.1 -0.3
v 0.7 0.8 -0.3
v 0.7 1 -0.3
v 0.7 3.2 -0.3
v 0.7 3.3 -0.3
v 0.8 3.2 -0.3
v 0.8 3.3 -0.3
v -0.8 2.9 -0.4
v -0.8 3 -0.4
v -0.8 3.2 -0.4
v -0.7 1.2 -0.4
v -0.7 1.3 -0.4
v -0.7 2.9 -0.4
v -0.7 3 -0.4
v -0.7 3.2 -0.4
v -0.7 3.3 -0.4
v -0.6 1.2 -0.4
v -0.6 1.3 -0.4
v -0.6 3.2 -0.4
v -0.6 3.3 -0.4
v -0.6 3.4 -0.4
v -0.5 3.3 -0.4
v -0.5 3.4 -0.4
v 0.5 3.3 -0.4
v 0.5 3.4 -0.4
v 0.6 1.2 -0.4
v 0.6 1.3 -0.4
v 0.6 3.2 -0.4
v 0.6 3.3 -0.4
v 0.6 3.4 -0.4
v 0.7 1.2 -0.4
v 0.7 1.3 -0.4
v 0.7 2.9 -0.4
v 0.7 3 -0.4
v 0.7 3.2 -0.4
v 0.7 3.3 -0.4
v 0.8 2.9 -0.4
v 0.8 3 -0.4
v 0.8 3.2 -0.4
v -0.7 0.8 -0.5
v -0.7 1.1 -0.5
v -0.7 1.3 -0.5
v -0.7 1.4 -0.5
v -0.7 3 -0.5
v -0.7 3.2 -0.5
v -0.6 0.8 -0.5
v -0.6 1 -0.5
v -0.6 1.1 -0.5
v -0.6 1.2 -0.5
v -0.6 1.3 -0.5
v -0.6 1.4 -0.5
v -0.6 3 -0.5
v -0.6 3.2 -0.5
v -0.5 1 -0.5
v -0.5 1.1 -0.5
v -0.5 1.2 -0.5
v -0.5 1.4 -0.5
v -0.5 3.3 -0.5
v -0.5 3.4 -0.5
v -0.4 1.1 -0.5
v -0.4 1.4 -0.5
v -0.4 3.3 -0.5
v -0.4 3.4 -0.5
v -0.3 1.2 -0.5
v -0.3 1.4 -0.5
v -0.2 1.2 -0.5
v -0.2 1.4 -0.5
v -0.1 1.3 -0.5
v -0.1 1.4 -0.5
v 5.96046e-08 1.3 -0.5
v 5.96046e-08 1.4 -0.5
v 0.1 1.2 -0.5
v 0.1 1.4 -0.5
v 0.2 1.2 -0.5
v 0.2 1.4 -0.5
v 0.4 1.2 -0.5
v 0.4 1.4 -0.5
v 0.4 3.3 -0.5
v 0.4 3.4 -0.5
v 0.5 1.2 -0.5
v 0.5 1.4 -0.5
v 0.5 3.3 -0.5
v 0.5 3.4 -0.5
v 0.6 1.3 -0.5
v 0.6 1.4 -0.5
v 0.6 3 -0.5
v 0.6 3.2 -0.5
v 0.7 1.3 -0.5
v 0.7 1.4 -0.5
v 0.7 3 -0.5
v 0.7 3.2 -0.5
v -0.8 1.4 -0.6
v -0.8 1.5 -0.6
v -0.7 1.4 -0.6
v -0.7 1.5 -0.6
v -0.6 3 -0.6
v -0.6 3.3 -0.6
v -0.5 3 -0.6
v -0.5 3.2 -0.6
v -0.4 3.2 -0.6
v -0.4 3.3 -0.6
v -0.4 3.4 -0.6
v -0.3 0.9 -0.6
v -0.3 1.2 -0.6
v -0.2 0.9 -0.6
v -0.2 1.2 -0.6
v -0.1 1.2 -0.6
v -0.1 1.3 -0.6
v 5.96046e-08 1.2 -0.6
v 5.96046e-08 1.3 -0.6
v 0.1 1.1 -0.6
v 0.1 1.2 -0.6
v 0.2 1.1 -0.6
v 0.2 1.2 -0.6
v 0.4 1 -0.6
v 0.4 1.2 -0.6
v 0.4 3.2 -0.6
v 0.4 3.3 -0.6
v 0.4 3.4 -0.6
v 0.5 1 -0.6
v 0.5 1.2 -0.6
v 0.5 3 -0.6
v 0.5 3.2 -0.6
v 0.6 3 -0.6
v 0.6 3.3 -0.6
v 0.7 1.4 -0.6
v 0.7 1.5 -0.6
v 0.8 1.4 -0.6
v 0.8 1.5 -0.6
v -0.8 1.5 -0.7
v -0.8 1.6 -0.7
v -0.8 2.8 -0.7
v -0.8 2.9 -0.7
v -0.7 1.2 -0.7
v -0.7 1.3 -0.7
v -0.7 1.4 -0.7
v -0.7 1.5 -0.7
v -0.7 1.6 -0.7
v -0.7 2.8 -0.7
v -0.7 2.9 -0.7
v -0.7 3 -0.7
v -0.6 1.2 -0.7
v -0.6 1.3 -0.7
v -0.6 1.4 -0.7
v -0.6 1.5 -0.7
v -0.6 2.9 -0.7
v -0.5 1.3 -0.7
v -0.5 1.4 -0.7
v -0.5 2.9 -0.7
v -0.5 3 -0.7
v -0.5 3.2 -0.7
v -0.4 1.3 -0.7
v -0.4 1.4 -0.7
v -0.4 3.2 -0.7
v -0.4 3.3 -0.7
v -0.3 1.3 -0.7
v -0.3 1.4 -0.7
v -0.3 2.9 -0.7
v -0.3 3 -0.7
v -0.3 3.3 -0.7
v -0.2 1.3 -0.7
v -0.2 1.4 -0.7
v -0.1 1 -0.7
v -0.1 1.2 -0.7
v -0.1 1.3 -0.7
v -0.1 1.4 -0.7
v 5.96046e-08 1 -0.7
v 5.96046e-08 1.2 -0.7
v 0.1 0.9 -0.7
v 0.1 1.1 -0.7
v 0.1 1.3 -0.7
v 0.1 1.4 -0.7
v 0.2 0.9 -0.7
v 0.2 1.1 -0.7
v 0.2 1.3 -0.7
v 0.2 1.4 -0.7
v 0.3 1.3 -0.7
v 0.3 1.4 -0.7
v 0.3 2.9 -0.7
v 0.3 3 -0.7
v 0.3 3.3 -0.7
v 0.4 0.9 -0.7
v 0.4 1 -0.7
v 0.4 1.3 -0.7
v 0.4 1.4 -0.7
v 0.4 3.2 -0.7
v 0.4 3.3 -0.7
v 0.5 0.9 -0.7
v 0.5 1 -0.7
v 0.5 1.3 -0.7
v 0.5 1.4 -0.7
v 0.5 2.9 -0.7
v 0.5 3 -0.7
v 0.5 3.2 -0.7
v 0.6 1.2 -0.7
v 0.6 1.3 -0.7
v 0.6 1.4 -0.7
v 0.6 1.5 -0.7
v 0.6 2.9 -0.7
v 0.7 1.2 -0.7
v 0.7 1.3 -0.7
v 0.7 1.4 -0.7
v 0.7 1.5 -0.7
v 0.7 1.6 -0.7
v 0.7 2.8 -0.7
v 0.7 2.9 -0.7
v 0.7 3 -0.7
v 0.8 1.5 -0.7
v 0.8 1.6 -0.7
v 0.8 2.8 -0.7
v 0.8 2.9 -0.7
v -0.8 1.6 -0.8
v -0.8 1.8 -0.8
v -0.8 2.1 -0.8
v -0.8 2.3 -0.8
v -0.8 2.5 -0.8
v -0.8 2.8 -0.8
v -0.7 1.5 -0.8
v -0.7 1.6 -0.8
v -0.7 1.8 -0.8
v -0.7 1.9 -0.8
v -0.7 2.1 -0.8
v -0.7 2.2 -0.8
v -0.7 2.3 -0.8
v -0.7 2.5 -0.8
v -0.7 2.8 -0.8
v -0.7 2.9 -0.8
v -0.6 1.2 -0.8
v -0.6 1.3 -0.8
v -0.6 1.4 -0.8
v -0.6 1.5 -0.8
v -0.6 1.6 -0.8
v -0.6 1.7 -0.8
v -0.6 2 -0.8
v -0.6 2.1 -0.8
v -0.6 2.2 -0.8
v -0.6 2.3 -0.8
v -0.6 2.5 -0.8
v -0.6 2.6 -0.8
v -0.6 2.8 -0.8
v -0.6 2.9 -0.8
v -0.5 1.2 -0.8
v -0.5 1.3 -0.8
v -0.5 1.8 -0.8
v -0.5 1.9 -0.8
v -0.5 2 -0.8
v -0.5 2.1 -0.8
v -0.4 1.6 -0.8
v -0.4 1.7 -0.8
v -0.4 1.8 -0.8
v -0.4 1.9 -0.8
v -0.4 2.1 -0.8
v -0.4 2.3 -0.8
v -0.3 1.2 -0.8
v -0.3 1.4 -0.8
v -0.3 2.1 -0.8
v -0.3 2.2 -0.8
v -0.3 2.5 -0.8
v -0.3 2.6 -0.8
v -0.3 2.9 -0.8
v -0.3 3.3 -0.8
v -0.2 1.2 -0.8
v -0.2 1.4 -0.8
v -0.2 1.5 -0.8
v -0.2 1.6 -0.8
v -0.2 2.2 -0.8
v -0.2 2.3 -0.8
v -0.1 1.5 -0.8
v -0.1 1.6 -0.8
v -0.1 2.2 -0.8
v -0.1 2.3 -0.8
v 0.1 1.5 -0.8
v 0.1 1.6 -0.8
v 0.1 2.2 -0.8
v 0.1 2.3 -0.8
v 0.2 1.2 -0.8
v 0.2 1.4 -0.8
v 0.2 1.5 -0.8
v 0.2 1.6 -0.8
v 0.2 2.2 -0.8
v 0.2 2.3 -0.8
v 0.3 1.2 -0.8
v 0.3 1.4 -0.8
v 0.3 2.1 -0.8
v 0.3 2.2 -0.8
v 0.3 2.5 -0.8
v 0.3 2.6 -0.8
v 0.3 2.9 -0.8
v 0.3 3.3 -0.8
v 0.4 1.6 -0.8
v 0.4 1.7 -0.8
v 0.4 1.8 -0.8
v 0.4 1.9 -0.8
v 0.4 2.1 -0.8
v 0.4 2.3 -0.8
v 0.5 1.2 -0.8
v 0.5 1.3 -0.8
v 0.5 1.8 -0.8
v 0.5 1.9 -0.8
v 0.5 2 -0.8
v 0.5 2.1 -0.8
v 0.6 1.2 -0.8
v 0.6 1.3 -0.8
v 0.6 1.4 -0.8
v 0.6 1.5 -0.8
v 0.6 1.6 -0.8
v 0.6 1.7 -0.8
v 0.6 2 -0.8
v 0.6 2.1 -0.8
v 0.6 2.2 -0.8
v 0.6 2.3 -0.8
v 0.6 2.5 -0.8
v 0.6 2.6 -0.8
v 0.6 2.8 -0.8
v 0.6 2.9 -0.8
v 0.7 1.5 -0.8
v 0.7 1.6 -0.8
v 0.7 1.8 -0.8
v 0.7 1.9 -0.8
v 0.7 2.1 -0.8
v 0.7 2.2 -0.8
v 0.7 2.3 -0.8
v 0.7 2.5 -0.8
v 0.7 2.8 -0.8
v 0.7 2.9 -0.8
v 0.8 1.6 -0.8
v 0.8 1.8 -0.8
v 0.8 2.1 -0.8
v 0.8 2.3 -0.8
v 0.8 2.5 -0.8
v 0.8 2.8 -0.8
v 0.5 0.8 0.3
v 0.7 0.8 0.3
v 0.5 0.8 0.2
v 0.7 0.8 0.2
v 0.6 0.8 -0.2
v 0.7 0.8 -0.2
v 0.6 0.8 -0.3
v 0.7 0.8 -0.3
v -0.7 0.8 -0.4
v -0.6 0.8 -0.4
v -0.7 0.8 -0.5
v -0.6 0.8 -0.5
v -0.3 0.9 0.7
v -0.2 0.9 0.7
v 0.1 0.9 0.7
v 0.2 0.9 0.7
v -0.3 0.9 0.6
v -0.2 0.9 0.6
v -0.7 0.9 0.5
v -0.6 0.9 0.5
v 0.1 0.9 0.5
v 0.2 0.9 0.5
v 0.5 0.9 0.5
v 0.6 0.9 0.5
v -0.7 0.9 0.4
v -0.6 0.9 0.4
v 0.5 0.9 0.4
v 0.6 0.9 0.4
v -0.5 0.9 0.3
v -0.4 0.9 0.3
v -0.5 0.9 0.2
v -0.4 0.9 0.2
v 0.5 0.9 -5.96046e-08
v 0.7 0.9 -5.96046e-08
v 0.5 0.9 -0.1
v 0.7 0.9 -0.1
v 0.5 0.9 -0.2
v 0.6 0.9 -0.2
v 0.5 0.9 -0.3
v 0.6 0.9 -0.3
v -0.3 0.9 -0.5
v -0.2 0.9 -0.5
v 0.4 0.9 -0.5
v 0.5 0.9 -0.5
v -0.3 0.9 -0.6
v -0.2 0.9 -0.6
v 0.1 0.9 -0.6
v 0.2 0.9 -0.6
v 0.1 0.9 -0.7
v 0.2 0.9 -0.7
v 0.4 0.9 -0.7
v 0.5 0.9 -0.7
v -0.1 1 0.7
v 5.96046e-08 1 0.7
v -0.3 1 0.6
v -0.2 1 0.6
v -0.6 1 0.5
v -0.5 1 0.5
v -0.3 1 0.5
v -0.2 1 0.5
v -0.1 1 0.5
v 5.96046e-08 1 0.5
v -0.6 1 0.4
v -0.5 1 0.4
v -0.4 1 0.3
v -0.3 1 0.3
v 0.4 1 0.3
v 0.5 1 0.3
v -0.4 1 0.2
v -0.3 1 0.2
v 0.4 1 0.2
v 0.5 1 0.2
v -0.7 1 -5.96046e-08
v -0.5 1 -5.96046e-08
v -0.7 1 -0.1
v -0.5 1 -0.1
v 0.4 1 -0.2
v 0.5 1 -0.2
v 0.4 1 -0.3
v 0.5 1 -0.3
v -0.6 1 -0.4
v -0.5 1 -0.4
v -0.6 1 -0.5
v -0.5 1 -0.5
v 0.1 1 -0.5
v 0.2 1 -0.5
v -0.1 1 -0.6
v 5.96046e-08 1 -0.6
v 0.1 1 -0.6
v 0.2 1 -0.6
v -0.1 1 -0.7
v 5.96046e-08 1 -0.7
v -0.3 1.1 0.5
v -0.2 1.1 0.5
v 0.1 1.1 0.5
v 0.2 1.1 0.5
v 0.4 1.1 0.5
v 0.5 1.1 0.5
v -0.3 1.1 0.4
v -0.2 1.1 0.4
v 0.1 1.1 0.4
v 0.2 1.1 0.4
v 0.4 1.1 0.4
v 0.5 1.1 0.4
v 0.2 1.1 0.3
v 0.3 1.1 0.3
v 0.2 1.1 0.2
v 0.3 1.1 0.2
v -0.3 1.1 0.1
v -0.2 1.1 0.1
v -0.3 1.1 -5.96046e-08
v -0.2 1.1 -5.96046e-08
v 0.4 1.1 -5.96046e-08
v 0.5 1.1 -5.96046e-08
v -0.2 1.1 -0.1
v -0.1 1.1 -0.1
v 0.1 1.1 -0.1
v 0.2 1.1 -0.1
v 0.4 1.1 -0.1
v 0.5 1.1 -0.1
v -0.2 1.1 -0.2
v -0.1 1.1 -0.2
v 0.1 1.1 -0.2
v 0.2 1.1 -0.2
v -0.5 1.1 -0.4
v -0.4 1.1 -0.4
v -0.3 1.1 -0.4
v -0.2 1.1 -0.4
v 0.1 1.1 -0.4
v 0.2 1.1 -0.4
v 0.4 1.1 -0.4
v 0.5 1.1 -0.4
v -0.5 1.1 -0.5
v -0.4 1.1 -0.5
v -0.3 1.1 -0.5
v -0.2 1.1 -0.5
v -0.1 1.1 -0.5
v 5.96046e-08 1.1 -0.5
v 0.1 1.1 -0.5
v 0.2 1.1 -0.5
v 0.4 1.1 -0.5
v 0.5 1.1 -0.5
v -0.1 1.1 -0.6
v 5.96046e-08 1.1 -0.6
v -0.6 1.2 0.8
v -0.5 1.2 0.8
v -0.3 1.2 0.8
v -0.2 1.2 0.8
v 0.2 1.2 0.8
v 0.3 1.2 0.8
v 0.5 1.2 0.8
v 0.6 1.2 0.8
v -0.7 1.2 0.7
v -0.6 1.2 0.7
v -0.5 1.2 0.7
v -0.3 1.2 0.7
v -0.2 1.2 0.7
v 0.2 1.2 0.7
v 0.3 1.2 0.7
v 0.5 1.2 0.7
v 0.6 1.2 0.7
v 0.7 1.2 0.7
v -0.7 1.2 0.6
v -0.6 1.2 0.6
v 0.6 1.2 0.6
v 0.7 1.2 0.6
v -0.5 1.2 0.5
v -0.4 1.2 0.5
v -0.1 1.2 0.5
v 5.96046e-08 1.2 0.5
v -0.7 1.2 0.4
v -0.6 1.2 0.4
v -0.5 1.2 0.4
v -0.4 1.2 0.4
v -0.1 1.2 0.4
v 5.96046e-08 1.2 0.4
v 0.6 1.2 0.4
v 0.7 1.2 0.4
v -0.7 1.2 0.3
v -0.6 1.2 0.3
v -0.3 1.2 0.3
v -0.2 1.2 0.3
v 5.96046e-08 1.2 0.3
v 0.1 1.2 0.3
v 0.6 1.2 0.3
v 0.7 1.2 0.3
v -0.3 1.2 0.2
v -0.2 1.2 0.2
v -0.1 1.2 0.2
v 5.96046e-08 1.2 0.2
v 0.1 1.2 0.2
v -0.1 1.2 0.1
v 5.96046e-08 1.2 0.1
v -0.5 1.2 -5.96046e-08
v -0.4 1.2 -5.96046e-08
v -0.5 1.2 -0.1
v -0.4 1.2 -0.1
v 5.96046e-08 1.2 -0.2
v 0.1 1.2 -0.2
v -0.7 1.2 -0.3
v -0.6 1.2 -0.3
v 5.96046e-08 1.2 -0.3
v 0.1 1.2 -0.3
v 0.6 1.2 -0.3
v 0.7 1.2 -0.3
v -0.7 1.2 -0.4
v -0.6 1.2 -0.4
v -0.1 1.2 -0.4
v 5.96046e-08 1.2 -0.4
v 0.6 1.2 -0.4
v 0.7 1.2 -0.4
v -0.1 1.2 -0.5
v 5.96046e-08 1.2 -0.5
v -0.7 1.2 -0.6
v -0.6 1.2 -0.6
v 0.6 1.2 -0.6
v 0.7 1.2 -0.6
v -0.7 1.2 -0.7
v -0.6 1.2 -0.7
v -0.5 1.2 -0.7
v -0.3 1.2 -0.7
v -0.2 1.2 -0.7
v 0.2 1.2 -0.7
v 0.3 1.2 -0.7
v 0.5 1.2 -0.7
v 0.6 1.2 -0.7
v 0.7 1.2 -0.7
v -0.6 1.2 -0.8
v -0.5 1.2 -0.8
v -0.3 1.2 -0.8
v -0.2 1.2 -0.8
v 0.2 1.2 -0.8
v 0.3 1.2 -0.8
v 0.5 1.2 -0.8
v 0.6 1.2 -0.8
v -0.6 1.3 0.7
v -0.5 1.3 0.7
v -0.4 1.3 0.7
v -0.3 1.3 0.7
v -0.2 1.3 0.7
v -0.1 1.3 0.7
v 0.1 1.3 0.7
v 0.2 1.3 0.7
v 0.3 1.3 0.7
v 0.4 1.3 0.7
v 0.5 1.3 0.7
v 0.6 1.3 0.7
v -0.6 1.3 0.6
v -0.5 1.3 0.6
v -0.4 1.3 0.6
v -0.1 1.3 0.6
v 0.1 1.3 0.6
v 0.4 1.3 0.6
v 0.5 1.3 0.6
v 0.6 1.3 0.6
v -0.7 1.3 0.5
v -0.6 1.3 0.5
v 0.6 1.3 0.5
v 0.7 1.3 0.5
v -0.7 1.3 0.4
v -0.6 1.3 0.4
v 0.6 1.3 0.4
v 0.7 1.3 0.4
v -0.7 1.3 0.3
v -0.6 1.3 0.3
v 0.6 1.3 0.3
v 0.7 1.3 0.3
v -0.7 1.3 0.2
v -0.6 1.3 0.2
v 0.6 1.3 0.2
v 0.7 1.3 0.2
v -0.7 1.3 0.1
v -0.6 1.3 0.1
v 0.6 1.3 0.1
v 0.7 1.3 0.1
v -0.6 1.3 -5.96046e-08
v -0.7 1.3 -0.1
v -0.6 1.3 -0.1
v 0.6 1.3 -0.1
v 0.7 1.3 -0.1
v -0.7 1.3 -0.2
v -0.6 1.3 -0.2
v 0.6 1.3 -0.2
v 0.7 1.3 -0.2
v -0.7 1.3 -0.3
v -0.6 1.3 -0.3
v 0.6 1.3 -0.3
v 0.7 1.3 -0.3
v -0.7 1.3 -0.4
v -0.6 1.3 -0.4
v 0.6 1.3 -0.4
v 0.7 1.3 -0.4
v -0.7 1.3 -0.5
v -0.6 1.3 -0.5
v 0.6 1.3 -0.5
v 0.7 1.3 -0.5
v -0.6 1.3 -0.6
v -0.5 1.3 -0.6
v -0.4 1.3 -0.6
v -0.1 1.3 -0.6
v 0.1 1.3 -0.6
v 0.4 1.3 -0.6
v 0.5 1.3 -0.6
v 0.6 1.3 -0.6
v -0.6 1.3 -0.7
v -0.5 1.3 -0.7
v -0.4 1.3 -0.7
v -0.3 1.3 -0.7
v -0.2 1.3 -0.7
v -0.1 1.3 -0.7
v 0.1 1.3 -0.7
v 0.2 1.3 -0.7
v 0.3 1.3 -0.7
v 0.4 1.3 -0.7
v 0.5 1.3 -0.7
v 0.6 1.3 -0.7
v -0.6 1.4 0.8
v -0.3 1.4 0.8
v -0.2 1.4 0.8
v 0.2 1.4 0.8
v 0.3 1.4 0.8
v 0.6 1.4 0.8
v -0.7 1.4 0.7
v -0.6 1.4 0.7
v -0.5 1.4 0.7
v -0.4 1.4 0.7
v -0.3 1.4 0.7
v -0.2 1.4 0.7
v -0.1 1.4 0.7
v 5.96046e-08 1.4 0.7
v 0.1 1.4 0.7
v 0.2 1.4 0.7
v 0.3 1.4 0.7
v 0.4 1.4 0.7
v 0.5 1.4 0.7
v 0.6 1.4 0.7
v 0.7 1.4 0.7
v -0.8 1.4 0.6
v -0.7 1.4 0.6
v -0.6 1.4 0.6
v -0.5 1.4 0.6
v -0.4 1.4 0.6
v -0.3 1.4 0.6
v -0.2 1.4 0.6
v -0.1 1.4 0.6
v 5.96046e-08 1.4 0.6
v 0.1 1.4 0.6
v 0.2 1.4 0.6
v 0.3 1.4 0.6
v 0.4 1.4 0.6
v 0.5 1.4 0.6
v 0.6 1.4 0.6
v 0.7 1.4 0.6
v 0.8 1.4 0.6
v -0.7 1.4 0.5
v -0.6 1.4 0.5
v -0.5 1.4 0.5
v -0.4 1.4 0.5
v -0.3 1.4 0.5
v -0.2 1.4 0.5
v -0.1 1.4 0.5
v 5.96046e-08 1.4 0.5
v 0.1 1.4 0.5
v 0.2 1.4 0.5
v 0.3 1.4 0.5
v 0.4 1.4 0.5
v 0.5 1.4 0.5
v 0.6 1.4 0.5
v 0.7 1.4 0.5
v -0.6 1.4 0.4
v -0.5 1.4 0.4
v -0.4 1.4 0.4
v -0.3 1.4 0.4
v -0.2 1.4 0.4
v -0.1 1.4 0.4
v 5.96046e-08 1.4 0.4
v 0.1 1.4 0.4
v 0.2 1.4 0.4
v 0.3 1.4 0.4
v 0.4 1.4 0.4
v 0.5 1.4 0.4
v 0.6 1.4 0.4
v -0.6 1.4 0.3
v -0.5 1.4 0.3
v -0.4 1.4 0.3
v -0.3 1.4 0.3
v -0.2 1.4 0.3
v -0.1 1.4 0.3
v 5.96046e-08 1.4 0.3
v 0.1 1.4 0.3
v 0.2 1.4 0.3
v 0.3 1.4 0.3
v 0.4 1.4 0.3
v 0.5 1.4 0.3
v 0.6 1.4 0.3
v -0.7 1.4 0.2
v -0.6 1.4 0.2
v -0.5 1.4 0.2
v -0.4 1.4 0.2
v -0.3 1.4 0.2
v -0.2 1.4 0.2
v -0.1 1.4 0.2
v 5.96046e-08 1.4 0.2
v 0.1 1.4 0.2
v 0.2 1.4 0.2
v 0.3 1.4 0.2
v 0.4 1.4 0.2
v 0.5 1.4 0.2
v 0.6 1.4 0.2
v 0.7 1.4 0.2
v -0.7 1.4 0.1
v -0.6 1.4 0.1
v -0.5 1.4 0.1
v -0.4 1.4 0.1
v -0.3 1.4 0.1
v -0.2 1.4 0.1
v -0.1 1.4 0.1
v 5.96046e-08 1.4 0.1
v 0.1 1.4 0.1
v 0.2 1.4 0.1
v 0.3 1.4 0.1
v 0.4 1.4 0.1
v 0.5 1.4 0.1
v 0.6 1.4 0.1
v 0.7 1.4 0.1
v -0.6 1.4 -5.96046e-08
v -0.5 1.4 -5.96046e-08
v -0.4 1.4 -5.96046e-08
v -0.3 1.4 -5.96046e-08
v -0.2 1.4 -5.96046e-08
v -0.1 1.4 -5.96046e-08
v 5.96046e-08 1.4 -5.96046e-08
v 0.1 1.4 -5.96046e-08
v 0.2 1.4 -5.96046e-08
v 0.3 1.4 -5.96046e-08
v 0.4 1.4 -5.96046e-08
v 0.5 1.4 -5.96046e-08
v 0.6 1.4 -5.96046e-08
v -0.7 1.4 -0.1
v -0.6 1.4 -0.1
v -0.5 1.4 -0.1
v -0.4 1.4 -0.1
v -0.3 1.4 -0.1
v -0.2 1.4 -0.1
v -0.1 1.4 -0.1
v 5.96046e-08 1.4 -0.1
v 0.1 1.4 -0.1
v 0.2 1.4 -0.1
v 0.3 1.4 -0.1
v 0.4 1.4 -0.1
v 0.5 1.4 -0.1
v 0.6 1.4 -0.1
v 0.7 1.4 -0.1
v -0.7 1.4 -0.2
v -0.6 1.4 -0.2
v -0.5 1.4 -0.2
v -0.4 1.4 -0.2
v -0.3 1.4 -0.2
v -0.2 1.4 -0.2
v -0.1 1.4 -0.2
v 5.96046e-08 1.4 -0.2
v 0.1 1.4 -0.2
v 0.2 1.4 -0.2
v 0.3 1.4 -0.2
v 0.4 1.4 -0.2
v 0.5 1.4 -0.2
v 0.6 1.4 -0.2
v 0.7 1.4 -0.2
v -0.6 1.4 -0.3
v -0.5 1.4 -0.3
v -0.4 1.4 -0.3
v -0.3 1.4 -0.3
v -0.2 1.4 -0.3
v -0.1 1.4 -0.3
v 5.96046e-08 1.4 -0.3
v 0.1 1.4 -0.3
v 0.2 1.4 -0.3
v 0.3 1.4 -0.3
v 0.4 1.4 -0.3
v 0.5 1.4 -0.3
v 0.6 1.4 -0.3
v -0.6 1.4 -0.4
v -0.5 1.4 -0.4
v -0.4 1.4 -0.4
v -0.3 1.4 -0.4
v -0.2 1.4 -0.4
v -0.1 1.4 -0.4
v 5.96046e-08 1.4 -0.4
v 0.1 1.4 -0.4
v 0.2 1.4 -0.4
v 0.3 1.4 -0.4
v 0.4 1.4 -0.4
v 0.5 1.4 -0.4
v 0.6 1.4 -0.4
v -0.7 1.4 -0.5
v -0.6 1.4 -0.5
v -0.5 1.4 -0.5
v -0.4 1.4 -0.5
v -0.3 1.4 -0.5
v -0.2 1.4 -0.5
v -0.1 1.4 -0.5
v 5.96046e-08 1.4 -0.5
v 0.1 1.4 -0.5
v 0.2 1.4 -0.5
v 0.3 1.4 -0.5
v 0.4 1.4 -0.5
v 0.5 1.4 -0.5
v 0.6 1.4 -0.5
v 0.7 1.4 -0.5
v -0.8 1.4 -0.6
v -0.7 1.4 -0.6
v -0.6 1.4 -0.6
v -0.5 1.4 -0.6
v -0.4 1.4 -0.6
v -0.3 1.4 -0.6
v -0.1 1.4 -0.6
v 5.96046e-08 1.4 -0.6
v 0.1 1.4 -0.6
v 0.2 1.4 -0.6
v 0.3 1.4 -0.6
v 0.4 1.4 -0.6
v 0.5 1.4 -0.6
v 0.6 1.4 -0.6
v 0.7 1.4 -0.6
v 0.8 1.4 -0.6
v -0.7 1.4 -0.7
v -0.6 1.4 -0.7
v -0.5 1.4 -0.7
v -0.4 1.4 -0.7
v -0.3 1.4 -0.7
v -0.2 1.4 -0.7
v -0.1 1.4 -0.7
v 5.96046e-08 1.4 -0.7
v 0.1 1.4 -0.7
v 0.2 1.4 -0.7
v 0.3 1.4 -0.7
v 0.4 1.4 -0.7
v 0.5 1.4 -0.7
v 0.6 1.4 -0.7
v 0.7 1.4 -0.7
v -0.6 1.4 -0.8
v -0.3 1.4 -0.8
v -0.2 1.4 -0.8
v 0.2 1.4 -0.8
v 0.3 1.4 -0.8
v 0.6 1.4 -0.8
v -0.7 1.5 0.8
v -0.6 1.5 0.8
v 0.6 1.5 0.8
v 0.7 1.5 0.8
v -0.8 1.5 0.7
v -0.7 1.5 0.7
v -0.6 1.5 0.7
v 0.6 1.5 0.7
v 0.7 1.5 0.7
v 0.8 1.5 0.7
v -0.8 1.5 0.6
v -0.7 1.5 0.6
v 0.7 1.5 0.6
v 0.8 1.5 0.6
v -0.1 1.5 -0.1
v 5.96046e-08 1.5 -0.1
v -0.1 1.5 -0.2
v 5.96046e-08 1.5 -0.2
v -0.8 1.5 -0.6
v -0.7 1.5 -0.6
v 0.7 1.5 -0.6
v 0.8 1.5 -0.6
v -0.8 1.5 -0.7
v -0.7 1.5 -0.7
v -0.6 1.5 -0.7
v 0.6 1.5 -0.7
v 0.7 1.5 -0.7
v 0.8 1.5 -0.7
v -0.7 1.5 -0.8
v -0.6 1.5 -0.8
v 0.6 1.5 -0.8
v 0.7 1.5 -0.8
v -0.8 1.6 0.8
v -0.7 1.6 0.8
v 0.7 1.6 0.8
v 0.8 1.6 0.8
v -0.8 1.6 0.7
v -0.7 1.6 0.7
v 0.7 1.6 0.7
v 0.8 1.6 0.7
v -0.8 1.6 -0.7
v -0.7 1.6 -0.7
v 0.7 1.6 -0.7
v 0.8 1.6 -0.7
v -0.8 1.6 -0.8
v -0.7 1.6 -0.8
v 0.7 1.6 -0.8
v 0.8 1.6 -0.8
v 0.6 0.9 0.3
v 0.7 0.9 0.3
v 0.6 0.9 0.2
v 0.7 0.9 0.2
v 0.1 1 0.7
v 0.2 1 0.7
v 0.1 1 0.6
v 0.2 1 0.6
v -0.7 1 0.5
v -0.6 1 0.5
v -0.7 1 0.4
v -0.6 1 0.4
v -0.5 1 0.3
v -0.4 1 0.3
v -0.5 1 0.2
v -0.4 1 0.2
v 0.6 1 -5.96046e-08
v 0.7 1 -5.96046e-08
v 0.6 1 -0.1
v 0.7 1 -0.1
v 0.6 1 -0.2
v 0.7 1 -0.2
v 0.6 1 -0.3
v 0.7 1 -0.3
v 0.4 1 -0.6
v 0.5 1 -0.6
v 0.4 1 -0.7
v 0.5 1 -0.7
v -0.3 1.1 0.7
v -0.2 1.1 0.7
v -0.1 1.1 0.7
v 5.96046e-08 1.1 0.7
v -0.3 1.1 0.6
v -0.2 1.1 0.6
v -0.1 1.1 0.6
v 5.96046e-08 1.1 0.6
v 0.5 1.1 0.5
v 0.6 1.1 0.5
v 0.5 1.1 0.4
v 0.6 1.1 0.4
v 0.5 1.1 0.3
v 0.6 1.1 0.3
v 0.5 1.1 0.2
v 0.6 1.1 0.2
v -0.7 1.1 -5.96046e-08
v -0.6 1.1 -5.96046e-08
v -0.7 1.1 -0.1
v -0.6 1.1 -0.1
v 0.5 1.1 -0.2
v 0.6 1.1 -0.2
v 0.5 1.1 -0.3
v 0.6 1.1 -0.3
v -0.7 1.1 -0.4
v -0.6 1.1 -0.4
v -0.7 1.1 -0.5
v -0.6 1.1 -0.5
v 0.1 1.1 -0.6
v 0.2 1.1 -0.6
v 0.1 1.1 -0.7
v 0.2 1.1 -0.7
v -0.3 1.2 0.6
v -0.2 1.2 0.6
v 0.1 1.2 0.6
v 0.2 1.2 0.6
v -0.6 1.2 0.5
v -0.5 1.2 0.5
v -0.3 1.2 0.5
v -0.2 1.2 0.5
v 0.1 1.2 0.5
v 0.2 1.2 0.5
v -0.6 1.2 0.4
v -0.5 1.2 0.4
v -0.4 1.2 0.3
v -0.3 1.2 0.3
v -0.4 1.2 0.2
v -0.3 1.2 0.2
v 0.5 1.2 -5.96046e-08
v 0.6 1.2 -5.96046e-08
v 0.5 1.2 -0.1
v 0.6 1.2 -0.1
v -0.6 1.2 -0.4
v -0.5 1.2 -0.4
v -0.6 1.2 -0.5
v -0.5 1.2 -0.5
v -0.3 1.2 -0.5
v -0.2 1.2 -0.5
v 0.1 1.2 -0.5
v 0.2 1.2 -0.5
v 0.4 1.2 -0.5
v 0.5 1.2 -0.5
v -0.3 1.2 -0.6
v -0.2 1.2 -0.6
v -0.1 1.2 -0.6
v 5.96046e-08 1.2 -0.6
v 0.1 1.2 -0.6
v 0.2 1.2 -0.6
v 0.4 1.2 -0.6
v 0.5 1.2 -0.6
v -0.1 1.2 -0.7
v 5.96046e-08 1.2 -0.7
v -0.6 1.3 0.8
v -0.5 1.3 0.8
v 0.5 1.3 0.8
v 0.6 1.3 0.8
v -0.7 1.3 0.7
v -0.6 1.3 0.7
v -0.5 1.3 0.7
v 0.5 1.3 0.7
v 0.6 1.3 0.7
v 0.7 1.3 0.7
v -0.7 1.3 0.6
v -0.6 1.3 0.6
v -0.1 1.3 0.6
v 5.96046e-08 1.3 0.6
v 0.6 1.3 0.6
v 0.7 1.3 0.6
v -0.1 1.3 0.5
v 5.96046e-08 1.3 0.5
v -0.6 1.3 -5.96046e-08
v -0.5 1.3 -5.96046e-08
v -0.6 1.3 -0.1
v -0.5 1.3 -0.1
v -0.1 1.3 -0.5
v 5.96046e-08 1.3 -0.5
v -0.7 1.3 -0.6
v -0.6 1.3 -0.6
v -0.1 1.3 -0.6
v 5.96046e-08 1.3 -0.6
v 0.6 1.3 -0.6
v 0.7 1.3 -0.6
v -0.7 1.3 -0.7
v -0.6 1.3 -0.7
v -0.5 1.3 -0.7
v 0.5 1.3 -0.7
v 0.6 1.3 -0.7
v 0.7 1.3 -0.7
v -0.6 1.3 -0.8
v -0.5 1.3 -0.8
v 0.5 1.3 -0.8
v 0.6 1.3 -0.8
v -0.8 2.8 0.8
v -0.7 2.8 0.8
v 0.7 2.8 0.8
v 0.8 2.8 0.8
v -0.8 2.8 0.7
v -0.7 2.8 0.7
v 0.7 2.8 0.7
v 0.8 2.8 0.7
v -0.8 2.8 -0.7
v -0.7 2.8 -0.7
v 0.7 2.8 -0.7
v 0.8 2.8 -0.7
v -0.8 2.8 -0.8
v -0.7 2.8 -0.8
v 0.7 2.8 -0.8
v 0.8 2.8 -0.8
v -0.7 2.9 0.8
v -0.6 2.9 0.8
v -0.3 2.9 0.8
v 0.3 2.9 0.8
v 0.6 2.9 0.8
v 0.7 2.9 0.8
v -0.8 2.9 0.7
v -0.7 2.9 0.7
v -0.6 2.9 0.7
v -0.5 2.9 0.7
v -0.3 2.9 0.7
v 0.3 2.9 0.7
v 0.5 2.9 0.7
v 0.6 2.9 0.7
v 0.7 2.9 0.7
v 0.8 2.9 0.7
v -0.8 2.9 0.4
v -0.7 2.9 0.4
v 0.7 2.9 0.4
v 0.8 2.9 0.4
v -0.8 2.9 -0.4
v -0.7 2.9 -0.4
v 0.7 2.9 -0.4
v 0.8 2.9 -0.4
v -0.8 2.9 -0.7
v -0.7 2.9 -0.7
v -0.6 2.9 -0.7
v -0.5 2.9 -0.7
v -0.3 2.9 -0.7
v 0.3 2.9 -0.7
v 0.5 2.9 -0.7
v 0.6 2.9 -0.7
v 0.7 2.9 -0.7
v 0.8 2.9 -0.7
v -0.7 2.9 -0.8
v -0.6 2.9 -0.8
v -0.3 2.9 -0.8
v 0.3 2.9 -0.8
v 0.6 2.9 -0.8
v 0.7 2.9 -0.8
v -0.7 3 0.7
v -0.5 3 0.7
v 0.5 3 0.7
v 0.7 3 0.7
v -0.6 3 0.6
v -0.5 3 0.6
v 0.5 3 0.6
v 0.6 3 0.6
v -0.7 3 0.5
v -0.6 3 0.5
v 0.6 3 0.5
v 0.7 3 0.5
v -0.7 3 -0.5
v -0.6 3 -0.5
v 0.6 3 -0.5
v 0.7 3 -0.5
v -0.6 3 -0.6
v -0.5 3 -0.6
v 0.5 3 -0.6
v 0.6 3 -0.6
v -0.7 3 -0.7
v -0.5 3 -0.7
v 0.5 3 -0.7
v 0.7 3 -0.7
v -0.5 3.2 0.7
v -0.4 3.2 0.7
v 0.4 3.2 0.7
v 0.5 3.2 0.7
v -0.5 3.2 0.6
v -0.4 3.2 0.6
v 0.4 3.2 0.6
v 0.5 3.2 0.6
v -0.7 3.2 0.5
v -0.6 3.2 0.5
v 0.6 3.2 0.5
v 0.7 3.2 0.5
v -0.8 3.2 0.4
v -0.7 3.2 0.4
v -0.6 3.2 0.4
v 0.6 3.2 0.4
v 0.7 3.2 0.4
v 0.8 3.2 0.4
v -0.8 3.2 0.3
v -0.7 3.2 0.3
v 0.7 3.2 0.3
v 0.8 3.2 0.3
v -0.8 3.2 -0.3
v -0.7 3.2 -0.3
v 0.7 3.2 -0.3
v 0.8 3.2 -0.3
v -0.8 3.2 -0.4
v -0.7 3.2 -0.4
v -0.6 3.2 -0.4
v 0.6 3.2 -0.4
v 0.7 3.2 -0.4
v 0.8 3.2 -0.4
v -0.7 3.2 -0.5
v -0.6 3.2 -0.5
v 0.6 3.2 -0.5
v 0.7 3.2 -0.5
v -0.5 3.2 -0.6
v -0.4 3.2 -0.6
v 0.4 3.2 -0.6
v 0.5 3.2 -0.6
v -0.5 3.2 -0.7
v -0.4 3.2 -0.7
v 0.4 3.2 -0.7
v 0.5 3.2 -0.7
v -0.3 3.3 0.8
v 0.3 3.3 0.8
v -0.4 3.3 0.7
v -0.3 3.3 0.7
v 0.3 3.3 0.7
v 0.4 3.3 0.7
v -0.6 3.3 0.6
v -0.4 3.3 0.6
v 0.4 3.3 0.6
v 0.6 3.3 0.6
v -0.5 3.3 0.5
v -0.4 3.3 0.5
v 0.4 3.3 0.5
v 0.5 3.3 0.5
v -0.7 3.3 0.4
v -0.6 3.3 0.4
v -0.5 3.3 0.4
v 0.5 3.3 0.4
v 0.6 3.3 0.4
v 0.7 3.3 0.4
v -0.8 3.3 0.3
v -0.7 3.3 0.3
v 0.7 3.3 0.3
v 0.8 3.3 0.3
v -0.8 3.3 -0.3
v -0.7 3.3 -0.3
v 0.7 3.3 -0.3
v 0.8 3.3 -0.3
v -0.7 3.3 -0.4
v -0.6 3.3 -0.4
v -0.5 3.3 -0.4
v 0.5 3.3 -0.4
v 0.6 3.3 -0.4
v 0.7 3.3 -0.4
v -0.5 3.3 -0.5
v -0.4 3.3 -0.5
v 0.4 3.3 -0.5
v 0.5 3.3 -0.5
v -0.6 3.3 -0.6
v -0.4 3.3 -0.6
v 0.4 3.3 -0.6
v 0.6 3.3 -0.6
v -0.4 3.3 -0.7
v -0.3 3.3 -0.7
v 0.3 3.3 -0.7
v 0.4 3.3 -0.7
v -0.3 3.3 -0.8
v 0.3 3.3 -0.8
v -0.4 3.4 0.6
v 0.4 3.4 0.6
v -0.5 3.4 0.5
v -0.4 3.4 0.5
v 0.4 3.4 0.5
v 0.5 3.4 0.5
v -0.6 3.4 0.4
v -0.5 3.4 0.4
v 0.5 3.4 0.4
v 0.6 3.4 0.4
v -0.6 3.4 -0.4
v -0.5 3.4 -0.4
v 0.5 3.4 -0.4
v 0.6 3.4 -0.4
v -0.5 3.4 -0.5
v -0.4 3.4 -0.5
v 0.4 3.4 -0.5
v 0.5 3.4 -0.5
v -0.4 3.4 -0.6
v 0.4 3.4 -0.6

# faces
f 4/8/1 2/8/1 1/8/1
f 5/8/1 2/8/1 4/8/1
f 6/8/1 2/8/1 5/8/1
f 7/8/1 2/8/1 6/8/1
f 10/7/1 4/7/1 3/7/1
f 10/7/1 5/7/1 4/7/1
f 11/8/1 6/8/1 5/8/1
f 11/7/1 5/7/1 10/7/1
f 12/7/1 8/7/1 7/7/1
f 12/8/1 6/8/1 11/8/1
f 12/7/1 7/7/1 6/7/1
f 13/7/1 8/7/1 12/7/1
f 15/7/1 11/7/1 10/7/1
f 15/7/1 14/7/1 13/7/1
f 15/7/1 13/7/1 12/7/1
f 15/7/1 12/7/1 11/7/1
f 15/7/1 10/7/1 9/7/1
f 16/7/1 14/7/1 15/7/1
f 17/7/1 14/7/1 16/7/1
f 18/7/1 14/7/1 17/7/1
f 19/6/1 16/6/1 15/6/1
f 19/7/1 17/7/1 16/7/1
f 20/7/1 17/7/1 19/7/1
f 21/7/1 17/7/1 20/7/1
f 22/7/1 17/7/1 21/7/1
f 23/7/1 17/7/1 22/7/1
f 24/6/1 18/6/1 17/6/1
f 24/7/1 17/7/1 23/7/1
f 25/6/1 20/6/1 19/6/1
f 26/5/1 21/5/1 20/5/1
f 26/6/1 20/6/1 25/6/1
f 27/6/1 22/6/1 21/6/1
f 27/5/1 21/5/1 26/5/1
f 28/6/1 22/6/1 27/6/1
f 29/6/1 22/6/1 28/6/1
f 30/5/1 23/5/1 22/5/1
f 30/6/1 22/6/1 29/6/1
f 31/6/1 24/6/1 23/6/1
f 31/5/1 23/5/1 30/5/1
f 32/6/1 24/6/1 31/6/1
f 33/6/1 19/6/1 15/6/1
f 33/6/1 25/6/1 19/6/1
f 34/6/1 25/6/1 33/6/1
f 35/5/1 26/5/1 25/5/1
f 35/6/1 25/6/1 34/6/1
f 35/5/1 27/5/1 26/5/1
f 35/5/1 28/5/1 27/5/1
f 36/6/1 29/6/1 28/6/1
f 36/5/1 28/5/1 35/5/1
f 37/5/1 32/5/1 31/5/1
f 37/6/1 29/6/1 36/6/1
f 37/5/1 30/5/1 29/5/1
f 37/5/1 31/5/1 30/5/1
f 38/6/1 24/6/1 32/6/1
f 38/5/1 32/5/1 37/5/1
f 39/6/1 18/6/1 24/6/1
f 39/6/1 24/6/1 38/6/1
f 40/6/1 18/6/1 39/6/1
f 41/5/1 35/5/1 34/5/1
f 41/5/1 37/5/1 36/5/1
f 41/5/1 38/5/1 37/5/1
f 41/5/1 39/5/1 38/5/1
f 41/5/1 36/5/1 35/5/1
f 42/5/1 39/5/1 41/5/1
f 43/5/1 39/5/1 42/5/1
f 44/5/1 39/5/1 43/5/1
f 45/5/1 39/5/1 44/5/1
f 46/5/1 39/5/1 45/5/1
f 47/5/1 39/5/1 46/5/1
f 48/5/1 39/5/1 47/5/1
f 49/5/1 39/5/1 48/5/1
f 50/5/1 39/5/1 49/5/1
f 51/4/1 34/4/1 33/4/1
f 52/5/1 41/5/1 34/5/1
f 52/4/1 34/4/1 51/4/1
f 53/4/1 42/4/1 41/4/1
f 53/5/1 41/5/1 52/5/1
f 54/3/1 43/3/1 42/3/1
f 54/4/1 42/4/1 53/4/1
f 55/4/1 44/4/1 43/4/1
f 55/3/1 43/3/1 54/3/1
f 56/5/1 45/5/1 44/5/1
f 56/4/1 44/4/1 55/4/1
f 57/4/1 46/4/1 45/4/1
f 57/5/1 45/5/1 56/5/1
f 58/5/1 47/5/1 46/5/1
f 58/4/1 46/4/1 57/4/1
f 59/4/1 48/4/1 47/4/1
f 59/5/1 47/5/1 58/5/1
f 60/3/1 49/3/1 48/3/1
f 60/4/1 48/4/1 59/4/1
f 61/4/1 50/4/1 49/4/1
f 61/3/1 49/3/1 60/3/1
f 62/5/1 39/5/1 50/5/1
f 62/4/1 50/4/1 61/4/1
f 63/4/1 40/4/1 39/4/1
f 63/5/1 39/5/1 62/5/1
f 64/4/1 40/4/1 63/4/1
f 65/3/1 62/3/1 61/3/1
f 65/3/1 61/3/1 60/3/1
f 65/3/1 64/3/1 63/3/1
f 65/3/1 63/3/1 62/3/1
f 65/3/1 60/3/1 59/3/1
f 65/3/1 59/3/1 58/3/1
f 65/3/1 58/3/1 57/3/1
f 65/3/1 57/3/1 56/3/1
f 65/3/1 56/3/1 55/3/1
f 65/3/1 55/3/1 54/3/1
f 65/3/1 54/3/1 53/3/1
f 65/3/1 53/3/1 52/3/1
f 65/3/1 52/3/1 51/3/1
f 66/3/1 64/3/1 65/3/1
f 67/3/1 64/3/1 66/3/1
f 68/3/1 64/3/1 67/3/1
f 69/3/1 64/3/1 68/3/1
f 70/3/1 64/3/1 69/3/1
f 71/2/1 66/2/1 65/2/1
f 71/3/1 67/3/1 66/3/1
f 72/2/1 68/2/1 67/2/1
f 72/3/1 67/3/1 71/3/1
f 73/3/1 69/3/1 68/3/1
f 73/2/1 68/2/1 72/2/1
f 74/2/1 70/2/1 69/2/1
f 74/3/1 69/3/1 73/3/1
f 75/2/1 73/2/1 72/2/1
f 75/2/1 71/2/1 65/2/1
f 75/2/1 74/2/1 73/2/1
f 75/2/1 72/2/1 71/2/1
f 76/2/1 74/2/1 75/2/1
f 77/2/1 74/2/1 76/2/1
f 78/2/1 74/2/1 77/2/1
f 79/2/1 70/2/1 74/2/1
f 79/2/1 74/2/1 78/2/1
f 80/2/1 70/2/1 79/2/1
f 81/2/1 77/2/1 76/2/1
f 82/2/1 77/2/1 81/2/1
f 83/2/1 77/2/1 82/2/1
f 84/1/1 78/1/1 77/1/1
f 84/2/1 77/2/1 83/2/1
f 85/2/1 79/2/1 78/2/1
f 85/1/1 78/1/1 84/1/1
f 86/2/1 79/2/1 85/2/1
f 87/2/1 79/2/1 86/2/1
f 88/2/1 79/2/1 87/2/1
f 89/2/1 83/2/1 82/2/1
f 90/1/1 84/1/1 83/1/1
f 90/2/1 83/2/1 89/2/1
f 90/1/1 85/1/1 84/1/1
f 90/1/1 86/1/1 85/1/1
f 91/2/1 87/2/1 86/2/1
f 91/1/1 86/1/1 90/1/1
f 92/2/1 87/2/1 91/2/1
f 93/1/1 90/1/1 89/1/1
f 93/1/1 91/1/1 90/1/1
f 93/1/1 92/1/1 91/1/1
f 94/1/1 92/1/1 93/1/1
f 95/1/1 92/1/1 94/1/1
f 96/1/1 92/1/1 95/1/1
f 97/1/1 95/1/1 94/1/1
f 98/1/1 95/1/1 97/1/1
f 103/9/1 102/9/1 101/9/1
f 104/9/1 102/9/1 103/9/1
f 107/9/1 106/9/1 105/9/1
f 108/9/1 106/9/1 107/9/1
f 109/9/1 100/9/1 99/9/1
f 110/9/1 100/9/1 109/9/1
f 119/1/1 112/1/1 111/1/1
f 120/1/1 112/1/1 119/1/1
f 122/1/1 114/1/1 113/1/1
f 123/1/1 114/1/1 122/1/1
f 128/1/1 116/1/1 115/1/1
f 129/1/1 116/1/1 128/1/1
f 131/1/1 118/1/1 117/1/1
f 132/1/1 118/1/1 131/1/1
f 135/1/1 122/1/1 121/1/1
f 135/1/1 123/1/1 122/1/1
f 135/1/1 124/1/1 123/1/1
f 136/1/1 124/1/1 135/1/1
f 137/1/1 126/1/1 125/1/1
f 138/1/1 126/1/1 137/1/1
f 139/1/1 130/1/1 129/1/1
f 139/1/1 129/1/1 128/1/1
f 139/1/1 128/1/1 127/1/1
f 140/1/1 130/1/1 139/1/1
f 144/8/1 134/8/1 133/8/1
f 145/8/1 134/8/1 144/8/1
f 146/8/1 142/8/1 141/8/1
f 147/8/1 142/8/1 146/8/1
f 149/8/1 144/8/1 143/8/1
f 150/8/1 144/8/1 149/8/1
f 151/8/1 148/8/1 147/8/1
f 152/8/1 148/8/1 151/8/1
f 157/1/1 154/1/1 153/1/1
f 158/1/1 154/1/1 157/1/1
f 161/1/1 156/1/1 155/1/1
f 162/1/1 156/1/1 161/1/1
f 163/1/1 159/1/1 158/1/1
f 164/1/1 159/1/1 163/1/1
f 165/1/1 159/1/1 164/1/1
f 166/1/1 161/1/1 160/1/1
f 167/1/1 161/1/1 166/1/1
f 168/1/1 161/1/1 167/1/1
f 169/1/1 165/1/1 164/1/1
f 170/1/1 165/1/1 169/1/1
f 173/1/1 167/1/1 166/1/1
f 174/1/1 167/1/1 173/1/1
f 175/1/1 171/1/1 170/1/1
f 176/1/1 171/1/1 175/1/1
f 177/1/1 173/1/1 172/1/1
f 178/1/1 173/1/1 177/1/1
f 187/9/1 180/9/1 179/9/1
f 188/9/1 180/9/1 187/9/1
f 189/9/1 184/9/1 183/9/1
f 190/9/1 184/9/1 189/9/1
f 193/1/1 186/1/1 185/1/1
f 194/1/1 186/1/1 193/1/1
f 196/9/1 182/9/1 181/9/1
f 197/9/1 182/9/1 196/9/1
f 199/1/1 192/1/1 191/1/1
f 200/1/1 192/1/1 199/1/1
f 202/1/1 195/1/1 194/1/1
f 203/1/1 195/1/1 202/1/1
f 204/1/1 199/1/1 198/1/1
f 205/1/1 199/1/1 204/1/1
f 207/8/1 202/8/1 201/8/1
f 208/8/1 202/8/1 207/8/1
f 209/8/1 206/8/1 205/8/1
f 210/8/1 206/8/1 209/8/1
f 215/1/1 212/1/1 211/1/1
f 218/1/1 214/1/1 213/1/1
f 219/1/1 216/1/1 215/1/1
f 219/1/1 215/1/1 211/1/1
f 220/1/1 216/1/1 219/1/1
f 221/1/1 218/1/1 217/1/1
f 222/1/1 214/1/1 218/1/1
f 222/1/1 218/1/1 221/1/1
f 223/1/1 221/1/1 220/1/1
f 224/1/1 221/1/1 223/1/1
f 227/9/1 226/9/1 225/9/1
f 228/9/1 226/9/1 227/9/1
f 235/9/1 230/9/1 229/9/1
f 236/9/1 230/9/1 235/9/1
f 237/9/1 234/9/1 233/9/1
f 238/9/1 234/9/1 237/9/1
f 239/9/1 232/9/1 231/9/1
f 240/9/1 232/9/1 239/9/1
f 245/1/1 242/1/1 241/1/1
f 246/1/1 242/1/1 245/1/1
f 247/1/1 244/1/1 243/1/1
f 248/1/1 244/1/1 247/1/1
f 253/1/1 250/1/1 249/1/1
f 254/1/1 250/1/1 253/1/1
f 255/1/1 252/1/1 251/1/1
f 256/1/1 252/1/1 255/1/1
f 259/9/1 258/9/1 257/9/1
f 260/9/1 258/9/1 259/9/1
f 265/1/1 262/1/1 261/1/1
f 266/1/1 262/1/1 265/1/1
f 267/1/1 264/1/1 263/1/1
f 268/1/1 264/1/1 267/1/1
f 273/1/1 270/1/1 269/1/1
f 274/1/1 270/1/1 273/1/1
f 277/1/1 272/1/1 271/1/1
f 278/1/1 272/1/1 277/1/1
f 279/1/1 275/1/1 274/1/1
f 280/1/1 275/1/1 279/1/1
f 281/1/1 277/1/1 276/1/1
f 282/1/1 277/1/1 281/1/1
f 287/9/1 284/9/1 283/9/1
f 289/9/1 287/9/1 283/9/1
f 289/9/1 288/9/1 287/9/1
f 290/9/1 288/9/1 289/9/1
f 291/9/1 288/9/1 290/9/1
f 296/9/1 286/9/1 285/9/1
f 299/9/1 291/9/1 290/9/1
f 299/9/1 292/9/1 291/9/1
f 300/9/1 292/9/1 299/9/1
f 303/9/1 296/9/1 295/9/1
f 303/9/1 286/9/1 296/9/1
f 304/9/1 286/9/1 303/9/1
f 307/1/1 298/1/1 297/1/1
f 308/1/1 306/1/1 305/1/1
f 309/1/1 307/1/1 297/1/1
f 310/1/1 307/1/1 309/1/1
f 311/9/1 292/9/1 300/9/1
f 312/9/1 292/9/1 311/9/1
f 313/9/1 302/9/1 301/9/1
f 314/9/1 302/9/1 313/9/1
f 315/9/1 294/9/1 293/9/1
f 316/9/1 294/9/1 315/9/1
f 317/9/1 303/9/1 295/9/1
f 318/9/1 303/9/1 317/9/1
f 319/1/1 306/1/1 308/1/1
f 320/1/1 306/1/1 319/1/1
f 325/1/1 322/1/1 321/1/1
f 326/1/1 324/1/1 323/1/1
f 327/1/1 325/1/1 321/1/1
f 328/1/1 325/1/1 327/1/1
f 329/1/1 324/1/1 326/1/1
f 330/1/1 324/1/1 329/1/1
f 333/9/1 332/9/1 331/9/1
f 334/9/1 332/9/1 333/9/1
f 339/9/1 336/9/1 335/9/1
f 340/9/1 336/9/1 339/9/1
f 342/9/1 338/9/1 337/9/1
f 343/9/1 336/9/1 340/9/1
f 348/9/1 342/9/1 341/9/1
f 349/9/1 338/9/1 342/9/1
f 349/9/1 342/9/1 348/9/1
f 350/9/1 338/9/1 349/9/1
f 351/9/1 343/9/1 340/9/1
f 351/9/1 344/9/1 343/9/1
f 352/9/1 344/9/1 351/9/1
f 353/9/1 348/9/1 347/9/1
f 353/9/1 349/9/1 348/9/1
f 354/9/1 349/9/1 353/9/1
f 355/9/1 344/9/1 352/9/1
f 356/9/1 344/9/1 355/9/1
f 357/9/1 346/9/1 345/9/1
f 358/9/1 346/9/1 357/9/1
f 359/9/1 353/9/1 347/9/1
f 360/9/1 353/9/1 359/9/1
f 365/9/1 362/9/1 361/9/1
f 366/9/1 362/9/1 365/9/1
f 368/9/1 364/9/1 363/9/1
f 369/9/1 364/9/1 368/9/1
f 370/3/1 368/3/1 367/3/1
f 371/3/1 368/3/1 370/3/1
f 376/9/1 373/9/1 372/9/1
f 377/9/1 373/9/1 376/9/1
f 379/9/1 375/9/1 374/9/1
f 380/9/1 373/9/1 377/9/1
f 385/9/1 379/9/1 378/9/1
f 386/9/1 375/9/1 379/9/1
f 386/9/1 379/9/1 385/9/1
f 387/9/1 375/9/1 386/9/1
f 388/9/1 380/9/1 377/9/1
f 388/9/1 381/9/1 380/9/1
f 389/9/1 381/9/1 388/9/1
f 390/9/1 383/9/1 382/9/1
f 391/9/1 385/9/1 384/9/1
f 391/9/1 386/9/1 385/9/1
f 392/9/1 386/9/1 391/9/1
f 397/1/1 394/1/1 393/1/1
f 398/1/1 394/1/1 397/1/1
f 399/9/1 381/9/1 389/9/1
f 400/9/1 381/9/1 399/9/1
f 401/9/1 390/9/1 382/9/1
f 402/9/1 390/9/1 401/9/1
f 403/9/1 391/9/1 384/9/1
f 404/9/1 391/9/1 403/9/1
f 405/1/1 396/1/1 395/1/1
f 406/1/1 396/1/1 405/1/1
f 413/1/1 410/1/1 409/1/1
f 414/1/1 412/1/1 411/1/1
f 415/1/1 413/1/1 409/1/1
f 416/1/1 413/1/1 415/1/1
f 417/9/1 408/9/1 407/9/1
f 418/9/1 408/9/1 417/9/1
f 419/1/1 412/1/1 414/1/1
f 420/1/1 412/1/1 419/1/1
f 427/9/1 422/9/1 421/9/1
f 428/9/1 422/9/1 427/9/1
f 434/9/1 427/9/1 421/9/1
f 435/9/1 427/9/1 434/9/1
f 435/9/1 434/9/1 433/9/1
f 436/9/1 427/9/1 435/9/1
f 437/9/1 430/9/1 429/9/1
f 438/9/1 430/9/1 437/9/1
f 439/9/1 424/9/1 423/9/1
f 440/9/1 424/9/1 439/9/1
f 441/9/1 432/9/1 431/9/1
f 442/9/1 432/9/1 441/9/1
f 443/9/1 426/9/1 425/9/1
f 444/9/1 426/9/1 443/9/1
f 445/9/1 435/9/1 433/9/1
f 446/9/1 435/9/1 445/9/1
f 455/9/1 448/9/1 447/9/1
f 456/9/1 448/9/1 455/9/1
f 457/9/1 454/9/1 453/9/1
f 458/9/1 454/9/1 457/9/1
f 459/9/1 450/9/1 449/9/1
f 460/9/1 450/9/1 459/9/1
f 461/9/1 452/9/1 451/9/1
f 462/9/1 452/9/1 461/9/1
f 467/1/1 464/1/1 463/1/1
f 468/1/1 464/1/1 467/1/1
f 471/1/1 466/1/1 465/1/1
f 472/1/1 466/1/1 471/1/1
f 473/1/1 469/1/1 468/1/1
f 474/1/1 469/1/1 473/1/1
f 475/1/1 471/1/1 470/1/1
f 476/1/1 471/1/1 475/1/1
f 479/9/1 478/9/1 477/9/1
f 480/9/1 478/9/1 479/9/1
f 489/1/1 482/1/1 481/1/1
f 490/1/1 482/1/1 489/1/1
f 492/1/1 484/1/1 483/1/1
f 493/1/1 484/1/1 492/1/1
f 498/1/1 486/1/1 485/1/1
f 499/1/1 486/1/1 498/1/1
f 501/1/1 488/1/1 487/1/1
f 502/1/1 488/1/1 501/1/1
f 503/1/1 492/1/1 491/1/1
f 503/1/1 493/1/1 492/1/1
f 503/1/1 494/1/1 493/1/1
f 504/1/1 494/1/1 503/1/1
f 505/1/1 494/1/1 504/1/1
f 506/1/1 494/1/1 505/1/1
f 507/1/1 496/1/1 495/1/1
f 508/1/1 496/1/1 507/1/1
f 509/1/1 496/1/1 508/1/1
f 510/1/1 500/1/1 499/1/1
f 510/1/1 499/1/1 498/1/1
f 510/1/1 498/1/1 497/1/1
f 511/1/1 500/1/1 510/1/1
f 512/1/1 500/1/1 511/1/1
f 513/1/1 500/1/1 512/1/1
f 516/9/2 517/9/2 518/9/2
f 518/9/2 517/9/2 519/9/2
f 514/9/2 515/9/2 520/9/2
f 520/9/2 515/9/2 521/9/2
f 522/1/2 523/1/2 530/1/2
f 530/1/2 523/1/2 531/1/2
f 524/1/2 525/1/2 533/1/2
f 533/1/2 525/1/2 534/1/2
f 526/1/2 527/1/2 540/1/2
f 540/1/2 527/1/2 541/1/2
f 528/1/2 529/1/2 543/1/2
f 543/1/2 529/1/2 544/1/2
f 532/1/2 533/1/2 545/1/2
f 533/1/2 534/1/2 545/1/2
f 534/1/2 535/1/2 545/1/2
f 545/1/2 535/1/2 546/1/2
f 546/1/2 535/1/2 547/1/2
f 547/1/2 535/1/2 548/1/2
f 537/1/2 538/1/2 549/1/2
f 536/1/2 537/1/2 549/1/2
f 549/1/2 538/1/2 550/1/2
f 550/1/2 538/1/2 551/1/2
f 541/1/2 542/1/2 552/1/2
f 540/1/2 541/1/2 552/1/2
f 539/1/2 540/1/2 552/1/2
f 552/1/2 542/1/2 553/1/2
f 553/1/2 542/1/2 554/1/2
f 554/1/2 542/1/2 555/1/2
f 560/9/2 561/9/2 562/9/2
f 562/9/2 561/9/2 563/9/2
f 556/9/2 557/9/2 566/9/2
f 566/9/2 557/9/2 567/9/2
f 558/9/2 559/9/2 568/9/2
f 568/9/2 559/9/2 569/9/2
f 564/1/2 565/1/2 572/1/2
f 572/1/2 565/1/2 573/1/2
f 570/1/2 571/1/2 576/1/2
f 576/1/2 571/1/2 577/1/2
f 573/1/2 574/1/2 578/1/2
f 578/1/2 574/1/2 579/1/2
f 575/1/2 576/1/2 580/1/2
f 580/1/2 576/1/2 581/1/2
f 582/9/2 583/9/2 584/9/2
f 584/9/2 583/9/2 585/9/2
f 588/9/2 589/9/2 592/9/2
f 592/9/2 589/9/2 593/9/2
f 590/9/2 591/9/2 594/9/2
f 594/9/2 591/9/2 595/9/2
f 586/9/2 587/9/2 596/9/2
f 596/9/2 587/9/2 597/9/2
f 598/9/2 599/9/2 600/9/2
f 600/9/2 599/9/2 601/9/2
f 602/9/2 603/9/2 606/9/2
f 602/9/2 606/9/2 608/9/2
f 606/9/2 607/9/2 608/9/2
f 608/9/2 607/9/2 609/9/2
f 609/9/2 607/9/2 610/9/2
f 604/9/2 605/9/2 615/9/2
f 609/9/2 610/9/2 618/9/2
f 610/9/2 611/9/2 618/9/2
f 618/9/2 611/9/2 619/9/2
f 614/9/2 615/9/2 622/9/2
f 615/9/2 605/9/2 622/9/2
f 622/9/2 605/9/2 623/9/2
f 616/1/2 617/1/2 626/1/2
f 624/1/2 625/1/2 627/1/2
f 616/1/2 626/1/2 628/1/2
f 628/1/2 626/1/2 629/1/2
f 619/9/2 611/9/2 630/9/2
f 630/9/2 611/9/2 631/9/2
f 620/9/2 621/9/2 632/9/2
f 632/9/2 621/9/2 633/9/2
f 612/9/2 613/9/2 634/9/2
f 634/9/2 613/9/2 635/9/2
f 614/9/2 622/9/2 636/9/2
f 636/9/2 622/9/2 637/9/2
f 627/1/2 625/1/2 638/1/2
f 638/1/2 625/1/2 639/1/2
f 642/1/2 643/1/2 646/1/2
f 646/1/2 643/1/2 647/1/2
f 640/9/2 641/9/2 648/9/2
f 648/9/2 641/9/2 649/9/2
f 644/1/2 645/1/2 650/1/2
f 650/1/2 645/1/2 651/1/2
f 648/6/2 649/6/2 652/6/2
f 652/6/2 649/6/2 653/6/2
f 654/9/2 655/9/2 658/9/2
f 658/9/2 655/9/2 659/9/2
f 656/9/2 657/9/2 661/9/2
f 659/9/2 655/9/2 662/9/2
f 660/9/2 661/9/2 667/9/2
f 661/9/2 657/9/2 668/9/2
f 667/9/2 661/9/2 668/9/2
f 668/9/2 657/9/2 669/9/2
f 659/9/2 662/9/2 670/9/2
f 662/9/2 663/9/2 670/9/2
f 670/9/2 663/9/2 671/9/2
f 666/9/2 667/9/2 672/9/2
f 667/9/2 668/9/2 672/9/2
f 672/9/2 668/9/2 673/9/2
f 671/9/2 663/9/2 674/9/2
f 674/9/2 663/9/2 675/9/2
f 664/9/2 665/9/2 676/9/2
f 676/9/2 665/9/2 677/9/2
f 666/9/2 672/9/2 678/9/2
f 678/9/2 672/9/2 679/9/2
f 680/9/2 681/9/2 684/9/2
f 684/9/2 681/9/2 685/9/2
f 682/9/2 683/9/2 686/9/2
f 686/9/2 683/9/2 687/9/2
f 688/9/2 689/9/2 692/9/2
f 692/9/2 689/9/2 693/9/2
f 690/9/2 691/9/2 695/9/2
f 693/9/2 689/9/2 696/9/2
f 694/9/2 695/9/2 701/9/2
f 695/9/2 691/9/2 702/9/2
f 701/9/2 695/9/2 702/9/2
f 702/9/2 691/9/2 703/9/2
f 693/9/2 696/9/2 704/9/2
f 696/9/2 697/9/2 704/9/2
f 704/9/2 697/9/2 705/9/2
f 700/9/2 701/9/2 706/9/2
f 701/9/2 702/9/2 706/9/2
f 706/9/2 702/9/2 707/9/2
f 705/9/2 697/9/2 708/9/2
f 708/9/2 697/9/2 709/9/2
f 698/9/2 699/9/2 710/9/2
f 710/9/2 699/9/2 711/9/2
f 700/9/2 706/9/2 712/9/2
f 712/9/2 706/9/2 713/9/2
f 716/1/2 717/1/2 720/1/2
f 718/1/2 719/1/2 721/1/2
f 716/1/2 720/1/2 722/1/2
f 722/1/2 720/1/2 723/1/2
f 714/9/2 715/9/2 724/9/2
f 724/9/2 715/9/2 725/9/2
f 721/1/2 719/1/2 726/1/2
f 726/1/2 719/1/2 727/1/2
f 728/1/2 729/1/2 732/1/2
f 730/1/2 731/1/2 733/1/2
f 728/1/2 732/1/2 734/1/2
f 734/1/2 732/1/2 735/1/2
f 733/1/2 731/1/2 736/1/2
f 736/1/2 731/1/2 737/1/2
f 738/1/2 739/1/2 742/1/2
f 742/1/2 739/1/2 743/1/2
f 740/1/2 741/1/2 744/1/2
f 744/1/2 741/1/2 745/1/2
f 746/1/2 747/1/2 750/1/2
f 750/1/2 747/1/2 751/1/2
f 748/1/2 749/1/2 754/1/2
f 754/1/2 749/1/2 755/1/2
f 751/1/2 752/1/2 756/1/2
f 756/1/2 752/1/2 757/1/2
f 753/1/2 754/1/2 758/1/2
f 758/1/2 754/1/2 759/1/2
f 760/9/2 761/9/2 762/9/2
f 762/9/2 761/9/2 763/9/2
f 760/9/2 762/9/2 771/9/2
f 771/9/2 762/9/2 774/9/2
f 770/9/2 771/9/2 774/9/2
f 774/9/2 762/9/2 775/9/2
f 764/9/2 765/9/2 776/9/2
f 776/9/2 765/9/2 777/9/2
f 766/9/2 767/9/2 778/9/2
f 778/9/2 767/9/2 779/9/2
f 772/9/2 773/9/2 780/9/2
f 780/9/2 773/9/2 781/9/2
f 768/9/2 769/9/2 782/9/2
f 782/9/2 769/9/2 783/9/2
f 770/9/2 774/9/2 784/9/2
f 784/9/2 774/9/2 785/9/2
f 786/1/2 787/1/2 790/1/2
f 790/1/2 787/1/2 791/1/2
f 788/1/2 789/1/2 792/1/2
f 792/1/2 789/1/2 793/1/2
f 794/1/2 795/1/2 798/1/2
f 798/1/2 795/1/2 799/1/2
f 796/1/2 797/1/2 800/1/2
f 800/1/2 797/1/2 801/1/2
f 802/9/2 803/9/2 810/9/2
f 810/9/2 803/9/2 811/9/2
f 804/9/2 805/9/2 812/9/2
f 812/9/2 805/9/2 813/9/2
f 808/9/2 809/9/2 814/9/2
f 814/9/2 809/9/2 815/9/2
f 806/9/2 807/9/2 818/9/2
f 818/9/2 807/9/2 819/9/2
f 816/1/2 817/1/2 822/1/2
f 822/1/2 817/1/2 823/1/2
f 820/1/2 821/1/2 826/1/2
f 826/1/2 821/1/2 827/1/2
f 823/1/2 824/1/2 829/1/2
f 829/1/2 824/1/2 830/1/2
f 825/1/2 826/1/2 831/1/2
f 831/1/2 826/1/2 832/1/2
f 828/8/2 829/8/2 834/8/2
f 834/8/2 829/8/2 835/8/2
f 832/8/2 833/8/2 836/8/2
f 836/8/2 833/8/2 837/8/2
f 838/1/2 839/1/2 842/1/2
f 840/1/2 841/1/2 845/1/2
f 842/1/2 843/1/2 846/1/2
f 838/1/2 842/1/2 846/1/2
f 846/1/2 843/1/2 847/1/2
f 844/1/2 845/1/2 848/1/2
f 845/1/2 841/1/2 849/1/2
f 848/1/2 845/1/2 849/1/2
f 847/1/2 848/1/2 850/1/2
f 850/1/2 848/1/2 851/1/2
f 852/9/2 853/9/2 856/9/2
f 856/9/2 853/9/2 857/9/2
f 858/9/2 859/9/2 860/9/2
f 860/9/2 859/9/2 861/9/2
f 854/9/2 855/9/2 862/9/2
f 862/9/2 855/9/2 863/9/2
f 864/1/2 865/1/2 872/1/2
f 872/1/2 865/1/2 873/1/2
f 866/1/2 867/1/2 875/1/2
f 875/1/2 867/1/2 876/1/2
f 868/1/2 869/1/2 881/1/2
f 881/1/2 869/1/2 882/1/2
f 870/1/2 871/1/2 884/1/2
f 884/1/2 871/1/2 885/1/2
f 874/1/2 875/1/2 888/1/2
f 875/1/2 876/1/2 888/1/2
f 876/1/2 877/1/2 888/1/2
f 888/1/2 877/1/2 889/1/2
f 878/1/2 879/1/2 890/1/2
f 890/1/2 879/1/2 891/1/2
f 882/1/2 883/1/2 892/1/2
f 881/1/2 882/1/2 892/1/2
f 880/1/2 881/1/2 892/1/2
f 892/1/2 883/1/2 893/1/2
f 886/8/2 887/8/2 897/8/2
f 897/8/2 887/8/2 898/8/2
f 894/8/2 895/8/2 899/8/2
f 899/8/2 895/8/2 900/8/2
f 896/8/2 897/8/2 902/8/2
f 902/8/2 897/8/2 903/8/2
f 900/8/2 901/8/2 904/8/2
f 904/8/2 901/8/2 905/8/2
f 906/1/2 907/1/2 910/1/2
f 910/1/2 907/1/2 911/1/2
f 908/1/2 909/1/2 914/1/2
f 914/1/2 909/1/2 915/1/2
f 911/1/2 912/1/2 916/1/2
f 916/1/2 912/1/2 917/1/2
f 917/1/2 912/1/2 918/1/2
f 913/1/2 914/1/2 919/1/2
f 919/1/2 914/1/2 920/1/2
f 920/1/2 914/1/2 921/1/2
f 917/1/2 918/1/2 922/1/2
f 922/1/2 918/1/2 923/1/2
f 919/1/2 920/1/2 926/1/2
f 926/1/2 920/1/2 927/1/2
f 923/1/2 924/1/2 928/1/2
f 928/1/2 924/1/2 929/1/2
f 925/1/2 926/1/2 930/1/2
f 930/1/2 926/1/2 931/1/2
f 932/8/2 933/8/2 935/8/2
f 935/8/2 933/8/2 936/8/2
f 936/8/2 933/8/2 937/8/2
f 937/8/2 933/8/2 938/8/2
f 934/7/2 935/7/2 941/7/2
f 935/7/2 936/7/2 941/7/2
f 936/8/2 937/8/2 942/8/2
f 941/7/2 936/7/2 942/7/2
f 938/7/2 939/7/2 943/7/2
f 942/8/2 937/8/2 943/8/2
f 937/7/2 938/7/2 943/7/2
f 943/7/2 939/7/2 944/7/2
f 941/7/2 942/7/2 946/7/2
f 944/7/2 945/7/2 946/7/2
f 943/7/2 944/7/2 946/7/2
f 942/7/2 943/7/2 946/7/2
f 940/7/2 941/7/2 946/7/2
f 946/7/2 945/7/2 947/7/2
f 947/7/2 945/7/2 948/7/2
f 948/7/2 945/7/2 949/7/2
f 946/6/2 947/6/2 950/6/2
f 947/7/2 948/7/2 950/7/2
f 950/7/2 948/7/2 951/7/2
f 951/7/2 948/7/2 952/7/2
f 952/7/2 948/7/2 953/7/2
f 953/7/2 948/7/2 954/7/2
f 948/6/2 949/6/2 955/6/2
f 954/7/2 948/7/2 955/7/2
f 950/6/2 951/6/2 956/6/2
f 951/5/2 952/5/2 957/5/2
f 956/6/2 951/6/2 957/6/2
f 952/6/2 953/6/2 958/6/2
f 957/5/2 952/5/2 958/5/2
f 958/6/2 953/6/2 959/6/2
f 959/6/2 953/6/2 960/6/2
f 953/5/2 954/5/2 961/5/2
f 960/6/2 953/6/2 961/6/2
f 954/6/2 955/6/2 962/6/2
f 961/5/2 954/5/2 962/5/2
f 962/6/2 955/6/2 963/6/2
f 946/6/2 950/6/2 964/6/2
f 950/6/2 956/6/2 964/6/2
f 964/6/2 956/6/2 965/6/2
f 956/5/2 957/5/2 966/5/2
f 965/6/2 956/6/2 966/6/2
f 957/5/2 958/5/2 966/5/2
f 958/5/2 959/5/2 966/5/2
f 959/6/2 960/6/2 967/6/2
f 966/5/2 959/5/2 967/5/2
f 962/5/2 963/5/2 968/5/2
f 967/6/2 960/6/2 968/6/2
f 960/5/2 961/5/2 968/5/2
f 961/5/2 962/5/2 968/5/2
f 963/6/2 955/6/2 969/6/2
f 968/5/2 963/5/2 969/5/2
f 955/6/2 949/6/2 970/6/2
f 969/6/2 955/6/2 970/6/2
f 970/6/2 949/6/2 971/6/2
f 965/5/2 966/5/2 972/5/2
f 967/5/2 968/5/2 972/5/2
f 968/5/2 969/5/2 972/5/2
f 969/5/2 970/5/2 972/5/2
f 966/5/2 967/5/2 972/5/2
f 972/5/2 970/5/2 973/5/2
f 973/5/2 970/5/2 974/5/2
f 974/5/2 970/5/2 975/5/2
f 975/5/2 970/5/2 976/5/2
f 976/5/2 970/5/2 977/5/2
f 977/5/2 970/5/2 978/5/2
f 978/5/2 970/5/2 979/5/2
f 979/5/2 970/5/2 980/5/2
f 980/5/2 970/5/2 981/5/2
f 964/4/2 965/4/2 982/4/2
f 965/5/2 972/5/2 983/5/2
f 982/4/2 965/4/2 983/4/2
f 972/4/2 973/4/2 984/4/2
f 983/5/2 972/5/2 984/5/2
f 973/3/2 974/3/2 985/3/2
f 984/4/2 973/4/2 985/4/2
f 974/4/2 975/4/2 986/4/2
f 985/3/2 974/3/2 986/3/2
f 975/5/2 976/5/2 987/5/2
f 986/4/2 975/4/2 987/4/2
f 976/4/2 977/4/2 988/4/2
f 987/5/2 976/5/2 988/5/2
f 977/5/2 978/5/2 989/5/2
f 988/4/2 977/4/2 989/4/2
f 978/4/2 979/4/2 990/4/2
f 989/5/2 978/5/2 990/5/2
f 979/3/2 980/3/2 991/3/2
f 990/4/2 979/4/2 991/4/2
f 980/4/2 981/4/2 992/4/2
f 991/3/2 980/3/2 992/3/2
f 981/5/2 970/5/2 993/5/2
f 992/4/2 981/4/2 993/4/2
f 970/4/2 971/4/2 994/4/2
f 993/5/2 970/5/2 994/5/2
f 994/4/2 971/4/2 995/4/2
f 992/3/2 993/3/2 996/3/2
f 991/3/2 992/3/2 996/3/2
f 994/3/2 995/3/2 996/3/2
f 993/3/2 994/3/2 996/3/2
f 990/3/2 991/3/2 996/3/2
f 989/3/2 990/3/2 996/3/2
f 988/3/2 989/3/2 996/3/2
f 987/3/2 988/3/2 996/3/2
f 986/3/2 987/3/2 996/3/2
f 985/3/2 986/3/2 996/3/2
f 984/3/2 985/3/2 996/3/2
f 983/3/2 984/3/2 996/3/2
f 982/3/2 983/3/2 996/3/2
f 996/3/2 995/3/2 997/3/2
f 997/3/2 995/3/2 998/3/2
f 998/3/2 995/3/2 999/3/2
f 999/3/2 995/3/2 1000/3/2
f 1000/3/2 995/3/2 1001/3/2
f 996/2/2 997/2/2 1002/2/2
f 997/3/2 998/3/2 1002/3/2
f 998/2/2 999/2/2 1003/2/2
f 1002/3/2 998/3/2 1003/3/2
f 999/3/2 1000/3/2 1004/3/2
f 1003/2/2 999/2/2 1004/2/2
f 1000/2/2 1001/2/2 1005/2/2
f 1004/3/2 1000/3/2 1005/3/2
f 1003/2/2 1004/2/2 1006/2/2
f 996/2/2 1002/2/2 1006/2/2
f 1004/2/2 1005/2/2 1006/2/2
f 1002/2/2 1003/2/2 1006/2/2
f 1006/2/2 1005/2/2 1007/2/2
f 1007/2/2 1005/2/2 1008/2/2
f 1008/2/2 1005/2/2 1009/2/2
f 1005/2/2 1001/2/2 1010/2/2
f 1009/2/2 1005/2/2 1010/2/2
f 1010/2/2 1001/2/2 1011/2/2
f 1007/2/2 1008/2/2 1012/2/2
f 1012/2/2 1008/2/2 1013/2/2
f 1013/2/2 1008/2/2 1014/2/2
f 1008/1/2 1009/1/2 1015/1/2
f 1014/2/2 1008/2/2 1015/2/2
f 1009/2/2 1010/2/2 1016/2/2
f 1015/1/2 1009/1/2 1016/1/2
f 1016/2/2 1010/2/2 1017/2/2
f 1017/2/2 1010/2/2 1018/2/2
f 1018/2/2 1010/2/2 1019/2/2
f 1013/2/2 1014/2/2 1020/2/2
f 1014/1/2 1015/1/2 1021/1/2
f 1020/2/2 1014/2/2 1021/2/2
f 1015/1/2 1016/1/2 1021/1/2
f 1016/1/2 1017/1/2 1021/1/2
f 1017/2/2 1018/2/2 1022/2/2
f 1021/1/2 1017/1/2 1022/1/2
f 1022/2/2 1018/2/2 1023/2/2
f 1020/1/2 1021/1/2 1024/1/2
f 1021/1/2 1022/1/2 1024/1/2
f 1022/1/2 1023/1/2 1024/1/2
f 1024/1/2 1023/1/2 1025/1/2
f 1025/1/2 1023/1/2 1026/1/2
f 1026/1/2 1023/1/2 1027/1/2
f 1025/1/2 1026/1/2 1028/1/2
f 1028/1/2 1026/1/2 1029/1/2
f 1037/7/3 1031/7/3 1030/7/3
f 1038/6/3 1032/6/3 1031/6/3
f 1038/7/3 1031/7/3 1037/7/3
f 1039/6/3 1032/6/3 1038/6/3
f 1040/4/3 1033/4/3 1032/4/3
f 1040/6/3 1032/6/3 1039/6/3
f 1041/4/3 1033/4/3 1040/4/3
f 1042/3/3 1034/3/3 1033/3/3
f 1042/4/3 1033/4/3 1041/4/3
f 1043/2/3 1035/2/3 1034/2/3
f 1043/3/3 1034/3/3 1042/3/3
f 1044/2/3 1035/2/3 1043/2/3
f 1049/8/3 1037/8/3 1036/8/3
f 1050/7/3 1039/7/3 1038/7/3
f 1050/7/3 1038/7/3 1037/7/3
f 1050/8/3 1037/8/3 1049/8/3
f 1051/7/3 1039/7/3 1050/7/3
f 1052/6/3 1040/6/3 1039/6/3
f 1053/5/3 1041/5/3 1040/5/3
f 1053/6/3 1040/6/3 1052/6/3
f 1054/4/3 1042/4/3 1041/4/3
f 1054/5/3 1041/5/3 1053/5/3
f 1054/4/3 1043/4/3 1042/4/3
f 1055/4/3 1043/4/3 1054/4/3
f 1056/2/3 1044/2/3 1043/2/3
f 1056/4/3 1043/4/3 1055/4/3
f 1057/2/3 1044/2/3 1056/2/3
f 1058/1/3 1045/1/3 1044/1/3
f 1058/2/3 1044/2/3 1057/2/3
f 1059/1/3 1045/1/3 1058/1/3
f 1060/1/3 1047/1/3 1046/1/3
f 1061/1/3 1047/1/3 1060/1/3
f 1062/7/3 1039/7/3 1051/7/3
f 1063/6/3 1052/6/3 1039/6/3
f 1063/7/3 1039/7/3 1062/7/3
f 1064/5/3 1053/5/3 1052/5/3
f 1064/6/3 1052/6/3 1063/6/3
f 1064/5/3 1055/5/3 1054/5/3
f 1064/5/3 1054/5/3 1053/5/3
f 1065/5/3 1055/5/3 1064/5/3
f 1066/8/3 1049/8/3 1048/8/3
f 1066/8/3 1051/8/3 1050/8/3
f 1066/8/3 1050/8/3 1049/8/3
f 1067/7/3 1062/7/3 1051/7/3
f 1067/8/3 1051/8/3 1066/8/3
f 1068/6/3 1063/6/3 1062/6/3
f 1068/7/3 1062/7/3 1067/7/3
f 1068/6/3 1065/6/3 1064/6/3
f 1068/6/3 1064/6/3 1063/6/3
f 1069/6/3 1065/6/3 1068/6/3
f 1070/5/3 1055/5/3 1065/5/3
f 1070/6/3 1065/6/3 1069/6/3
f 1071/4/3 1056/4/3 1055/4/3
f 1071/5/3 1055/5/3 1070/5/3
f 1071/4/3 1057/4/3 1056/4/3
f 1073/8/3 1066/8/3 1048/8/3
f 1074/6/3 1070/6/3 1069/6/3
f 1074/4/3 1071/4/3 1070/4/3
f 1075/4/3 1071/4/3 1074/4/3
f 1076/4/3 1057/4/3 1071/4/3
f 1076/4/3 1071/4/3 1075/4/3
f 1077/2/3 1059/2/3 1058/2/3
f 1077/4/3 1057/4/3 1076/4/3
f 1077/2/3 1058/2/3 1057/2/3
f 1078/2/3 1059/2/3 1077/2/3
f 1080/1/3 1073/1/3 1072/1/3
f 1081/8/3 1066/8/3 1073/8/3
f 1081/1/3 1073/1/3 1080/1/3
f 1082/8/3 1066/8/3 1081/8/3
f 1083/7/3 1067/7/3 1066/7/3
f 1083/8/3 1066/8/3 1082/8/3
f 1083/7/3 1069/7/3 1068/7/3
f 1083/7/3 1068/7/3 1067/7/3
f 1084/5/3 1075/5/3 1074/5/3
f 1084/4/3 1076/4/3 1075/4/3
f 1085/4/3 1076/4/3 1084/4/3
f 1086/8/3 1082/8/3 1081/8/3
f 1086/7/3 1083/7/3 1082/7/3
f 1087/7/3 1069/7/3 1083/7/3
f 1087/7/3 1083/7/3 1086/7/3
f 1088/5/3 1085/5/3 1084/5/3
f 1088/5/3 1084/5/3 1074/5/3
f 1089/4/3 1076/4/3 1085/4/3
f 1089/5/3 1085/5/3 1088/5/3
f 1090/8/3 1086/8/3 1081/8/3
f 1090/8/3 1087/8/3 1086/8/3
f 1091/7/3 1069/7/3 1087/7/3
f 1091/8/3 1087/8/3 1090/8/3
f 1092/5/3 1088/5/3 1074/5/3
f 1092/4/3 1089/4/3 1088/4/3
f 1093/4/3 1076/4/3 1089/4/3
f 1093/4/3 1089/4/3 1092/4/3
f 1095/8/3 1090/8/3 1081/8/3
f 1096/7/3 1091/7/3 1090/7/3
f 1096/8/3 1090/8/3 1095/8/3
f 1097/7/3 1069/7/3 1091/7/3
f 1097/7/3 1091/7/3 1096/7/3
f 1098/5/3 1092/5/3 1074/5/3
f 1098/5/3 1093/5/3 1092/5/3
f 1099/4/3 1076/4/3 1093/4/3
f 1099/5/3 1093/5/3 1098/5/3
f 1100/1/3 1095/1/3 1094/1/3
f 1101/8/3 1096/8/3 1095/8/3
f 1101/1/3 1095/1/3 1100/1/3
f 1101/8/3 1097/8/3 1096/8/3
f 1102/5/3 1098/5/3 1074/5/3
f 1102/6/3 1074/6/3 1069/6/3
f 1103/4/3 1099/4/3 1098/4/3
f 1103/5/3 1098/5/3 1102/5/3
f 1104/2/3 1078/2/3 1077/2/3
f 1104/4/3 1099/4/3 1103/4/3
f 1104/4/3 1076/4/3 1099/4/3
f 1104/2/3 1077/2/3 1076/2/3
f 1105/2/3 1078/2/3 1104/2/3
f 1106/1/3 1079/1/3 1078/1/3
f 1106/2/3 1078/2/3 1105/2/3
f 1107/1/3 1079/1/3 1106/1/3
f 1108/8/3 1097/8/3 1101/8/3
f 1108/7/3 1069/7/3 1097/7/3
f 1109/7/3 1069/7/3 1108/7/3
f 1110/7/3 1069/7/3 1109/7/3
f 1111/6/3 1102/6/3 1069/6/3
f 1111/7/3 1069/7/3 1110/7/3
f 1112/4/3 1103/4/3 1102/4/3
f 1112/6/3 1102/6/3 1111/6/3
f 1112/4/3 1105/4/3 1104/4/3
f 1112/4/3 1104/4/3 1103/4/3
f 1113/4/3 1105/4/3 1112/4/3
f 1116/6/3 1111/6/3 1110/6/3
f 1116/7/3 1110/7/3 1109/7/3
f 1116/6/3 1112/6/3 1111/6/3
f 1117/6/3 1112/6/3 1116/6/3
f 1118/6/3 1112/6/3 1117/6/3
f 1119/5/3 1113/5/3 1112/5/3
f 1119/6/3 1112/6/3 1118/6/3
f 1120/1/3 1115/1/3 1114/1/3
f 1121/1/3 1115/1/3 1120/1/3
f 1122/8/3 1109/8/3 1108/8/3
f 1122/8/3 1108/8/3 1101/8/3
f 1123/8/3 1109/8/3 1122/8/3
f 1124/8/3 1109/8/3 1123/8/3
f 1125/7/3 1116/7/3 1109/7/3
f 1125/8/3 1109/8/3 1124/8/3
f 1125/7/3 1117/7/3 1116/7/3
f 1126/6/3 1118/6/3 1117/6/3
f 1126/5/3 1119/5/3 1118/5/3
f 1127/5/3 1113/5/3 1119/5/3
f 1127/5/3 1119/5/3 1126/5/3
f 1128/5/3 1113/5/3 1127/5/3
f 1129/4/3 1105/4/3 1113/4/3
f 1129/5/3 1113/5/3 1128/5/3
f 1130/4/3 1105/4/3 1129/4/3
f 1131/2/3 1106/2/3 1105/2/3
f 1131/4/3 1105/4/3 1130/4/3
f 1132/2/3 1106/2/3 1131/2/3
f 1133/2/3 1106/2/3 1132/2/3
f 1134/8/3 1124/8/3 1123/8/3
f 1135/7/3 1125/7/3 1124/7/3
f 1135/8/3 1124/8/3 1134/8/3
f 1136/7/3 1117/7/3 1125/7/3
f 1136/7/3 1125/7/3 1135/7/3
f 1137/6/3 1126/6/3 1117/6/3
f 1137/7/3 1117/7/3 1136/7/3
f 1137/6/3 1127/6/3 1126/6/3
f 1138/5/3 1128/5/3 1127/5/3
f 1138/6/3 1127/6/3 1137/6/3
f 1139/4/3 1130/4/3 1129/4/3
f 1139/5/3 1128/5/3 1138/5/3
f 1139/4/3 1129/4/3 1128/4/3
f 1140/4/3 1130/4/3 1139/4/3
f 1141/2/3 1132/2/3 1131/2/3
f 1141/4/3 1130/4/3 1140/4/3
f 1141/2/3 1131/2/3 1130/2/3
f 1142/1/3 1133/1/3 1132/1/3
f 1142/2/3 1132/2/3 1141/2/3
f 1143/1/3 1133/1/3 1142/1/3
f 1144/7/3 1136/7/3 1135/7/3
f 1145/6/3 1138/6/3 1137/6/3
f 1145/7/3 1136/7/3 1144/7/3
f 1145/6/3 1137/6/3 1136/6/3
f 1146/4/3 1139/4/3 1138/4/3
f 1146/6/3 1138/6/3 1145/6/3
f 1146/4/3 1140/4/3 1139/4/3
f 1147/3/3 1141/3/3 1140/3/3
f 1147/4/3 1140/4/3 1146/4/3
f 1148/2/3 1142/2/3 1141/2/3
f 1148/3/3 1141/3/3 1147/3/3
f 1149/2/3 1142/2/3 1148/2/3
f 1157/7/3 1151/7/3 1150/7/3
f 1158/7/3 1151/7/3 1157/7/3
f 1159/2/3 1153/2/3 1152/2/3
f 1160/2/3 1153/2/3 1159/2/3
f 1162/1/3 1155/1/3 1154/1/3
f 1163/1/3 1155/1/3 1162/1/3
f 1164/8/3 1157/8/3 1156/8/3
f 1165/8/3 1157/8/3 1164/8/3
f 1166/1/3 1161/1/3 1160/1/3
f 1167/1/3 1164/1/3 1163/1/3
f 1168/1/3 1164/1/3 1167/1/3
f 1169/1/3 1161/1/3 1166/1/3
f 1170/1/3 1161/1/3 1169/1/3
f 1174/1/3 1171/1/3 1170/1/3
f 1178/1/3 1173/1/3 1172/1/3
f 1179/1/3 1173/1/3 1178/1/3
f 1180/2/3 1170/2/3 1169/2/3
f 1181/1/3 1174/1/3 1170/1/3
f 1181/2/3 1170/2/3 1180/2/3
f 1181/1/3 1175/1/3 1174/1/3
f 1182/1/3 1175/1/3 1181/1/3
f 1183/9/3 1177/9/3 1176/9/3
f 1184/9/3 1177/9/3 1183/9/3
f 1189/1/3 1186/1/3 1185/1/3
f 1190/1/3 1186/1/3 1189/1/3
f 1191/9/3 1188/9/3 1187/9/3
f 1192/9/3 1188/9/3 1191/9/3
f 1197/9/3 1194/9/3 1193/9/3
f 1198/9/3 1194/9/3 1197/9/3
f 1199/1/3 1196/1/3 1195/1/3
f 1200/1/3 1196/1/3 1199/1/3
f 1206/1/3 1202/1/3 1201/1/3
f 1207/1/3 1202/1/3 1206/1/3
f 1208/1/3 1205/1/3 1204/1/3
f 1209/1/3 1205/1/3 1208/1/3
f 1212/2/3 1204/2/3 1203/2/3
f 1213/1/3 1208/1/3 1204/1/3
f 1213/2/3 1204/2/3 1212/2/3
f 1214/1/3 1208/1/3 1213/1/3
f 1216/1/3 1211/1/3 1210/1/3
f 1217/1/3 1211/1/3 1216/1/3
f 1219/1/3 1213/1/3 1212/1/3
f 1220/1/3 1216/1/3 1215/1/3
f 1221/1/3 1216/1/3 1220/1/3
f 1222/8/3 1218/8/3 1217/8/3
f 1223/8/3 1218/8/3 1222/8/3
f 1226/1/3 1213/1/3 1219/1/3
f 1227/1/3 1213/1/3 1226/1/3
f 1228/7/3 1224/7/3 1223/7/3
f 1229/7/3 1224/7/3 1228/7/3
f 1230/2/3 1226/2/3 1225/2/3
f 1231/2/3 1226/2/3 1230/2/3
f 1234/8/3 1233/8/3 1232/8/3
f 1235/8/3 1233/8/3 1234/8/3
f 1238/1/3 1237/1/3 1236/1/3
f 1239/1/3 1237/1/3 1238/1/3
f 1240/1/3 1237/1/3 1239/1/3
f 1241/1/3 1237/1/3 1240/1/3
f 1245/9/3 1244/9/3 1243/9/3
f 1246/9/3 1244/9/3 1245/9/3
f 1249/9/3 1248/9/3 1247/9/3
f 1250/9/3 1248/9/3 1249/9/3
f 1253/9/3 1252/9/3 1251/9/3
f 1254/9/3 1252/9/3 1253/9/3
f 1256/1/3 1242/1/3 1241/1/3
f 1257/1/3 1242/1/3 1256/1/3
f 1259/1/3 1256/1/3 1255/1/3
f 1260/1/3 1259/1/3 1258/1/3
f 1261/1/3 1256/1/3 1259/1/3
f 1261/1/3 1259/1/3 1260/1/3
f 1264/8/3 1263/8/3 1262/8/3
f 1265/8/3 1263/8/3 1264/8/3
f 1272/9/3 1267/9/3 1266/9/3
f 1273/9/3 1267/9/3 1272/9/3
f 1275/1/3 1269/1/3 1268/1/3
f 1276/1/3 1269/1/3 1275/1/3
f 1277/1/3 1271/1/3 1270/1/3
f 1278/1/3 1271/1/3 1277/1/3
f 1279/9/3 1274/9/3 1273/9/3
f 1280/9/3 1274/9/3 1279/9/3
f 1284/9/3 1281/9/3 1280/9/3
f 1285/9/3 1281/9/3 1284/9/3
f 1286/1/3 1283/1/3 1282/1/3
f 1287/1/3 1283/1/3 1286/1/3
f 1290/9/3 1289/9/3 1288/9/3
f 1291/9/3 1289/9/3 1290/9/3
f 1294/9/3 1293/9/3 1292/9/3
f 1295/9/3 1293/9/3 1294/9/3
f 1298/9/3 1297/9/3 1296/9/3
f 1299/9/3 1297/9/3 1298/9/3
f 1305/9/3 1301/9/3 1300/9/3
f 1306/9/3 1301/9/3 1305/9/3
f 1307/1/3 1303/1/3 1302/1/3
f 1308/1/3 1303/1/3 1307/1/3
f 1309/9/3 1305/9/3 1304/9/3
f 1310/9/3 1305/9/3 1309/9/3
f 1315/1/3 1312/1/3 1311/1/3
f 1316/1/3 1312/1/3 1315/1/3
f 1317/1/3 1314/1/3 1313/1/3
f 1318/1/3 1314/1/3 1317/1/3
f 1324/2/3 1320/2/3 1319/2/3
f 1325/1/3 1321/1/3 1320/1/3
f 1325/2/3 1320/2/3 1324/2/3
f 1326/1/3 1321/1/3 1325/1/3
f 1328/1/3 1323/1/3 1322/1/3
f 1329/1/3 1323/1/3 1328/1/3
f 1330/1/3 1327/1/3 1326/1/3
f 1331/1/3 1327/1/3 1330/1/3
f 1333/1/3 1332/1/3 1331/1/3
f 1334/1/3 1332/1/3 1333/1/3
f 1340/1/3 1336/1/3 1335/1/3
f 1341/1/3 1336/1/3 1340/1/3
f 1342/1/3 1338/1/3 1337/1/3
f 1343/1/3 1338/1/3 1342/1/3
f 1346/1/3 1340/1/3 1339/1/3
f 1347/1/3 1340/1/3 1346/1/3
f 1348/2/3 1345/2/3 1344/2/3
f 1349/1/3 1346/1/3 1345/1/3
f 1349/2/3 1345/2/3 1348/2/3
f 1350/1/3 1346/1/3 1349/1/3
f 1353/1/3 1352/1/3 1351/1/3
f 1354/1/3 1352/1/3 1353/1/3
f 1357/9/3 1356/9/3 1355/9/3
f 1358/9/3 1356/9/3 1357/9/3
f 1360/9/3 1359/9/3 1358/9/3
f 1361/9/3 1359/9/3 1360/9/3
f 1363/9/3 1362/9/3 1361/9/3
f 1364/9/3 1362/9/3 1363/9/3
f 1367/9/3 1366/9/3 1365/9/3
f 1368/9/3 1366/9/3 1367/9/3
f 1371/9/3 1370/9/3 1369/9/3
f 1372/9/3 1370/9/3 1371/9/3
f 1376/9/3 1374/9/3 1373/9/3
f 1377/9/3 1374/9/3 1376/9/3
f 1378/9/3 1374/9/3 1377/9/3
f 1379/9/3 1376/9/3 1375/9/3
f 1379/9/3 1377/9/3 1376/9/3
f 1380/9/3 1377/9/3 1379/9/3
f 1381/9/3 1379/9/3 1375/9/3
f 1382/9/3 1379/9/3 1381/9/3
f 1385/1/3 1384/1/3 1383/1/3
f 1386/1/3 1384/1/3 1385/1/3
f 1389/9/3 1388/9/3 1387/9/3
f 1390/9/3 1388/9/3 1389/9/3
f 1393/1/3 1392/1/3 1391/1/3
f 1394/1/3 1392/1/3 1393/1/3
f 1397/9/3 1396/9/3 1395/9/3
f 1398/9/3 1396/9/3 1397/9/3
f 1401/1/3 1400/1/3 1399/1/3
f 1402/1/3 1400/1/3 1401/1/3
f 1405/9/3 1404/9/3 1403/9/3
f 1407/9/3 1405/9/3 1403/9/3
f 1407/9/3 1406/9/3 1405/9/3
f 1408/9/3 1406/9/3 1407/9/3
f 1409/9/3 1406/9/3 1408/9/3
f 1411/9/3 1410/9/3 1409/9/3
f 1411/9/3 1409/9/3 1408/9/3
f 1412/9/3 1410/9/3 1411/9/3
f 1416/9/3 1414/9/3 1413/9/3
f 1417/9/3 1414/9/3 1416/9/3
f 1418/9/3 1414/9/3 1417/9/3
f 1419/9/3 1416/9/3 1415/9/3
f 1419/9/3 1417/9/3 1416/9/3
f 1420/9/3 1417/9/3 1419/9/3
f 1421/9/3 1419/9/3 1415/9/3
f 1422/9/3 1419/9/3 1421/9/3
f 1425/9/3 1424/9/3 1423/9/3
f 1426/9/3 1424/9/3 1425/9/3
f 1429/9/3 1428/9/3 1427/9/3
f 1430/9/3 1428/9/3 1429/9/3
f 1433/1/3 1432/1/3 1431/1/3
f 1434/1/3 1432/1/3 1433/1/3
f 1438/8/3 1436/8/3 1435/8/3
f 1439/8/3 1436/8/3 1438/8/3
f 1440/9/3 1438/9/3 1437/9/3
f 1441/9/3 1438/9/3 1440/9/3
f 1445/9/3 1443/9/3 1442/9/3
f 1446/9/3 1443/9/3 1445/9/3
f 1447/9/3 1443/9/3 1446/9/3
f 1449/9/3 1445/9/3 1444/9/3
f 1449/9/3 1446/9/3 1445/9/3
f 1450/9/3 1446/9/3 1449/9/3
f 1451/9/3 1446/9/3 1450/9/3
f 1454/9/3 1449/9/3 1448/9/3
f 1454/9/3 1450/9/3 1449/9/3
f 1455/9/3 1450/9/3 1454/9/3
f 1456/1/3 1453/1/3 1452/1/3
f 1457/1/3 1453/1/3 1456/1/3
f 1460/1/3 1459/1/3 1458/1/3
f 1461/1/3 1459/1/3 1460/1/3
f 1464/1/3 1463/1/3 1462/1/3
f 1465/1/3 1463/1/3 1464/1/3
f 1468/9/3 1467/9/3 1466/9/3
f 1469/9/3 1467/9/3 1468/9/3
f 1470/9/3 1467/9/3 1469/9/3
f 1472/9/3 1471/9/3 1470/9/3
f 1472/9/3 1470/9/3 1469/9/3
f 1473/9/3 1471/9/3 1472/9/3
f 1474/9/3 1471/9/3 1473/9/3
f 1476/9/3 1475/9/3 1474/9/3
f 1476/9/3 1474/9/3 1473/9/3
f 1477/9/3 1475/9/3 1476/9/3
f 1480/9/3 1479/9/3 1478/9/3
f 1481/9/3 1479/9/3 1480/9/3
f 1484/9/3 1483/9/3 1482/9/3
f 1485/9/3 1483/9/3 1484/9/3
f 1488/9/3 1487/9/3 1486/9/3
f 1489/9/3 1487/9/3 1488/9/3
f 1492/9/3 1491/9/3 1490/9/3
f 1493/9/3 1491/9/3 1492/9/3
f 1496/9/3 1495/9/3 1494/9/3
f 1497/9/3 1495/9/3 1496/9/3
f 1500/9/3 1499/9/3 1498/9/3
f 1501/9/3 1499/9/3 1500/9/3
f 1504/9/3 1503/9/3 1502/9/3
f 1505/9/3 1503/9/3 1504/9/3
f 1508/9/3 1507/9/3 1506/9/3
f 1509/9/3 1507/9/3 1508/9/3
f 1512/1/3 1511/1/3 1510/1/3
f 1513/1/3 1511/1/3 1512/1/3
f 1515/1/3 1514/1/3 1513/1/3
f 1516/1/3 1514/1/3 1515/1/3
f 1519/1/3 1518/1/3 1517/1/3
f 1522/1/3 1519/1/3 1517/1/3
f 1523/1/3 1519/1/3 1522/1/3
f 1524/9/3 1521/9/3 1520/9/3
f 1525/9/3 1521/9/3 1524/9/3
f 1530/9/3 1527/9/3 1526/9/3
f 1531/9/3 1527/9/3 1530/9/3
f 1532/1/3 1529/1/3 1528/1/3
f 1533/1/3 1532/1/3 1528/1/3
f 1534/1/3 1533/1/3 1528/1/3
f 1535/1/3 1533/1/3 1534/1/3
f 1539/1/3 1537/1/3 1536/1/3
f 1540/1/3 1537/1/3 1539/1/3
f 1541/1/3 1539/1/3 1538/1/3
f 1542/1/3 1539/1/3 1541/1/3
f 1545/1/3 1544/1/3 1543/1/3
f 1546/1/3 1544/1/3 1545/1/3
f 1549/1/3 1548/1/3 1547/1/3
f 1550/1/3 1548/1/3 1549/1/3
f 1553/1/3 1552/1/3 1551/1/3
f 1554/1/3 1552/1/3 1553/1/3
f 1557/1/3 1556/1/3 1555/1/3
f 1558/1/3 1556/1/3 1557/1/3
f 1559/1/4 1560/1/4 1561/1/4
f 1561/1/4 1560/1/4 1562/1/4
f 1563/1/4 1564/1/4 1565/1/4
f 1565/1/4 1564/1/4 1566/1/4
f 1567/1/4 1568/1/4 1569/1/4
f 1569/1/4 1568/1/4 1570/1/4
f 1571/1/4 1572/1/4 1573/1/4
f 1573/1/4 1572/1/4 1574/1/4
f 1575/1/4 1576/1/4 1577/1/4
f 1577/1/4 1576/1/4 1578/1/4
f 1578/1/4 1579/1/4 1580/1/4
f 1580/1/4 1579/1/4 1581/1/4
f 1582/1/4 1583/1/4 1586/1/4
f 1584/9/4 1585/9/4 1587/9/4
f 1587/9/4 1585/9/4 1588/9/4
f 1582/1/4 1586/1/4 1589/1/4
f 1582/1/4 1589/1/4 1590/1/4
f 1590/1/4 1589/1/4 1591/1/4
f 1592/1/4 1593/1/4 1594/1/4
f 1592/1/4 1594/1/4 1595/1/4
f 1592/1/4 1595/1/4 1596/1/4
f 1596/1/4 1595/1/4 1597/1/4
f 1598/1/4 1599/1/4 1601/1/4
f 1601/1/4 1599/1/4 1602/1/4
f 1600/1/4 1601/1/4 1603/1/4
f 1603/1/4 1601/1/4 1604/1/4
f 1605/9/4 1606/9/4 1607/9/4
f 1607/9/4 1606/9/4 1608/9/4
f 1609/9/4 1610/9/4 1611/9/4
f 1611/9/4 1610/9/4 1612/9/4
f 1613/9/4 1614/9/4 1615/9/4
f 1615/9/4 1614/9/4 1616/9/4
f 1617/9/4 1618/9/4 1619/9/4
f 1619/9/4 1618/9/4 1620/9/4
f 1620/9/4 1621/9/4 1622/9/4
f 1622/9/4 1621/9/4 1623/9/4
f 1623/9/4 1624/9/4 1625/9/4
f 1625/9/4 1624/9/4 1626/9/4
f 1627/9/4 1628/9/4 1629/9/4
f 1629/9/4 1628/9/4 1630/9/4
f 1631/9/4 1632/9/4 1633/9/4
f 1633/9/4 1632/9/4 1634/9/4
f 1635/9/4 1636/9/4 1637/9/4
f 1637/9/4 1636/9/4 1638/9/4
f 1639/9/4 1640/9/4 1642/9/4
f 1642/9/4 1640/9/4 1643/9/4
f 1641/9/4 1642/9/4 1644/9/4
f 1644/9/4 1642/9/4 1645/9/4
f 1646/1/4 1647/1/4 1648/1/4
f 1648/1/4 1647/1/4 1649/1/4
f 1650/1/4 1651/1/4 1652/1/4
f 1652/1/4 1651/1/4 1653/1/4
f 1654/1/4 1655/1/4 1656/1/4
f 1656/1/4 1655/1/4 1657/1/4
f 1658/9/4 1659/9/4 1660/9/4
f 1660/9/4 1659/9/4 1661/9/4
f 1661/9/4 1662/9/4 1663/9/4
f 1663/9/4 1662/9/4 1664/9/4
f 1664/9/4 1665/9/4 1666/9/4
f 1666/9/4 1665/9/4 1667/9/4
f 1668/9/4 1669/9/4 1670/9/4
f 1670/9/4 1669/9/4 1671/9/4
f 1672/9/4 1673/9/4 1674/9/4
f 1674/9/4 1673/9/4 1675/9/4
f 1676/9/4 1677/9/4 1679/9/4
f 1679/9/4 1677/9/4 1680/9/4
f 1680/9/4 1677/9/4 1681/9/4
f 1678/9/4 1679/9/4 1682/9/4
f 1679/9/4 1680/9/4 1682/9/4
f 1682/9/4 1680/9/4 1683/9/4
f 1678/9/4 1682/9/4 1686/9/4
f 1686/9/4 1682/9/4 1687/9/4
f 1684/1/4 1685/1/4 1688/1/4
f 1688/1/4 1685/1/4 1689/1/4
f 1690/9/4 1691/9/4 1692/9/4
f 1692/9/4 1691/9/4 1693/9/4
f 1694/9/4 1695/9/4 1696/9/4
f 1696/9/4 1695/9/4 1697/9/4
f 1698/9/4 1699/9/4 1702/9/4
f 1700/1/4 1701/1/4 1703/1/4
f 1703/1/4 1701/1/4 1704/1/4
f 1698/9/4 1702/9/4 1705/9/4
f 1702/9/4 1703/9/4 1705/9/4
f 1705/9/4 1703/9/4 1706/9/4
f 1706/9/4 1703/9/4 1707/9/4
f 1707/9/4 1708/9/4 1709/9/4
f 1706/9/4 1707/9/4 1709/9/4
f 1709/9/4 1708/9/4 1710/9/4
f 1711/7/4 1712/7/4 1713/7/4
f 1713/7/4 1712/7/4 1714/7/4
f 1715/9/4 1716/9/4 1718/9/4
f 1718/9/4 1716/9/4 1719/9/4
f 1719/9/4 1716/9/4 1720/9/4
f 1717/9/4 1718/9/4 1721/9/4
f 1718/9/4 1719/9/4 1721/9/4
f 1721/9/4 1719/9/4 1722/9/4
f 1717/9/4 1721/9/4 1725/9/4
f 1725/9/4 1721/9/4 1726/9/4
f 1723/1/4 1724/1/4 1727/1/4
f 1727/1/4 1724/1/4 1728/1/4
f 1729/9/4 1730/9/4 1731/9/4
f 1731/9/4 1730/9/4 1732/9/4
f 1733/9/4 1734/9/4 1736/9/4
f 1734/9/4 1735/9/4 1736/9/4
f 1736/9/4 1735/9/4 1737/9/4
f 1738/1/4 1739/1/4 1740/1/4
f 1740/1/4 1739/1/4 1741/1/4
f 1742/9/4 1743/9/4 1744/9/4
f 1744/9/4 1743/9/4 1745/9/4
f 1746/9/4 1747/9/4 1749/9/4
f 1749/9/4 1747/9/4 1750/9/4
f 1750/9/4 1747/9/4 1751/9/4
f 1748/9/4 1749/9/4 1753/9/4
f 1749/9/4 1750/9/4 1753/9/4
f 1753/9/4 1750/9/4 1754/9/4
f 1754/9/4 1750/9/4 1755/9/4
f 1752/9/4 1753/9/4 1756/9/4
f 1753/9/4 1754/9/4 1756/9/4
f 1756/9/4 1754/9/4 1757/9/4
f 1758/1/4 1759/1/4 1760/1/4
f 1760/1/4 1759/1/4 1761/1/4
f 1762/2/4 1763/2/4 1767/2/4
f 1763/1/4 1764/1/4 1768/1/4
f 1767/2/4 1763/2/4 1768/2/4
f 1768/1/4 1764/1/4 1769/1/4
f 1765/1/4 1766/1/4 1771/1/4
f 1771/1/4 1766/1/4 1772/1/4
f 1769/1/4 1770/1/4 1773/1/4
f 1773/1/4 1770/1/4 1774/1/4
f 1774/1/4 1775/1/4 1776/1/4
f 1776/1/4 1775/1/4 1777/1/4
f 1778/1/4 1779/1/4 1783/1/4
f 1783/1/4 1779/1/4 1784/1/4
f 1780/1/4 1781/1/4 1785/1/4
f 1785/1/4 1781/1/4 1786/1/4
f 1782/1/4 1783/1/4 1789/1/4
f 1789/1/4 1783/1/4 1790/1/4
f 1787/2/4 1788/2/4 1791/2/4
f 1788/1/4 1789/1/4 1792/1/4
f 1791/2/4 1788/2/4 1792/2/4
f 1792/1/4 1789/1/4 1793/1/4
f 1794/9/4 1795/9/4 1800/9/4
f 1800/9/4 1795/9/4 1801/9/4
f 1801/9/4 1795/9/4 1802/9/4
f 1796/1/4 1797/1/4 1804/1/4
f 1804/1/4 1797/1/4 1805/1/4
f 1798/1/4 1799/1/4 1806/1/4
f 1806/1/4 1799/1/4 1807/1/4
f 1802/9/4 1803/9/4 1808/9/4
f 1801/9/4 1802/9/4 1808/9/4
f 1808/9/4 1803/9/4 1809/9/4
f 1809/9/4 1803/9/4 1810/9/4
f 1810/9/4 1811/9/4 1814/9/4
f 1809/9/4 1810/9/4 1814/9/4
f 1814/9/4 1811/9/4 1815/9/4
f 1812/1/4 1813/1/4 1816/1/4
f 1816/1/4 1813/1/4 1817/1/4
f 1818/9/4 1819/9/4 1820/9/4
f 1820/9/4 1819/9/4 1821/9/4
f 1822/9/4 1823/9/4 1824/9/4
f 1824/9/4 1823/9/4 1825/9/4
f 1826/9/4 1827/9/4 1828/9/4
f 1828/9/4 1827/9/4 1829/9/4
f 1830/9/4 1831/9/4 1834/9/4
f 1834/9/4 1831/9/4 1835/9/4
f 1832/1/4 1833/1/4 1836/1/4
f 1836/1/4 1833/1/4 1837/1/4
f 1838/1/4 1839/1/4 1842/1/4
f 1842/1/4 1839/1/4 1843/1/4
f 1840/1/4 1841/1/4 1844/1/4
f 1844/1/4 1841/1/4 1845/1/4
f 1846/8/4 1847/8/4 1848/8/4
f 1848/8/4 1847/8/4 1849/8/4
f 1850/1/4 1851/1/4 1852/1/4
f 1852/1/4 1851/1/4 1853/1/4
f 1853/1/4 1851/1/4 1854/1/4
f 1854/1/4 1851/1/4 1855/1/4
f 1857/9/4 1858/9/4 1859/9/4
f 1859/9/4 1858/9/4 1860/9/4
f 1861/9/4 1862/9/4 1863/9/4
f 1863/9/4 1862/9/4 1864/9/4
f 1865/9/4 1866/9/4 1867/9/4
f 1867/9/4 1866/9/4 1868/9/4
f 1855/1/4 1856/1/4 1872/1/4
f 1872/1/4 1856/1/4 1873/1/4
f 1869/9/4 1870/9/4 1874/9/4
f 1874/9/4 1870/9/4 1875/9/4
f 1871/1/4 1872/1/4 1877/1/4
f 1876/1/4 1877/1/4 1878/1/4
f 1877/1/4 1872/1/4 1879/1/4
f 1878/1/4 1877/1/4 1879/1/4
f 1880/8/4 1881/8/4 1882/8/4
f 1882/8/4 1881/8/4 1883/8/4
f 1884/7/4 1885/7/4 1891/7/4
f 1891/7/4 1885/7/4 1892/7/4
f 1886/2/4 1887/2/4 1893/2/4
f 1893/2/4 1887/2/4 1894/2/4
f 1888/1/4 1889/1/4 1896/1/4
f 1896/1/4 1889/1/4 1897/1/4
f 1890/8/4 1891/8/4 1898/8/4
f 1898/8/4 1891/8/4 1899/8/4
f 1894/1/4 1895/1/4 1900/1/4
f 1897/1/4 1898/1/4 1901/1/4
f 1901/1/4 1898/1/4 1902/1/4
f 1900/1/4 1895/1/4 1903/1/4
f 1903/1/4 1895/1/4 1904/1/4
f 1904/1/4 1905/1/4 1908/1/4
f 1906/1/4 1907/1/4 1910/1/4
f 1910/1/4 1907/1/4 1911/1/4
f 1903/2/4 1904/2/4 1912/2/4
f 1908/1/4 1909/1/4 1913/1/4
f 1912/2/4 1904/2/4 1913/2/4
f 1904/1/4 1908/1/4 1913/1/4
f 1913/1/4 1909/1/4 1914/1/4
f 1915/1/4 1916/1/4 1919/1/4
f 1919/1/4 1916/1/4 1920/1/4
f 1917/9/4 1918/9/4 1921/9/4
f 1921/9/4 1918/9/4 1922/9/4
f 1923/9/4 1924/9/4 1927/9/4
f 1927/9/4 1924/9/4 1928/9/4
f 1925/1/4 1926/1/4 1929/1/4
f 1929/1/4 1926/1/4 1930/1/4
f 1931/1/4 1932/1/4 1938/1/4
f 1938/1/4 1932/1/4 1939/1/4
f 1934/1/4 1935/1/4 1940/1/4
f 1940/1/4 1935/1/4 1941/1/4
f 1936/9/4 1937/9/4 1942/9/4
f 1942/9/4 1937/9/4 1943/9/4
f 1933/2/4 1934/2/4 1946/2/4
f 1934/1/4 1940/1/4 1947/1/4
f 1946/2/4 1934/2/4 1947/2/4
f 1947/1/4 1940/1/4 1948/1/4
f 1944/1/4 1945/1/4 1950/1/4
f 1950/1/4 1945/1/4 1951/1/4
f 1946/1/4 1947/1/4 1953/1/4
f 1949/1/4 1950/1/4 1954/1/4
f 1954/1/4 1950/1/4 1955/1/4
f 1951/8/4 1952/8/4 1956/8/4
f 1956/8/4 1952/8/4 1957/8/4
f 1953/1/4 1947/1/4 1960/1/4
f 1960/1/4 1947/1/4 1961/1/4
f 1957/7/4 1958/7/4 1962/7/4
f 1962/7/4 1958/7/4 1963/7/4
f 1959/2/4 1960/2/4 1964/2/4
f 1964/2/4 1960/2/4 1965/2/4
f 1966/7/4 1967/7/4 1973/7/4
f 1967/6/4 1968/6/4 1974/6/4
f 1973/7/4 1967/7/4 1974/7/4
f 1974/6/4 1968/6/4 1975/6/4
f 1968/4/4 1969/4/4 1976/4/4
f 1975/6/4 1968/6/4 1976/6/4
f 1976/4/4 1969/4/4 1977/4/4
f 1969/3/4 1970/3/4 1978/3/4
f 1977/4/4 1969/4/4 1978/4/4
f 1970/2/4 1971/2/4 1979/2/4
f 1978/3/4 1970/3/4 1979/3/4
f 1979/2/4 1971/2/4 1980/2/4
f 1972/8/4 1973/8/4 1985/8/4
f 1974/7/4 1975/7/4 1986/7/4
f 1973/7/4 1974/7/4 1986/7/4
f 1985/8/4 1973/8/4 1986/8/4
f 1986/7/4 1975/7/4 1987/7/4
f 1975/6/4 1976/6/4 1988/6/4
f 1976/5/4 1977/5/4 1989/5/4
f 1988/6/4 1976/6/4 1989/6/4
f 1977/4/4 1978/4/4 1990/4/4
f 1989/5/4 1977/5/4 1990/5/4
f 1978/4/4 1979/4/4 1990/4/4
f 1990/4/4 1979/4/4 1991/4/4
f 1979/2/4 1980/2/4 1992/2/4
f 1991/4/4 1979/4/4 1992/4/4
f 1992/2/4 1980/2/4 1993/2/4
f 1980/1/4 1981/1/4 1994/1/4
f 1993/2/4 1980/2/4 1994/2/4
f 1994/1/4 1981/1/4 1995/1/4
f 1982/1/4 1983/1/4 1996/1/4
f 1996/1/4 1983/1/4 1997/1/4
f 1987/7/4 1975/7/4 1998/7/4
f 1975/6/4 1988/6/4 1999/6/4
f 1998/7/4 1975/7/4 1999/7/4
f 1988/5/4 1989/5/4 2000/5/4
f 1999/6/4 1988/6/4 2000/6/4
f 1990/5/4 1991/5/4 2000/5/4
f 1989/5/4 1990/5/4 2000/5/4
f 2000/5/4 1991/5/4 2001/5/4
f 1984/8/4 1985/8/4 2002/8/4
f 1986/8/4 1987/8/4 2002/8/4
f 1985/8/4 1986/8/4 2002/8/4
f 1987/7/4 1998/7/4 2003/7/4
f 2002/8/4 1987/8/4 2003/8/4
f 1998/6/4 1999/6/4 2004/6/4
f 2003/7/4 1998/7/4 2004/7/4
f 2000/6/4 2001/6/4 2004/6/4
f 1999/6/4 2000/6/4 2004/6/4
f 2004/6/4 2001/6/4 2005/6/4
f 2001/5/4 1991/5/4 2006/5/4
f 2005/6/4 2001/6/4 2006/6/4
f 1991/4/4 1992/4/4 2007/4/4
f 2006/5/4 1991/5/4 2007/5/4
f 1992/4/4 1993/4/4 2007/4/4
f 1984/8/4 2002/8/4 2009/8/4
f 2005/6/4 2006/6/4 2010/6/4
f 2006/4/4 2007/4/4 2010/4/4
f 2010/4/4 2007/4/4 2011/4/4
f 2007/4/4 1993/4/4 2012/4/4
f 2011/4/4 2007/4/4 2012/4/4
f 1994/2/4 1995/2/4 2013/2/4
f 2012/4/4 1993/4/4 2013/4/4
f 1993/2/4 1994/2/4 2013/2/4
f 2013/2/4 1995/2/4 2014/2/4
f 2008/1/4 2009/1/4 2016/1/4
f 2009/8/4 2002/8/4 2017/8/4
f 2016/1/4 2009/1/4 2017/1/4
f 2017/8/4 2002/8/4 2018/8/4
f 2002/7/4 2003/7/4 2019/7/4
f 2018/8/4 2002/8/4 2019/8/4
f 2004/7/4 2005/7/4 2019/7/4
f 2003/7/4 2004/7/4 2019/7/4
f 2010/5/4 2011/5/4 2020/5/4
f 2011/4/4 2012/4/4 2020/4/4
f 2020/4/4 2012/4/4 2021/4/4
f 2017/8/4 2018/8/4 2022/8/4
f 2018/7/4 2019/7/4 2022/7/4
f 2019/7/4 2005/7/4 2023/7/4
f 2022/7/4 2019/7/4 2023/7/4
f 2020/5/4 2021/5/4 2024/5/4
f 2010/5/4 2020/5/4 2024/5/4
f 2021/4/4 2012/4/4 2025/4/4
f 2024/5/4 2021/5/4 2025/5/4
f 2017/8/4 2022/8/4 2026/8/4
f 2022/8/4 2023/8/4 2026/8/4
f 2023/7/4 2005/7/4 2027/7/4
f 2026/8/4 2023/8/4 2027/8/4
f 2010/5/4 2024/5/4 2028/5/4
f 2024/4/4 2025/4/4 2028/4/4
f 2025/4/4 2012/4/4 2029/4/4
f 2028/4/4 2025/4/4 2029/4/4
f 2017/8/4 2026/8/4 2031/8/4
f 2026/7/4 2027/7/4 2032/7/4
f 2031/8/4 2026/8/4 2032/8/4
f 2027/7/4 2005/7/4 2033/7/4
f 2032/7/4 2027/7/4 2033/7/4
f 2010/5/4 2028/5/4 2034/5/4
f 2028/5/4 2029/5/4 2034/5/4
f 2029/4/4 2012/4/4 2035/4/4
f 2034/5/4 2029/5/4 2035/5/4
f 2030/1/4 2031/1/4 2036/1/4
f 2031/8/4 2032/8/4 2037/8/4
f 2036/1/4 2031/1/4 2037/1/4
f 2032/8/4 2033/8/4 2037/8/4
f 2010/5/4 2034/5/4 2038/5/4
f 2005/6/4 2010/6/4 2038/6/4
f 2034/4/4 2035/4/4 2039/4/4
f 2038/5/4 2034/5/4 2039/5/4
f 2013/2/4 2014/2/4 2040/2/4
f 2039/4/4 2035/4/4 2040/4/4
f 2035/4/4 2012/4/4 2040/4/4
f 2012/2/4 2013/2/4 2040/2/4
f 2040/2/4 2014/2/4 2041/2/4
f 2014/1/4 2015/1/4 2042/1/4
f 2041/2/4 2014/2/4 2042/2/4
f 2042/1/4 2015/1/4 2043/1/4
f 2037/8/4 2033/8/4 2044/8/4
f 2033/7/4 2005/7/4 2044/7/4
f 2044/7/4 2005/7/4 2045/7/4
f 2045/7/4 2005/7/4 2046/7/4
f 2005/6/4 2038/6/4 2047/6/4
f 2046/7/4 2005/7/4 2047/7/4
f 2038/4/4 2039/4/4 2048/4/4
f 2047/6/4 2038/6/4 2048/6/4
f 2040/4/4 2041/4/4 2048/4/4
f 2039/4/4 2040/4/4 2048/4/4
f 2048/4/4 2041/4/4 2049/4/4
f 2046/6/4 2047/6/4 2052/6/4
f 2045/7/4 2046/7/4 2052/7/4
f 2047/6/4 2048/6/4 2052/6/4
f 2052/6/4 2048/6/4 2053/6/4
f 2053/6/4 2048/6/4 2054/6/4
f 2048/5/4 2049/5/4 2055/5/4
f 2054/6/4 2048/6/4 2055/6/4
f 2050/1/4 2051/1/4 2056/1/4
f 2056/1/4 2051/1/4 2057/1/4
f 2044/8/4 2045/8/4 2058/8/4
f 2037/8/4 2044/8/4 2058/8/4
f 2058/8/4 2045/8/4 2059/8/4
f 2059/8/4 2045/8/4 2060/8/4
f 2045/7/4 2052/7/4 2061/7/4
f 2060/8/4 2045/8/4 2061/8/4
f 2052/7/4 2053/7/4 2061/7/4
f 2053/6/4 2054/6/4 2062/6/4
f 2054/5/4 2055/5/4 2062/5/4
f 2055/5/4 2049/5/4 2063/5/4
f 2062/5/4 2055/5/4 2063/5/4
f 2063/5/4 2049/5/4 2064/5/4
f 2049/4/4 2041/4/4 2065/4/4
f 2064/5/4 2049/5/4 2065/5/4
f 2065/4/4 2041/4/4 2066/4/4
f 2041/2/4 2042/2/4 2067/2/4
f 2066/4/4 2041/4/4 2067/4/4
f 2067/2/4 2042/2/4 2068/2/4
f 2068/2/4 2042/2/4 2069/2/4
f 2059/8/4 2060/8/4 2070/8/4
f 2060/7/4 2061/7/4 2071/7/4
f 2070/8/4 2060/8/4 2071/8/4
f 2061/7/4 2053/7/4 2072/7/4
f 2071/7/4 2061/7/4 2072/7/4
f 2053/6/4 2062/6/4 2073/6/4
f 2072/7/4 2053/7/4 2073/7/4
f 2062/6/4 2063/6/4 2073/6/4
f 2063/5/4 2064/5/4 2074/5/4
f 2073/6/4 2063/6/4 2074/6/4
f 2065/4/4 2066/4/4 2075/4/4
f 2074/5/4 2064/5/4 2075/5/4
f 2064/4/4 2065/4/4 2075/4/4
f 2075/4/4 2066/4/4 2076/4/4
f 2067/2/4 2068/2/4 2077/2/4
f 2076/4/4 2066/4/4 2077/4/4
f 2066/2/4 2067/2/4 2077/2/4
f 2068/1/4 2069/1/4 2078/1/4
f 2077/2/4 2068/2/4 2078/2/4
f 2078/1/4 2069/1/4 2079/1/4
f 2071/7/4 2072/7/4 2080/7/4
f 2073/6/4 2074/6/4 2081/6/4
f 2080/7/4 2072/7/4 2081/7/4
f 2072/6/4 2073/6/4 2081/6/4
f 2074/4/4 2075/4/4 2082/4/4
f 2081/6/4 2074/6/4 2082/6/4
f 2075/4/4 2076/4/4 2082/4/4
f 2076/3/4 2077/3/4 2083/3/4
f 2082/4/4 2076/4/4 2083/4/4
f 2077/2/4 2078/2/4 2084/2/4
f 2083/3/4 2077/3/4 2084/3/4
f 2084/2/4 2078/2/4 2085/2/4
f 2088/9/5 2087/9/5 2086/9/5
f 2089/9/5 2087/9/5 2088/9/5
f 2092/9/5 2091/9/5 2090/9/5
f 2093/9/5 2091/9/5 2092/9/5
f 2096/9/5 2095/9/5 2094/9/5
f 2097/9/5 2095/9/5 2096/9/5
f 2102/9/5 2099/9/5 2098/9/5
f 2103/9/5 2099/9/5 2102/9/5
f 2106/9/5 2101/9/5 2100/9/5
f 2107/9/5 2101/9/5 2106/9/5
f 2110/9/5 2105/9/5 2104/9/5
f 2111/9/5 2105/9/5 2110/9/5
f 2112/9/5 2109/9/5 2108/9/5
f 2113/9/5 2109/9/5 2112/9/5
f 2116/9/5 2115/9/5 2114/9/5
f 2117/9/5 2115/9/5 2116/9/5
f 2120/9/5 2119/9/5 2118/9/5
f 2121/9/5 2119/9/5 2120/9/5
f 2124/9/5 2123/9/5 2122/9/5
f 2125/9/5 2123/9/5 2124/9/5
f 2130/9/5 2127/9/5 2126/9/5
f 2131/9/5 2127/9/5 2130/9/5
f 2134/9/5 2133/9/5 2132/9/5
f 2135/9/5 2133/9/5 2134/9/5
f 2136/9/5 2129/9/5 2128/9/5
f 2137/9/5 2129/9/5 2136/9/5
f 2144/9/5 2141/9/5 2140/9/5
f 2145/9/5 2141/9/5 2144/9/5
f 2146/9/5 2139/9/5 2138/9/5
f 2147/9/5 2139/9/5 2146/9/5
f 2148/9/5 2143/9/5 2142/9/5
f 2149/9/5 2143/9/5 2148/9/5
f 2154/9/5 2151/9/5 2150/9/5
f 2155/9/5 2151/9/5 2154/9/5
f 2156/9/5 2153/9/5 2152/9/5
f 2157/9/5 2153/9/5 2156/9/5
f 2160/9/5 2159/9/5 2158/9/5
f 2161/9/5 2159/9/5 2160/9/5
f 2164/9/5 2163/9/5 2162/9/5
f 2165/9/5 2163/9/5 2164/9/5
f 2168/9/5 2167/9/5 2166/9/5
f 2169/9/5 2167/9/5 2168/9/5
f 2174/9/5 2171/9/5 2170/9/5
f 2175/9/5 2171/9/5 2174/9/5
f 2176/9/5 2173/9/5 2172/9/5
f 2177/9/5 2173/9/5 2176/9/5
f 2184/9/5 2179/9/5 2178/9/5
f 2185/9/5 2179/9/5 2184/9/5
f 2186/9/5 2181/9/5 2180/9/5
f 2187/9/5 2181/9/5 2186/9/5
f 2188/9/5 2183/9/5 2182/9/5
f 2189/9/5 2183/9/5 2188/9/5
f 2192/9/5 2191/9/5 2190/9/5
f 2193/9/5 2191/9/5 2192/9/5
f 2196/9/5 2195/9/5 2194/9/5
f 2197/9/5 2195/9/5 2196/9/5
f 2204/9/5 2199/9/5 2198/9/5
f 2205/9/5 2199/9/5 2204/9/5
f 2206/9/5 2201/9/5 2200/9/5
f 2207/9/5 2201/9/5 2206/9/5
f 2208/9/5 2203/9/5 2202/9/5
f 2209/9/5 2203/9/5 2208/9/5
f 2218/9/5 2211/9/5 2210/9/5
f 2219/9/5 2211/9/5 2218/9/5
f 2220/9/5 2213/9/5 2212/9/5
f 2221/9/5 2213/9/5 2220/9/5
f 2224/9/5 2215/9/5 2214/9/5
f 2225/9/5 2215/9/5 2224/9/5
f 2226/9/5 2217/9/5 2216/9/5
f 2227/9/5 2217/9/5 2226/9/5
f 2228/9/5 2223/9/5 2222/9/5
f 2229/9/5 2223/9/5 2228/9/5
f 2239/1/5 2231/1/5 2230/1/5
f 2240/1/5 2231/1/5 2239/1/5
f 2241/1/5 2233/1/5 2232/1/5
f 2242/1/5 2233/1/5 2241/1/5
f 2243/1/5 2235/1/5 2234/1/5
f 2244/1/5 2235/1/5 2243/1/5
f 2245/1/5 2237/1/5 2236/1/5
f 2246/1/5 2237/1/5 2245/1/5
f 2248/1/5 2239/1/5 2238/1/5
f 2249/1/5 2239/1/5 2248/1/5
f 2250/1/5 2247/1/5 2246/1/5
f 2251/1/5 2247/1/5 2250/1/5
f 2258/9/5 2253/9/5 2252/9/5
f 2259/9/5 2253/9/5 2258/9/5
f 2260/9/5 2255/9/5 2254/9/5
f 2261/9/5 2255/9/5 2260/9/5
f 2264/1/5 2257/1/5 2256/1/5
f 2265/1/5 2257/1/5 2264/1/5
f 2270/1/5 2263/1/5 2262/1/5
f 2271/1/5 2263/1/5 2270/1/5
f 2272/9/5 2267/9/5 2266/9/5
f 2273/9/5 2267/9/5 2272/9/5
f 2275/9/5 2269/9/5 2268/9/5
f 2276/9/5 2269/9/5 2275/9/5
f 2277/9/5 2275/9/5 2274/9/5
f 2278/9/5 2275/9/5 2277/9/5
f 2281/9/5 2280/9/5 2279/9/5
f 2282/9/5 2280/9/5 2281/9/5
f 2287/9/5 2284/9/5 2283/9/5
f 2288/9/5 2284/9/5 2287/9/5
f 2291/1/5 2286/1/5 2285/1/5
f 2292/1/5 2286/1/5 2291/1/5
f 2295/1/5 2290/1/5 2289/1/5
f 2296/1/5 2290/1/5 2295/1/5
f 2297/9/5 2294/9/5 2293/9/5
f 2298/9/5 2294/9/5 2297/9/5
f 2303/1/5 2300/1/5 2299/1/5
f 2304/1/5 2300/1/5 2303/1/5
f 2311/1/5 2302/1/5 2301/1/5
f 2312/1/5 2302/1/5 2311/1/5
f 2313/1/5 2305/1/5 2304/1/5
f 2314/1/5 2305/1/5 2313/1/5
f 2315/1/5 2307/1/5 2306/1/5
f 2316/1/5 2307/1/5 2315/1/5
f 2317/1/5 2309/1/5 2308/1/5
f 2318/1/5 2309/1/5 2317/1/5
f 2319/1/5 2311/1/5 2310/1/5
f 2320/1/5 2311/1/5 2319/1/5
f 2333/1/5 2322/1/5 2321/1/5
f 2334/1/5 2322/1/5 2333/1/5
f 2335/1/5 2324/1/5 2323/1/5
f 2335/1/5 2325/1/5 2324/1/5
f 2335/1/5 2326/1/5 2325/1/5
f 2336/1/5 2326/1/5 2335/1/5
f 2337/1/5 2330/1/5 2329/1/5
f 2337/1/5 2328/1/5 2327/1/5
f 2337/1/5 2329/1/5 2328/1/5
f 2338/1/5 2330/1/5 2337/1/5
f 2339/1/5 2332/1/5 2331/1/5
f 2340/1/5 2332/1/5 2339/1/5
f 2345/1/5 2342/1/5 2341/1/5
f 2346/1/5 2342/1/5 2345/1/5
f 2347/1/5 2344/1/5 2343/1/5
f 2348/1/5 2344/1/5 2347/1/5
f 2353/1/5 2350/1/5 2349/1/5
f 2354/1/5 2350/1/5 2353/1/5
f 2355/1/5 2352/1/5 2351/1/5
f 2356/1/5 2352/1/5 2355/1/5
f 2361/1/5 2358/1/5 2357/1/5
f 2362/1/5 2361/1/5 2357/1/5
f 2363/1/5 2361/1/5 2362/1/5
f 2364/1/5 2360/1/5 2359/1/5
f 2365/1/5 2360/1/5 2364/1/5
f 2370/1/5 2367/1/5 2366/1/5
f 2371/1/5 2367/1/5 2370/1/5
f 2372/1/5 2369/1/5 2368/1/5
f 2373/1/5 2369/1/5 2372/1/5
f 2378/1/5 2375/1/5 2374/1/5
f 2379/1/5 2375/1/5 2378/1/5
f 2380/1/5 2377/1/5 2376/1/5
f 2381/1/5 2377/1/5 2380/1/5
f 2390/1/5 2383/1/5 2382/1/5
f 2391/1/5 2383/1/5 2390/1/5
f 2392/1/5 2385/1/5 2384/1/5
f 2393/1/5 2385/1/5 2392/1/5
f 2394/1/5 2385/1/5 2393/1/5
f 2395/1/5 2385/1/5 2394/1/5
f 2396/1/5 2387/1/5 2386/1/5
f 2397/1/5 2387/1/5 2396/1/5
f 2398/1/5 2387/1/5 2397/1/5
f 2399/1/5 2387/1/5 2398/1/5
f 2400/1/5 2389/1/5 2388/1/5
f 2401/1/5 2389/1/5 2400/1/5
f 2409/8/5 2403/8/5 2402/8/5
f 2410/8/5 2403/8/5 2409/8/5
f 2411/8/5 2403/8/5 2410/8/5
f 2412/8/5 2403/8/5 2411/8/5
f 2413/8/5 2405/8/5 2404/8/5
f 2414/8/5 2405/8/5 2413/8/5
f 2415/8/5 2405/8/5 2414/8/5
f 2416/8/5 2405/8/5 2415/8/5
f 2417/8/5 2405/8/5 2416/8/5
f 2418/8/5 2407/8/5 2406/8/5
f 2419/8/5 2407/8/5 2418/8/5
f 2420/8/5 2407/8/5 2419/8/5
f 2421/8/5 2407/8/5 2420/8/5
f 2424/8/5 2409/8/5 2408/8/5
f 2425/8/5 2409/8/5 2424/8/5
f 2426/1/5 2411/1/5 2410/1/5
f 2427/1/5 2411/1/5 2426/1/5
f 2430/7/5 2415/7/5 2414/7/5
f 2431/8/5 2416/8/5 2415/8/5
f 2431/7/5 2415/7/5 2430/7/5
f 2432/8/5 2416/8/5 2431/8/5
f 2435/3/5 2420/3/5 2419/3/5
f 2436/3/5 2420/3/5 2435/3/5
f 2437/8/5 2422/8/5 2421/8/5
f 2438/8/5 2422/8/5 2437/8/5
f 2440/3/5 2425/3/5 2424/3/5
f 2440/8/5 2424/8/5 2423/8/5
f 2441/4/5 2426/4/5 2425/4/5
f 2441/3/5 2425/3/5 2440/3/5
f 2442/8/5 2427/8/5 2426/8/5
f 2442/4/5 2426/4/5 2441/4/5
f 2443/2/5 2428/2/5 2427/2/5
f 2443/8/5 2427/8/5 2442/8/5
f 2444/8/5 2429/8/5 2428/8/5
f 2444/2/5 2428/2/5 2443/2/5
f 2445/4/5 2430/4/5 2429/4/5
f 2445/8/5 2429/8/5 2444/8/5
f 2445/4/5 2431/4/5 2430/4/5
f 2446/4/5 2431/4/5 2445/4/5
f 2447/2/5 2432/2/5 2431/2/5
f 2447/4/5 2431/4/5 2446/4/5
f 2448/6/5 2433/6/5 2432/6/5
f 2448/2/5 2432/2/5 2447/2/5
f 2449/3/5 2434/3/5 2433/3/5
f 2449/6/5 2433/6/5 2448/6/5
f 2450/7/5 2435/7/5 2434/7/5
f 2450/3/5 2434/3/5 2449/3/5
f 2451/8/5 2436/8/5 2435/8/5
f 2451/7/5 2435/7/5 2450/7/5
f 2452/7/5 2437/7/5 2436/7/5
f 2452/8/5 2436/8/5 2451/8/5
f 2453/5/5 2438/5/5 2437/5/5
f 2453/7/5 2437/7/5 2452/7/5
f 2454/8/5 2439/8/5 2438/8/5
f 2454/5/5 2438/5/5 2453/5/5
f 2455/3/5 2442/3/5 2441/3/5
f 2456/3/5 2442/3/5 2455/3/5
f 2457/6/5 2444/6/5 2443/6/5
f 2458/6/5 2444/6/5 2457/6/5
f 2459/4/5 2446/4/5 2445/4/5
f 2460/4/5 2446/4/5 2459/4/5
f 2461/1/5 2448/1/5 2447/1/5
f 2462/1/5 2448/1/5 2461/1/5
f 2463/2/5 2450/2/5 2449/2/5
f 2463/2/5 2451/2/5 2450/2/5
f 2464/2/5 2451/2/5 2463/2/5
f 2465/2/5 2451/2/5 2464/2/5
f 2466/5/5 2453/5/5 2452/5/5
f 2467/5/5 2453/5/5 2466/5/5
f 2468/6/5 2456/6/5 2455/6/5
f 2469/4/5 2457/4/5 2456/4/5
f 2469/6/5 2456/6/5 2468/6/5
f 2470/2/5 2458/2/5 2457/2/5
f 2470/4/5 2457/4/5 2469/4/5
f 2471/1/5 2459/1/5 2458/1/5
f 2471/2/5 2458/2/5 2470/2/5
f 2472/7/5 2460/7/5 2459/7/5
f 2472/1/5 2459/1/5 2471/1/5
f 2473/5/5 2461/5/5 2460/5/5
f 2473/7/5 2460/7/5 2472/7/5
f 2474/1/5 2462/1/5 2461/1/5
f 2474/5/5 2461/5/5 2473/5/5
f 2475/8/5 2463/8/5 2462/8/5
f 2475/1/5 2462/1/5 2474/1/5
f 2476/4/5 2464/4/5 2463/4/5
f 2476/8/5 2463/8/5 2475/8/5
f 2477/2/5 2465/2/5 2464/2/5
f 2477/4/5 2464/4/5 2476/4/5
f 2478/3/5 2466/3/5 2465/3/5
f 2478/2/5 2465/2/5 2477/2/5
f 2479/4/5 2467/4/5 2466/4/5
f 2479/3/5 2466/3/5 2478/3/5
f 2480/4/5 2467/4/5 2479/4/5
f 2481/8/5 2440/8/5 2423/8/5
f 2482/3/5 2469/3/5 2468/3/5
f 2483/1/5 2470/1/5 2469/1/5
f 2483/3/5 2469/3/5 2482/3/5
f 2484/3/5 2471/3/5 2470/3/5
f 2484/1/5 2470/1/5 2483/1/5
f 2485/3/5 2471/3/5 2484/3/5
f 2486/5/5 2473/5/5 2472/5/5
f 2487/4/5 2474/4/5 2473/4/5
f 2487/5/5 2473/5/5 2486/5/5
f 2488/4/5 2474/4/5 2487/4/5
f 2489/6/5 2476/6/5 2475/6/5
f 2490/6/5 2476/6/5 2489/6/5
f 2491/6/5 2478/6/5 2477/6/5
f 2492/6/5 2478/6/5 2491/6/5
f 2493/2/5 2480/2/5 2479/2/5
f 2494/2/5 2480/2/5 2493/2/5
f 2495/8/5 2439/8/5 2454/8/5
f 2496/8/5 2481/8/5 2423/8/5
f 2496/7/5 2482/7/5 2481/7/5
f 2497/4/5 2483/4/5 2482/4/5
f 2497/7/5 2482/7/5 2496/7/5
f 2498/7/5 2484/7/5 2483/7/5
f 2498/4/5 2483/4/5 2497/4/5
f 2499/6/5 2485/6/5 2484/6/5
f 2499/7/5 2484/7/5 2498/7/5
f 2500/1/5 2486/1/5 2485/1/5
f 2500/6/5 2485/6/5 2499/6/5
f 2501/3/5 2487/3/5 2486/3/5
f 2501/1/5 2486/1/5 2500/1/5
f 2502/3/5 2487/3/5 2501/3/5
f 2503/4/5 2490/4/5 2489/4/5
f 2503/4/5 2489/4/5 2488/4/5
f 2504/4/5 2490/4/5 2503/4/5
f 2505/3/5 2491/3/5 2490/3/5
f 2505/4/5 2490/4/5 2504/4/5
f 2506/4/5 2492/4/5 2491/4/5
f 2506/3/5 2491/3/5 2505/3/5
f 2507/6/5 2493/6/5 2492/6/5
f 2507/4/5 2492/4/5 2506/4/5
f 2508/3/5 2494/3/5 2493/3/5
f 2508/6/5 2493/6/5 2507/6/5
f 2509/8/5 2495/8/5 2494/8/5
f 2509/3/5 2494/3/5 2508/3/5
f 2510/8/5 2439/8/5 2495/8/5
f 2510/8/5 2495/8/5 2509/8/5
f 2511/2/5 2498/2/5 2497/2/5
f 2512/7/5 2499/7/5 2498/7/5
f 2512/2/5 2498/2/5 2511/2/5
f 2512/7/5 2500/7/5 2499/7/5
f 2513/7/5 2500/7/5 2512/7/5
f 2514/7/5 2500/7/5 2513/7/5
f 2515/8/5 2502/8/5 2501/8/5
f 2515/8/5 2503/8/5 2502/8/5
f 2516/8/5 2503/8/5 2515/8/5
f 2517/3/5 2504/3/5 2503/3/5
f 2517/8/5 2503/8/5 2516/8/5
f 2518/5/5 2505/5/5 2504/5/5
f 2518/3/5 2504/3/5 2517/3/5
f 2519/1/5 2506/1/5 2505/1/5
f 2519/5/5 2505/5/5 2518/5/5
f 2520/7/5 2507/7/5 2506/7/5
f 2520/1/5 2506/1/5 2519/1/5
f 2520/7/5 2508/7/5 2507/7/5
f 2521/7/5 2508/7/5 2520/7/5
f 2522/4/5 2509/4/5 2508/4/5
f 2522/7/5 2508/7/5 2521/7/5
f 2523/4/5 2509/4/5 2522/4/5
f 2524/8/5 2496/8/5 2423/8/5
f 2525/4/5 2512/4/5 2511/4/5
f 2526/4/5 2512/4/5 2525/4/5
f 2527/2/5 2514/2/5 2513/2/5
f 2528/1/5 2515/1/5 2514/1/5
f 2528/2/5 2514/2/5 2527/2/5
f 2529/5/5 2516/5/5 2515/5/5
f 2529/1/5 2515/1/5 2528/1/5
f 2530/7/5 2517/7/5 2516/7/5
f 2530/5/5 2516/5/5 2529/5/5
f 2531/3/5 2518/3/5 2517/3/5
f 2531/7/5 2517/7/5 2530/7/5
f 2532/2/5 2519/2/5 2518/2/5
f 2532/3/5 2518/3/5 2531/3/5
f 2532/2/5 2520/2/5 2519/2/5
f 2533/2/5 2520/2/5 2532/2/5
f 2534/5/5 2521/5/5 2520/5/5
f 2534/2/5 2520/2/5 2533/2/5
f 2535/5/5 2521/5/5 2534/5/5
f 2536/6/5 2523/6/5 2522/6/5
f 2537/6/5 2523/6/5 2536/6/5
f 2538/8/5 2439/8/5 2510/8/5
f 2539/8/5 2524/8/5 2423/8/5
f 2539/6/5 2525/6/5 2524/6/5
f 2540/5/5 2526/5/5 2525/5/5
f 2540/6/5 2525/6/5 2539/6/5
f 2541/4/5 2527/4/5 2526/4/5
f 2541/5/5 2526/5/5 2540/5/5
f 2541/4/5 2528/4/5 2527/4/5
f 2542/4/5 2528/4/5 2541/4/5
f 2543/1/5 2529/1/5 2528/1/5
f 2543/4/5 2528/4/5 2542/4/5
f 2544/1/5 2529/1/5 2543/1/5
f 2546/3/5 2532/3/5 2531/3/5
f 2547/3/5 2532/3/5 2546/3/5
f 2548/6/5 2534/6/5 2533/6/5
f 2549/7/5 2535/7/5 2534/7/5
f 2549/6/5 2534/6/5 2548/6/5
f 2550/4/5 2536/4/5 2535/4/5
f 2550/7/5 2535/7/5 2549/7/5
f 2551/3/5 2537/3/5 2536/3/5
f 2551/4/5 2536/4/5 2550/4/5
f 2552/6/5 2538/6/5 2537/6/5
f 2552/3/5 2537/3/5 2551/3/5
f 2553/8/5 2439/8/5 2538/8/5
f 2553/6/5 2538/6/5 2552/6/5
f 2554/3/5 2541/3/5 2540/3/5
f 2555/7/5 2542/7/5 2541/7/5
f 2555/3/5 2541/3/5 2554/3/5
f 2556/6/5 2543/6/5 2542/6/5
f 2556/7/5 2542/7/5 2555/7/5
f 2557/2/5 2544/2/5 2543/2/5
f 2557/6/5 2543/6/5 2556/6/5
f 2558/1/5 2545/1/5 2544/1/5
f 2558/2/5 2544/2/5 2557/2/5
f 2559/8/5 2546/8/5 2545/8/5
f 2559/1/5 2545/1/5 2558/1/5
f 2560/8/5 2546/8/5 2559/8/5
f 2561/3/5 2549/3/5 2548/3/5
f 2561/3/5 2548/3/5 2547/3/5
f 2562/3/5 2549/3/5 2561/3/5
f 2563/1/5 2550/1/5 2549/1/5
f 2563/3/5 2549/3/5 2562/3/5
f 2564/1/5 2550/1/5 2563/1/5
f 2565/6/5 2552/6/5 2551/6/5
f 2566/6/5 2552/6/5 2565/6/5
f 2567/6/5 2555/6/5 2554/6/5
f 2568/5/5 2556/5/5 2555/5/5
f 2568/6/5 2555/6/5 2567/6/5
f 2569/1/5 2557/1/5 2556/1/5
f 2569/5/5 2556/5/5 2568/5/5
f 2570/3/5 2558/3/5 2557/3/5
f 2570/1/5 2557/1/5 2569/1/5
f 2571/5/5 2559/5/5 2558/5/5
f 2571/3/5 2558/3/5 2570/3/5
f 2572/6/5 2560/6/5 2559/6/5
f 2572/5/5 2559/5/5 2571/5/5
f 2573/7/5 2562/7/5 2561/7/5
f 2573/6/5 2560/6/5 2572/6/5
f 2573/7/5 2561/7/5 2560/7/5
f 2574/7/5 2562/7/5 2573/7/5
f 2575/4/5 2563/4/5 2562/4/5
f 2575/7/5 2562/7/5 2574/7/5
f 2576/7/5 2564/7/5 2563/7/5
f 2576/4/5 2563/4/5 2575/4/5
f 2577/6/5 2565/6/5 2564/6/5
f 2577/7/5 2564/7/5 2576/7/5
f 2578/5/5 2566/5/5 2565/5/5
f 2578/6/5 2565/6/5 2577/6/5
f 2579/5/5 2566/5/5 2578/5/5
f 2580/8/5 2539/8/5 2423/8/5
f 2581/3/5 2568/3/5 2567/3/5
f 2582/3/5 2568/3/5 2581/3/5
f 2583/1/5 2570/1/5 2569/1/5
f 2584/1/5 2570/1/5 2583/1/5
f 2585/3/5 2572/3/5 2571/3/5
f 2586/3/5 2572/3/5 2585/3/5
f 2587/7/5 2574/7/5 2573/7/5
f 2588/7/5 2574/7/5 2587/7/5
f 2589/5/5 2576/5/5 2575/5/5
f 2590/1/5 2577/1/5 2576/1/5
f 2590/5/5 2576/5/5 2589/5/5
f 2591/1/5 2577/1/5 2590/1/5
f 2592/2/5 2579/2/5 2578/2/5
f 2593/2/5 2579/2/5 2592/2/5
f 2594/8/5 2439/8/5 2553/8/5
f 2595/8/5 2580/8/5 2423/8/5
f 2596/4/5 2581/4/5 2580/4/5
f 2596/8/5 2580/8/5 2595/8/5
f 2597/1/5 2582/1/5 2581/1/5
f 2597/4/5 2581/4/5 2596/4/5
f 2598/6/5 2584/6/5 2583/6/5
f 2598/1/5 2582/1/5 2597/1/5
f 2598/6/5 2583/6/5 2582/6/5
f 2599/6/5 2584/6/5 2598/6/5
f 2600/8/5 2586/8/5 2585/8/5
f 2600/6/5 2584/6/5 2599/6/5
f 2600/8/5 2585/8/5 2584/8/5
f 2601/1/5 2587/1/5 2586/1/5
f 2601/8/5 2586/8/5 2600/8/5
f 2602/5/5 2588/5/5 2587/5/5
f 2602/1/5 2587/1/5 2601/1/5
f 2603/4/5 2589/4/5 2588/4/5
f 2603/5/5 2588/5/5 2602/5/5
f 2604/8/5 2590/8/5 2589/8/5
f 2604/4/5 2589/4/5 2603/4/5
f 2605/7/5 2591/7/5 2590/7/5
f 2605/8/5 2590/8/5 2604/8/5
f 2606/3/5 2592/3/5 2591/3/5
f 2606/7/5 2591/7/5 2605/7/5
f 2607/6/5 2593/6/5 2592/6/5
f 2607/3/5 2592/3/5 2606/3/5
f 2608/4/5 2594/4/5 2593/4/5
f 2608/6/5 2593/6/5 2607/6/5
f 2609/8/5 2439/8/5 2594/8/5
f 2609/4/5 2594/4/5 2608/4/5
f 2610/8/5 2439/8/5 2609/8/5
f 2611/8/5 2597/8/5 2596/8/5
f 2612/8/5 2597/8/5 2611/8/5
f 2613/8/5 2599/8/5 2598/8/5
f 2614/8/5 2599/8/5 2613/8/5
f 2617/2/5 2602/2/5 2601/2/5
f 2618/3/5 2603/3/5 2602/3/5
f 2618/2/5 2602/2/5 2617/2/5
f 2619/3/5 2603/3/5 2618/3/5
f 2622/1/5 2607/1/5 2606/1/5
f 2623/1/5 2607/1/5 2622/1/5
f 2624/8/5 2609/8/5 2608/8/5
f 2625/8/5 2609/8/5 2624/8/5
f 2626/8/5 2615/8/5 2614/8/5
f 2626/8/5 2613/8/5 2612/8/5
f 2626/8/5 2614/8/5 2613/8/5
f 2627/8/5 2615/8/5 2626/8/5
f 2628/8/5 2617/8/5 2616/8/5
f 2628/8/5 2620/8/5 2619/8/5
f 2628/8/5 2618/8/5 2617/8/5
f 2628/8/5 2619/8/5 2618/8/5
f 2629/8/5 2620/8/5 2628/8/5
f 2630/8/5 2623/8/5 2622/8/5
f 2630/8/5 2624/8/5 2623/8/5
f 2630/8/5 2622/8/5 2621/8/5
f 2631/8/5 2624/8/5 2630/8/5
f 2637/8/5 2633/8/5 2632/8/5
f 2638/8/5 2633/8/5 2637/8/5
f 2639/8/5 2635/8/5 2634/8/5
f 2640/8/5 2635/8/5 2639/8/5
f 2642/7/5 2637/7/5 2636/7/5
f 2643/7/5 2637/7/5 2642/7/5
f 2644/7/5 2641/7/5 2640/7/5
f 2645/7/5 2641/7/5 2644/7/5
f 2648/2/5 2647/2/5 2646/2/5
f 2649/2/5 2647/2/5 2648/2/5
f 2654/7/5 2651/7/5 2650/7/5
f 2655/7/5 2651/7/5 2654/7/5
f 2658/7/5 2653/7/5 2652/7/5
f 2659/7/5 2653/7/5 2658/7/5
f 2660/8/5 2656/8/5 2655/8/5
f 2661/8/5 2656/8/5 2660/8/5
f 2662/8/5 2658/8/5 2657/8/5
f 2663/8/5 2658/8/5 2662/8/5
f 2668/7/5 2665/7/5 2664/7/5
f 2669/7/5 2665/7/5 2668/7/5
f 2670/7/5 2667/7/5 2666/7/5
f 2671/7/5 2667/7/5 2670/7/5
f 2676/7/5 2673/7/5 2672/7/5
f 2677/7/5 2673/7/5 2676/7/5
f 2678/7/5 2675/7/5 2674/7/5
f 2679/7/5 2675/7/5 2678/7/5
f 2680/9/6 2681/9/6 2682/9/6
f 2682/9/6 2681/9/6 2683/9/6
f 2684/9/6 2685/9/6 2686/9/6
f 2686/9/6 2685/9/6 2687/9/6
f 2688/9/6 2689/9/6 2690/9/6
f 2690/9/6 2689/9/6 2691/9/6
f 2692/9/6 2693/9/6 2694/9/6
f 2694/9/6 2693/9/6 2695/9/6
f 2696/9/6 2697/9/6 2698/9/6
f 2698/9/6 2697/9/6 2699/9/6
f 2700/9/6 2701/9/6 2702/9/6
f 2702/9/6 2701/9/6 2703/9/6
f 2704/9/6 2705/9/6 2706/9/6
f 2706/9/6 2705/9/6 2707/9/6
f 2708/9/6 2709/9/6 2712/9/6
f 2712/9/6 2709/9/6 2713/9/6
f 2710/9/6 2711/9/6 2714/9/6
f 2714/9/6 2711/9/6 2715/9/6
f 2716/9/6 2717/9/6 2718/9/6
f 2718/9/6 2717/9/6 2719/9/6
f 2720/9/6 2721/9/6 2722/9/6
f 2722/9/6 2721/9/6 2723/9/6
f 2724/9/6 2725/9/6 2726/9/6
f 2726/9/6 2725/9/6 2727/9/6
f 2728/9/6 2729/9/6 2730/9/6
f 2730/9/6 2729/9/6 2731/9/6
f 2732/9/6 2733/9/6 2734/9/6
f 2734/9/6 2733/9/6 2735/9/6
f 2736/9/6 2737/9/6 2738/9/6
f 2738/9/6 2737/9/6 2739/9/6
f 2740/9/6 2741/9/6 2746/9/6
f 2746/9/6 2741/9/6 2747/9/6
f 2742/9/6 2743/9/6 2748/9/6
f 2748/9/6 2743/9/6 2749/9/6
f 2744/9/6 2745/9/6 2750/9/6
f 2750/9/6 2745/9/6 2751/9/6
f 2752/9/6 2753/9/6 2754/9/6
f 2754/9/6 2753/9/6 2755/9/6
f 2756/9/6 2757/9/6 2758/9/6
f 2758/9/6 2757/9/6 2759/9/6
f 2760/9/6 2761/9/6 2762/9/6
f 2762/9/6 2761/9/6 2763/9/6
f 2764/9/6 2765/9/6 2770/9/6
f 2770/9/6 2765/9/6 2771/9/6
f 2766/9/6 2767/9/6 2774/9/6
f 2774/9/6 2767/9/6 2775/9/6
f 2768/9/6 2769/9/6 2776/9/6
f 2776/9/6 2769/9/6 2777/9/6
f 2772/9/6 2773/9/6 2778/9/6
f 2778/9/6 2773/9/6 2779/9/6
f 2780/1/6 2781/1/6 2785/1/6
f 2785/1/6 2781/1/6 2786/1/6
f 2782/1/6 2783/1/6 2787/1/6
f 2787/1/6 2783/1/6 2788/1/6
f 2784/1/6 2785/1/6 2790/1/6
f 2790/1/6 2785/1/6 2791/1/6
f 2788/1/6 2789/1/6 2794/1/6
f 2794/1/6 2789/1/6 2795/1/6
f 2792/9/6 2793/9/6 2796/9/6
f 2796/9/6 2793/9/6 2797/9/6
f 2798/9/6 2799/9/6 2800/9/6
f 2800/9/6 2799/9/6 2801/9/6
f 2802/9/6 2803/9/6 2806/9/6
f 2806/9/6 2803/9/6 2807/9/6
f 2804/1/6 2805/1/6 2810/1/6
f 2810/1/6 2805/1/6 2811/1/6
f 2808/1/6 2809/1/6 2814/1/6
f 2814/1/6 2809/1/6 2815/1/6
f 2811/1/6 2812/1/6 2816/1/6
f 2816/1/6 2812/1/6 2817/1/6
f 2813/1/6 2814/1/6 2818/1/6
f 2818/1/6 2814/1/6 2819/1/6
f 2820/2/6 2821/2/6 2824/2/6
f 2824/2/6 2821/2/6 2825/2/6
f 2822/2/6 2823/2/6 2826/2/6
f 2826/2/6 2823/2/6 2827/2/6
f 2828/2/6 2829/2/6 2832/2/6
f 2832/2/6 2829/2/6 2833/2/6
f 2830/2/6 2831/2/6 2834/2/6
f 2834/2/6 2831/2/6 2835/2/6
f 2836/1/6 2837/1/6 2843/1/6
f 2837/2/6 2838/2/6 2844/2/6
f 2843/1/6 2837/1/6 2844/1/6
f 2844/2/6 2838/2/6 2845/2/6
f 2845/2/6 2838/2/6 2846/2/6
f 2839/2/6 2840/2/6 2847/2/6
f 2847/2/6 2840/2/6 2848/2/6
f 2840/1/6 2841/1/6 2849/1/6
f 2848/2/6 2840/2/6 2849/2/6
f 2849/1/6 2841/1/6 2850/1/6
f 2842/2/6 2843/2/6 2852/2/6
f 2852/2/6 2843/2/6 2853/2/6
f 2850/2/6 2851/2/6 2854/2/6
f 2854/2/6 2851/2/6 2855/2/6
f 2856/2/6 2857/2/6 2860/2/6
f 2860/2/6 2857/2/6 2861/2/6
f 2858/2/6 2859/2/6 2868/2/6
f 2868/2/6 2859/2/6 2869/2/6
f 2861/1/6 2862/1/6 2870/1/6
f 2862/2/6 2863/2/6 2871/2/6
f 2870/1/6 2862/1/6 2871/1/6
f 2863/2/6 2864/2/6 2871/2/6
f 2871/2/6 2864/2/6 2872/2/6
f 2866/2/6 2867/2/6 2873/2/6
f 2865/2/6 2866/2/6 2873/2/6
f 2867/1/6 2868/1/6 2874/1/6
f 2873/2/6 2867/2/6 2874/2/6
f 2874/1/6 2868/1/6 2875/1/6
f 2876/1/6 2877/1/6 2880/1/6
f 2880/1/6 2877/1/6 2881/1/6
f 2878/1/6 2879/1/6 2882/1/6
f 2882/1/6 2879/1/6 2883/1/6
f 2876/1/6 2880/1/6 2884/1/6
f 2884/1/6 2880/1/6 2885/1/6
f 2883/1/6 2879/1/6 2886/1/6
f 2886/1/6 2879/1/6 2887/1/6
f 2888/1/6 2889/1/6 2892/1/6
f 2890/1/6 2891/1/6 2895/1/6
f 2892/1/6 2893/1/6 2896/1/6
f 2888/1/6 2892/1/6 2896/1/6
f 2896/1/6 2893/1/6 2897/1/6
f 2894/1/6 2895/1/6 2898/1/6
f 2895/1/6 2891/1/6 2899/1/6
f 2898/1/6 2895/1/6 2899/1/6
f 2900/1/6 2901/1/6 2904/1/6
f 2904/1/6 2901/1/6 2905/1/6
f 2902/1/6 2903/1/6 2906/1/6
f 2906/1/6 2903/1/6 2907/1/6
f 2908/1/6 2909/1/6 2913/1/6
f 2913/1/6 2909/1/6 2914/1/6
f 2910/1/6 2911/1/6 2915/1/6
f 2915/1/6 2911/1/6 2916/1/6
f 2912/1/6 2913/1/6 2918/1/6
f 2918/1/6 2913/1/6 2919/1/6
f 2916/1/6 2917/1/6 2920/1/6
f 2920/1/6 2917/1/6 2921/1/6
f 2922/1/6 2923/1/6 2926/1/6
f 2926/1/6 2923/1/6 2927/1/6
f 2924/1/6 2925/1/6 2930/1/6
f 2930/1/6 2925/1/6 2931/1/6
f 2927/1/6 2928/1/6 2932/1/6
f 2932/1/6 2928/1/6 2933/1/6
f 2929/1/6 2930/1/6 2934/1/6
f 2934/1/6 2930/1/6 2935/1/6
f 2936/1/6 2937/1/6 2940/1/6
f 2940/1/6 2937/1/6 2941/1/6
f 2938/1/6 2939/1/6 2942/1/6
f 2942/1/6 2939/1/6 2943/1/6
f 2944/1/6 2945/1/6 2947/1/6
f 2947/1/6 2945/1/6 2948/1/6
f 2946/1/6 2947/1/6 2951/1/6
f 2948/1/6 2949/1/6 2951/1/6
f 2947/1/6 2948/1/6 2951/1/6
f 2951/1/6 2949/1/6 2952/1/6
f 2950/1/6 2951/1/6 2954/1/6
f 2954/1/6 2951/1/6 2955/1/6
f 2952/1/6 2953/1/6 2956/1/6
f 2956/1/6 2953/1/6 2957/1/6
f 2950/1/6 2954/1/6 2959/1/6
f 2959/1/6 2954/1/6 2960/1/6
f 2957/1/6 2953/1/6 2961/1/6
f 2961/1/6 2953/1/6 2962/1/6
f 2958/1/6 2959/1/6 2965/1/6
f 2962/1/6 2963/1/6 2966/1/6
f 2964/1/6 2965/1/6 2968/1/6
f 2965/1/6 2959/1/6 2969/1/6
f 2968/1/6 2965/1/6 2969/1/6
f 2966/1/6 2967/1/6 2970/1/6
f 2962/1/6 2966/1/6 2970/1/6
f 2970/1/6 2967/1/6 2971/1/6
f 2969/1/6 2959/1/6 2972/1/6
f 2972/1/6 2959/1/6 2973/1/6
f 2962/1/6 2970/1/6 2976/1/6
f 2976/1/6 2970/1/6 2977/1/6
f 2973/1/6 2974/1/6 2978/1/6
f 2975/1/6 2976/1/6 2981/1/6
f 2978/1/6 2979/1/6 2982/1/6
f 2973/1/6 2978/1/6 2982/1/6
f 2982/1/6 2979/1/6 2983/1/6
f 2980/1/6 2981/1/6 2984/1/6
f 2981/1/6 2976/1/6 2985/1/6
f 2984/1/6 2981/1/6 2985/1/6
f 2983/1/6 2984/1/6 2986/1/6
f 2986/1/6 2984/1/6 2987/1/6
f 2987/1/6 2984/1/6 2988/1/6
f 2988/1/6 2984/1/6 2989/1/6
f 2987/1/6 2988/1/6 2990/1/6
f 2990/1/6 2988/1/6 2991/1/6
f 2992/1/6 2993/1/6 2995/1/6
f 2995/1/6 2993/1/6 2996/1/6
f 2994/1/6 2995/1/6 2999/1/6
f 2996/1/6 2997/1/6 2999/1/6
f 2995/1/6 2996/1/6 2999/1/6
f 2999/1/6 2997/1/6 3000/1/6
f 2998/1/6 2999/1/6 3002/1/6
f 3000/1/6 3001/1/6 3002/1/6
f 2999/1/6 3000/1/6 3002/1/6
f 3002/1/6 3001/1/6 3003/1/6
f 3003/1/6 3001/1/6 3004/1/6
f 3004/1/6 3001/1/6 3005/1/6
f 3003/1/6 3004/1/6 3006/1/6
f 3006/1/6 3004/1/6 3007/1/6
f 3007/1/6 3004/1/6 3008/1/6
f 3008/1/6 3004/1/6 3009/1/6
f 3007/1/6 3008/1/6 3010/1/6
f 3010/1/6 3008/1/6 3011/1/6
