# MagicaVoxel @ Ephtracy

# group
o 

# material
mtllib Sea_Nettle.mtl
usemtl palette

# normals
vn -1 0 0
vn 1 0 0
vn 0 0 1
vn 0 0 -1
vn 0 -1 0
vn 0 1 0

# texcoords
vt 0.00585938 0.5
vt 0.00976562 0.5
vt 0.0410156 0.5
vt 0.0449219 0.5
vt 0.0605469 0.5
vt 0.0917969 0.5
vt 0.560547 0.5

# verts
v -1.4 2.8 0.4
v -1.4 2.8 0.3
v -1.4 2.8 -0.3
v -1.4 2.8 -0.4
v -1.4 3.6 0.4
v -1.4 3.6 0.3
v -1.4 3.6 0.2
v -1.4 3.6 -0.2
v -1.4 3.6 -0.3
v -1.4 3.6 -0.4
v -1.4 4.2 0.3
v -1.4 4.2 0.2
v -1.4 4.2 -0.2
v -1.4 4.2 -0.3
v -1.4 6.9 0.3
v -1.4 6.9 -0.3
v -1.4 7.1 0.3
v -1.4 7.1 -0.3
v -1.3 2.5 0.5
v -1.3 2.5 0.4
v -1.3 2.5 -0.4
v -1.3 2.5 -0.5
v -1.3 2.6 0.5
v -1.3 2.6 0.4
v -1.3 2.6 0.3
v -1.3 2.6 -0.3
v -1.3 2.6 -0.4
v -1.3 2.6 -0.5
v -1.3 2.8 0.4
v -1.3 2.8 0.3
v -1.3 2.8 -0.3
v -1.3 2.8 -0.4
v -1.3 4.2 0.3
v -1.3 4.2 0.2
v -1.3 4.2 -0.2
v -1.3 4.2 -0.3
v -1.3 4.4 0.3
v -1.3 4.4 0.2
v -1.3 4.4 -0.2
v -1.3 4.4 -0.3
v -1.3 6.7 0.6
v -1.3 6.7 0.4
v -1.3 6.7 0.3
v -1.3 6.7 0.2
v -1.3 6.7 -0.2
v -1.3 6.7 -0.3
v -1.3 6.7 -0.4
v -1.3 6.7 -0.6
v -1.3 6.8 0.4
v -1.3 6.8 0.3
v -1.3 6.8 0.0999999
v -1.3 6.8 -0.1
v -1.3 6.8 -0.3
v -1.3 6.8 -0.4
v -1.3 6.9 0.3
v -1.3 6.9 0.2
v -1.3 6.9 0.0999999
v -1.3 6.9 -0.1
v -1.3 6.9 -0.2
v -1.3 6.9 -0.3
v -1.3 7.1 0.6
v -1.3 7.1 0.3
v -1.3 7.1 -0.3
v -1.3 7.1 -0.6
v -1.3 7.2 0.3
v -1.3 7.2 -0.3
v -1.2 1.7 0.5
v -1.2 1.7 0.4
v -1.2 1.7 -0.4
v -1.2 1.7 -0.5
v -1.2 2.5 0.5
v -1.2 2.5 0.4
v -1.2 2.5 -0.4
v -1.2 2.5 -0.5
v -1.2 4.4 0.3
v -1.2 4.4 0.2
v -1.2 4.4 -0.2
v -1.2 4.4 -0.3
v -1.2 4.8 0.3
v -1.2 4.8 0.2
v -1.2 4.8 -0.2
v -1.2 4.8 -0.3
v -1.2 6.5 0.2
v -1.2 6.5 -0.2
v -1.2 6.7 0.7
v -1.2 6.7 0.6
v -1.2 6.7 0.2
v -1.2 6.7 -0.2
v -1.2 6.7 -0.6
v -1.2 6.7 -0.7
v -1.2 6.8 0.7
v -1.2 6.8 0.6
v -1.2 6.8 -0.6
v -1.2 6.8 -0.7
v -1.2 7.1 0.7
v -1.2 7.1 0.6
v -1.2 7.1 0.3
v -1.2 7.1 -0.3
v -1.2 7.1 -0.6
v -1.2 7.1 -0.7
v -1.2 7.2 0.6
v -1.2 7.2 0.3
v -1.2 7.2 -0.3
v -1.2 7.2 -0.6
v -1.1 1.2 0.4
v -1.1 1.2 0.3
v -1.1 1.2 -0.3
v -1.1 1.2 -0.4
v -1.1 1.7 0.4
v -1.1 1.7 -0.4
v -1.1 1.8 0.4
v -1.1 1.8 0.3
v -1.1 1.8 -0.3
v -1.1 1.8 -0.4
v -1.1 4.8 0.3
v -1.1 4.8 0.2
v -1.1 4.8 -0.2
v -1.1 4.8 -0.3
v -1.1 5 0.4
v -1.1 5 0.3
v -1.1 5 -0.3
v -1.1 5 -0.4
v -1.1 5.1 0.3
v -1.1 5.1 0.2
v -1.1 5.1 -0.2
v -1.1 5.1 -0.3
v -1.1 5.7 0.3
v -1.1 5.7 0.2
v -1.1 5.7 -0.2
v -1.1 5.7 -0.3
v -1.1 5.8 0.4
v -1.1 5.8 0.3
v -1.1 5.8 -0.3
v -1.1 5.8 -0.4
v -1.1 6.1 0.3
v -1.1 6.1 0.2
v -1.1 6.1 -0.2
v -1.1 6.1 -0.3
v -1.1 6.4 0.6
v -1.1 6.4 0.5
v -1.1 6.4 0.4
v -1.1 6.4 -0.4
v -1.1 6.4 -0.5
v -1.1 6.4 -0.6
v -1.1 6.5 0.4
v -1.1 6.5 0.3
v -1.1 6.5 0.2
v -1.1 6.5 -0.2
v -1.1 6.5 -0.3
v -1.1 6.5 -0.4
v -1.1 6.6 0.4
v -1.1 6.6 0.3
v -1.1 6.6 0.2
v -1.1 6.6 -0.2
v -1.1 6.6 -0.3
v -1.1 6.6 -0.4
v -1.1 6.7 0.6
v -1.1 6.7 0.5
v -1.1 6.7 0.4
v -1.1 6.7 0.3
v -1.1 6.7 0.2
v -1.1 6.7 -0.2
v -1.1 6.7 -0.3
v -1.1 6.7 -0.4
v -1.1 6.7 -0.5
v -1.1 6.7 -0.6
v -1.1 6.8 0.8
v -1.1 6.8 0.7
v -1.1 6.8 -0.7
v -1.1 6.8 -0.8
v -1.1 6.9 0.8
v -1.1 6.9 0.7
v -1.1 6.9 -0.7
v -1.1 6.9 -0.8
v -1.1 7.2 0.4
v -1.1 7.2 -0.4
v -1.1 7.3 0.4
v -1.1 7.3 0.3
v -1.1 7.3 -0.3
v -1.1 7.3 -0.4
v -1.1 7.4 0.3
v -1.1 7.4 -0.3
v -1 0.8 0.4
v -1 0.8 0.3
v -1 0.8 -0.3
v -1 0.8 -0.4
v -1 1.2 0.4
v -1 1.2 0.3
v -1 1.2 -0.3
v -1 1.2 -0.4
v -1 2.9 1.3
v -1 2.9 1.2
v -1 2.9 -1.2
v -1 2.9 -1.3
v -1 3.3 1.3
v -1 3.3 1.2
v -1 3.3 -1.2
v -1 3.3 -1.3
v -1 6.1 0.3
v -1 6.1 0.2
v -1 6.1 0.0999999
v -1 6.1 -0.1
v -1 6.1 -0.2
v -1 6.1 -0.3
v -1 6.2 0.3
v -1 6.2 0.2
v -1 6.2 -0.2
v -1 6.2 -0.3
v -1 6.5 0.7
v -1 6.5 0.6
v -1 6.5 0.2
v -1 6.5 0.0999999
v -1 6.5 -0.1
v -1 6.5 -0.2
v -1 6.5 -0.6
v -1 6.5 -0.7
v -1 6.6 0.7
v -1 6.6 0.6
v -1 6.6 -0.6
v -1 6.6 -0.7
v -1 6.7 0.8
v -1 6.7 0.7
v -1 6.7 0.6
v -1 6.7 -0.6
v -1 6.7 -0.7
v -1 6.7 -0.8
v -1 6.8 0.8
v -1 6.8 0.7
v -1 6.8 -0.7
v -1 6.8 -0.8
v -1 6.9 0.8
v -1 6.9 0.7
v -1 6.9 -0.7
v -1 6.9 -0.8
v -1 7.1 0.8
v -1 7.1 0.7
v -1 7.1 -0.7
v -1 7.1 -0.8
v -1 7.2 0.5
v -1 7.2 0.4
v -1 7.2 -0.4
v -1 7.2 -0.5
v -1 7.3 0.5
v -1 7.3 0.4
v -1 7.3 0.3
v -1 7.3 -0.3
v -1 7.3 -0.4
v -1 7.3 -0.5
v -1 7.4 0.3
v -1 7.4 -0.3
v -1 7.5 0.4
v -1 7.5 0.2
v -1 7.5 -0.2
v -1 7.5 -0.4
v -1 7.6 0.2
v -1 7.6 -0.2
v -0.9 0.7 0.4
v -0.9 0.7 0.3
v -0.9 0.7 -0.3
v -0.9 0.7 -0.4
v -0.9 0.8 0.4
v -0.9 0.8 0.3
v -0.9 0.8 -0.3
v -0.9 0.8 -0.4
v -0.9 2.1 1.4
v -0.9 2.1 1.3
v -0.9 2.1 -1.3
v -0.9 2.1 -1.4
v -0.9 2.5 1.4
v -0.9 2.5 1.3
v -0.9 2.5 1.2
v -0.9 2.5 -1.2
v -0.9 2.5 -1.3
v -0.9 2.5 -1.4
v -0.9 2.9 1.3
v -0.9 2.9 1.2
v -0.9 2.9 -1.2
v -0.9 2.9 -1.3
v -0.9 3.3 1.3
v -0.9 3.3 1.2
v -0.9 3.3 -1.2
v -0.9 3.3 -1.3
v -0.9 3.7 1.3
v -0.9 3.7 1.2
v -0.9 3.7 -1.2
v -0.9 3.7 -1.3
v -0.9 4.2 0.0999999
v -0.9 4.2 -0.1
v -0.9 4.3 0.0999999
v -0.9 4.3 -0.1
v -0.9 6.3 0.5
v -0.9 6.3 0.4
v -0.9 6.3 -0.4
v -0.9 6.3 -0.5
v -0.9 6.4 0.7
v -0.9 6.4 0.6
v -0.9 6.4 0.5
v -0.9 6.4 0.4
v -0.9 6.4 -0.4
v -0.9 6.4 -0.5
v -0.9 6.4 -0.6
v -0.9 6.4 -0.7
v -0.9 6.5 0.7
v -0.9 6.5 0.6
v -0.9 6.5 -0.6
v -0.9 6.5 -0.7
v -0.9 6.7 0.9
v -0.9 6.7 0.8
v -0.9 6.7 -0.8
v -0.9 6.7 -0.9
v -0.9 6.9 0.9
v -0.9 6.9 0.8
v -0.9 6.9 -0.8
v -0.9 6.9 -0.9
v -0.9 7.1 0.9
v -0.9 7.1 0.8
v -0.9 7.1 0.6
v -0.9 7.1 -0.6
v -0.9 7.1 -0.8
v -0.9 7.1 -0.9
v -0.9 7.2 0.8
v -0.9 7.2 0.6
v -0.9 7.2 0.5
v -0.9 7.2 -0.5
v -0.9 7.2 -0.6
v -0.9 7.2 -0.8
v -0.9 7.3 0.6
v -0.9 7.3 0.5
v -0.9 7.3 0.4
v -0.9 7.3 -0.4
v -0.9 7.3 -0.5
v -0.9 7.3 -0.6
v -0.9 7.5 0.5
v -0.9 7.5 0.4
v -0.9 7.5 0.3
v -0.9 7.5 0.2
v -0.9 7.5 -0.2
v -0.9 7.5 -0.3
v -0.9 7.5 -0.4
v -0.9 7.5 -0.5
v -0.9 7.6 0.3
v -0.9 7.6 0.2
v -0.9 7.6 -0.2
v -0.9 7.6 -0.3
v -0.8 1.3 1.4
v -0.8 1.3 1.3
v -0.8 1.3 -1.3
v -0.8 1.3 -1.4
v -0.8 2.1 1.4
v -0.8 2.1 1.3
v -0.8 2.1 -1.3
v -0.8 2.1 -1.4
v -0.8 3.6 1.2
v -0.8 3.6 1.1
v -0.8 3.6 0.3
v -0.8 3.6 0.2
v -0.8 3.6 -0.2
v -0.8 3.6 -0.3
v -0.8 3.6 -1.1
v -0.8 3.6 -1.2
v -0.8 3.7 1.2
v -0.8 3.7 0.3
v -0.8 3.7 0.2
v -0.8 3.7 -0.2
v -0.8 3.7 -0.3
v -0.8 3.7 -1.2
v -0.8 4.1 0.0999999
v -0.8 4.1 -0.1
v -0.8 4.2 1.1
v -0.8 4.2 1
v -0.8 4.2 0.2
v -0.8 4.2 0.0999999
v -0.8 4.2 -0.1
v -0.8 4.2 -0.2
v -0.8 4.2 -1
v -0.8 4.2 -1.1
v -0.8 4.3 1.2
v -0.8 4.3 1.1
v -0.8 4.3 0.2
v -0.8 4.3 0.0999999
v -0.8 4.3 -0.1
v -0.8 4.3 -0.2
v -0.8 4.3 -1.1
v -0.8 4.3 -1.2
v -0.8 4.4 0.0999999
v -0.8 4.4 -0.1
v -0.8 4.5 1
v -0.8 4.5 0.9
v -0.8 4.5 0.0999999
v -0.8 4.5 -0.1
v -0.8 4.5 -0.9
v -0.8 4.5 -1
v -0.8 4.6 1.1
v -0.8 4.6 1
v -0.8 4.6 -1
v -0.8 4.6 -1.1
v -0.8 4.7 0.0999999
v -0.8 4.7 -0.1
v -0.8 5.2 1
v -0.8 5.2 0.9
v -0.8 5.2 -0.9
v -0.8 5.2 -1
v -0.8 5.5 0.9
v -0.8 5.5 0.8
v -0.8 5.5 -0.8
v -0.8 5.5 -0.9
v -0.8 5.8 0.8
v -0.8 5.8 0.7
v -0.8 5.8 -0.7
v -0.8 5.8 -0.8
v -0.8 5.9 0.9
v -0.8 5.9 0.8
v -0.8 5.9 -0.8
v -0.8 5.9 -0.9
v -0.8 6.2 0.7
v -0.8 6.2 0.6
v -0.8 6.2 0.2
v -0.8 6.2 -0.2
v -0.8 6.2 -0.6
v -0.8 6.2 -0.7
v -0.8 6.3 0.8
v -0.8 6.3 0.7
v -0.8 6.3 0.4
v -0.8 6.3 0.3
v -0.8 6.3 -0.3
v -0.8 6.3 -0.4
v -0.8 6.3 -0.7
v -0.8 6.3 -0.8
v -0.8 6.4 0.7
v -0.8 6.4 0.6
v -0.8 6.4 0.4
v -0.8 6.4 0.3
v -0.8 6.4 -0.3
v -0.8 6.4 -0.4
v -0.8 6.4 -0.6
v -0.8 6.4 -0.7
v -0.8 6.5 0.8
v -0.8 6.5 0.7
v -0.8 6.5 0.4
v -0.8 6.5 0.3
v -0.8 6.5 0.2
v -0.8 6.5 -0.2
v -0.8 6.5 -0.3
v -0.8 6.5 -0.4
v -0.8 6.5 -0.7
v -0.8 6.5 -0.8
v -0.8 6.7 0.8
v -0.8 6.7 0.7
v -0.8 6.7 -0.7
v -0.8 6.7 -0.8
v -0.8 6.8 1
v -0.8 6.8 0.9
v -0.8 6.8 -0.9
v -0.8 6.8 -1
v -0.8 6.9 1
v -0.8 6.9 0.9
v -0.8 6.9 -0.9
v -0.8 6.9 -1
v -0.8 7.2 0.7
v -0.8 7.2 0.6
v -0.8 7.2 -0.6
v -0.8 7.2 -0.7
v -0.8 7.3 0.7
v -0.8 7.3 0.6
v -0.8 7.3 0.5
v -0.8 7.3 -0.5
v -0.8 7.3 -0.6
v -0.8 7.3 -0.7
v -0.8 7.5 0.6
v -0.8 7.5 0.5
v -0.8 7.5 0.3
v -0.8 7.5 -0.3
v -0.8 7.5 -0.5
v -0.8 7.5 -0.6
v -0.8 7.6 0.5
v -0.8 7.6 0.3
v -0.8 7.6 -0.3
v -0.8 7.6 -0.5
v -0.7 0.9 1.3
v -0.7 0.9 1.2
v -0.7 0.9 -1.2
v -0.7 0.9 -1.3
v -0.7 1.3 1.3
v -0.7 1.3 -1.3
v -0.7 1.4 1.3
v -0.7 1.4 1.2
v -0.7 1.4 -1.2
v -0.7 1.4 -1.3
v -0.7 2.3 0.0999999
v -0.7 2.3 -0.1
v -0.7 2.8 0.2
v -0.7 2.8 0.0999999
v -0.7 2.8 -0.1
v -0.7 2.8 -0.2
v -0.7 2.9 0.2
v -0.7 2.9 0.0999999
v -0.7 2.9 -0.1
v -0.7 2.9 -0.2
v -0.7 3 0.2
v -0.7 3 0.0999999
v -0.7 3 -0.1
v -0.7 3 -0.2
v -0.7 3.1 0
v -0.7 3.1 -0.1
v -0.7 3.3 0.2
v -0.7 3.3 0.0999999
v -0.7 3.3 0
v -0.7 3.3 -0.1
v -0.7 3.3 -0.2
v -0.7 3.4 0.2
v -0.7 3.4 0.0999999
v -0.7 3.4 -0.1
v -0.7 3.4 -0.2
v -0.7 3.5 0.3
v -0.7 3.5 0.2
v -0.7 3.5 -0.2
v -0.7 3.5 -0.3
v -0.7 3.6 0.3
v -0.7 3.6 0.2
v -0.7 3.6 -0.2
v -0.7 3.6 -0.3
v -0.7 3.7 0.3
v -0.7 3.7 0.2
v -0.7 3.7 -0.2
v -0.7 3.7 -0.3
v -0.7 4 0.4
v -0.7 4 0.3
v -0.7 4 -0.3
v -0.7 4 -0.4
v -0.7 4.1 0.4
v -0.7 4.1 0.2
v -0.7 4.1 0.0999999
v -0.7 4.1 -0.1
v -0.7 4.1 -0.2
v -0.7 4.1 -0.4
v -0.7 4.2 0.3
v -0.7 4.2 0.2
v -0.7 4.2 0.0999999
v -0.7 4.2 -0.1
v -0.7 4.2 -0.2
v -0.7 4.2 -0.3
v -0.7 4.3 0.3
v -0.7 4.3 0.2
v -0.7 4.3 -0.2
v -0.7 4.3 -0.3
v -0.7 4.4 0.2
v -0.7 4.4 0.0999999
v -0.7 4.4 -0.1
v -0.7 4.4 -0.2
v -0.7 4.5 0.0999999
v -0.7 4.5 -0.1
v -0.7 4.7 0.2
v -0.7 4.7 0.0999999
v -0.7 4.7 -0.1
v -0.7 4.7 -0.2
v -0.7 4.9 0.0999999
v -0.7 4.9 -0.1
v -0.7 5 0.2
v -0.7 5 0.0999999
v -0.7 5 -0.1
v -0.7 5 -0.2
v -0.7 5.1 0.9
v -0.7 5.1 0.8
v -0.7 5.1 0.2
v -0.7 5.1 0.0999999
v -0.7 5.1 -0.1
v -0.7 5.1 -0.2
v -0.7 5.1 -0.8
v -0.7 5.1 -0.9
v -0.7 5.2 0.9
v -0.7 5.2 -0.9
v -0.7 5.4 0.0999999
v -0.7 5.4 -0.1
v -0.7 5.5 0.9
v -0.7 5.5 0.8
v -0.7 5.5 0.2
v -0.7 5.5 0.0999999
v -0.7 5.5 -0.1
v -0.7 5.5 -0.2
v -0.7 5.5 -0.8
v -0.7 5.5 -0.9
v -0.7 6.2 0.5
v -0.7 6.2 0.4
v -0.7 6.2 0.2
v -0.7 6.2 -0.2
v -0.7 6.2 -0.4
v -0.7 6.2 -0.5
v -0.7 6.3 0.6
v -0.7 6.3 0.5
v -0.7 6.3 0.4
v -0.7 6.3 -0.4
v -0.7 6.3 -0.5
v -0.7 6.3 -0.6
v -0.7 6.4 0.3
v -0.7 6.4 0.2
v -0.7 6.4 -0.2
v -0.7 6.4 -0.3
v -0.7 6.5 0.9
v -0.7 6.5 0.8
v -0.7 6.5 0.6
v -0.7 6.5 0.5
v -0.7 6.5 0.3
v -0.7 6.5 0.2
v -0.7 6.5 -0.2
v -0.7 6.5 -0.3
v -0.7 6.5 -0.5
v -0.7 6.5 -0.6
v -0.7 6.5 -0.8
v -0.7 6.5 -0.9
v -0.7 6.7 1
v -0.7 6.7 0.9
v -0.7 6.7 0.8
v -0.7 6.7 -0.8
v -0.7 6.7 -0.9
v -0.7 6.7 -1
v -0.7 6.8 1.1
v -0.7 6.8 1
v -0.7 6.8 0.9
v -0.7 6.8 -0.9
v -0.7 6.8 -1
v -0.7 6.8 -1.1
v -0.7 6.9 1.1
v -0.7 6.9 1
v -0.7 6.9 0.9
v -0.7 6.9 -0.9
v -0.7 6.9 -1
v -0.7 6.9 -1.1
v -0.7 7 1
v -0.7 7 0.9
v -0.7 7 -0.9
v -0.7 7 -1
v -0.7 7.3 0.7
v -0.7 7.3 0.6
v -0.7 7.3 -0.6
v -0.7 7.3 -0.7
v -0.7 7.4 0.7
v -0.7 7.4 0.6
v -0.7 7.4 -0.6
v -0.7 7.4 -0.7
v -0.7 7.5 0.6
v -0.7 7.5 0.5
v -0.7 7.5 -0.5
v -0.7 7.5 -0.6
v -0.7 7.6 0.6
v -0.7 7.6 0.5
v -0.7 7.6 -0.5
v -0.7 7.6 -0.6
v -0.6 1.2 0.0999999
v -0.6 1.2 0
v -0.6 1.3 0
v -0.6 1.3 -0.1
v -0.6 1.4 0.0999999
v -0.6 1.4 0
v -0.6 1.5 -0.1
v -0.6 1.5 -0.2
v -0.6 1.6 0.0999999
v -0.6 1.6 0
v -0.6 1.6 -0.1
v -0.6 1.6 -0.2
v -0.6 1.8 0.2
v -0.6 1.8 0.0999999
v -0.6 1.8 0
v -0.6 1.8 -0.1
v -0.6 1.9 0.2
v -0.6 1.9 0.0999999
v -0.6 2.1 0
v -0.6 2.1 -0.1
v -0.6 2.3 0.0999999
v -0.6 2.3 -0.1
v -0.6 2.4 0.2
v -0.6 2.4 0.0999999
v -0.6 2.4 -0.1
v -0.6 2.4 -0.2
v -0.6 2.5 0.2
v -0.6 2.5 0.0999999
v -0.6 2.5 -0.1
v -0.6 2.5 -0.2
v -0.6 2.7 0.2
v -0.6 2.7 0.0999999
v -0.6 2.8 0.2
v -0.6 2.8 0.0999999
v -0.6 2.8 -0.1
v -0.6 2.9 0.2
v -0.6 2.9 0.0999999
v -0.6 2.9 -0.1
v -0.6 2.9 -0.2
v -0.6 3 0.2
v -0.6 3 0.0999999
v -0.6 3 -0.1
v -0.6 3 -0.2
v -0.6 3.1 0
v -0.6 3.1 -0.1
v -0.6 3.3 0.3
v -0.6 3.3 0.2
v -0.6 3.3 0.0999999
v -0.6 3.3 0
v -0.6 3.3 -0.1
v -0.6 3.3 -0.2
v -0.6 3.3 -0.3
v -0.6 3.4 0.2
v -0.6 3.4 0.0999999
v -0.6 3.4 -0.1
v -0.6 3.4 -0.2
v -0.6 3.5 0.3
v -0.6 3.5 0.2
v -0.6 3.5 -0.2
v -0.6 3.5 -0.3
v -0.6 4.3 0.2
v -0.6 4.3 0.0999999
v -0.6 4.3 -0.1
v -0.6 4.3 -0.2
v -0.6 4.4 0.2
v -0.6 4.4 0.0999999
v -0.6 4.4 -0.1
v -0.6 4.4 -0.2
v -0.6 4.9 0.0999999
v -0.6 4.9 -0.1
v -0.6 5 0.0999999
v -0.6 5 -0.1
v -0.6 5.1 0.2
v -0.6 5.1 0.0999999
v -0.6 5.1 -0.1
v -0.6 5.1 -0.2
v -0.6 5.4 0.0999999
v -0.6 5.4 -0.1
v -0.6 5.5 0.2
v -0.6 5.5 0.0999999
v -0.6 5.5 -0.1
v -0.6 5.5 -0.2
v -0.6 6 0.4
v -0.6 6 0.3
v -0.6 6 -0.3
v -0.6 6 -0.4
v -0.6 6.1 0.4
v -0.6 6.1 0.3
v -0.6 6.1 -0.3
v -0.6 6.1 -0.4
v -0.6 6.2 0.4
v -0.6 6.2 0.3
v -0.6 6.2 0.2
v -0.6 6.2 -0.2
v -0.6 6.2 -0.3
v -0.6 6.2 -0.4
v -0.6 6.3 0.4
v -0.6 6.3 0.3
v -0.6 6.3 -0.3
v -0.6 6.3 -0.4
v -0.6 6.4 1
v -0.6 6.4 0.8
v -0.6 6.4 0.3
v -0.6 6.4 0.2
v -0.6 6.4 -0.2
v -0.6 6.4 -0.3
v -0.6 6.4 -0.8
v -0.6 6.4 -1
v -0.6 6.5 1
v -0.6 6.5 0.9
v -0.6 6.5 0.8
v -0.6 6.5 -0.8
v -0.6 6.5 -0.9
v -0.6 6.5 -1
v -0.6 6.7 1.1
v -0.6 6.7 1
v -0.6 6.7 0.9
v -0.6 6.7 -0.9
v -0.6 6.7 -1
v -0.6 6.7 -1.1
v -0.6 6.8 1.1
v -0.6 6.8 1
v -0.6 6.8 -1
v -0.6 6.8 -1.1
v -0.6 6.9 1.1
v -0.6 6.9 1
v -0.6 6.9 -1
v -0.6 6.9 -1.1
v -0.6 7 1.1
v -0.6 7 1
v -0.6 7 0.9
v -0.6 7 -0.9
v -0.6 7 -1
v -0.6 7 -1.1
v -0.6 7.1 0.9
v -0.6 7.1 0.8
v -0.6 7.1 -0.8
v -0.6 7.1 -0.9
v -0.6 7.2 1
v -0.6 7.2 0.8
v -0.6 7.2 0.7
v -0.6 7.2 -0.7
v -0.6 7.2 -0.8
v -0.6 7.2 -1
v -0.6 7.3 0.8
v -0.6 7.3 0.7
v -0.6 7.3 -0.7
v -0.6 7.3 -0.8
v -0.6 7.4 0.7
v -0.6 7.4 0.6
v -0.6 7.4 -0.6
v -0.6 7.4 -0.7
v -0.6 7.5 0.7
v -0.6 7.5 0.6
v -0.6 7.5 -0.6
v -0.6 7.5 -0.7
v -0.5 1.2 1.7
v -0.5 1.2 1.6
v -0.5 1.2 -1.6
v -0.5 1.2 -1.7
v -0.5 1.4 1.7
v -0.5 1.4 1.6
v -0.5 1.4 -1.6
v -0.5 1.4 -1.7
v -0.5 6.3 0.8
v -0.5 6.3 0.6
v -0.5 6.3 0.5
v -0.5 6.3 -0.5
v -0.5 6.3 -0.6
v -0.5 6.3 -0.8
v -0.5 6.4 1.1
v -0.5 6.4 1
v -0.5 6.4 0.8
v -0.5 6.4 0.6
v -0.5 6.4 0.5
v -0.5 6.4 -0.5
v -0.5 6.4 -0.6
v -0.5 6.4 -0.8
v -0.5 6.4 -1
v -0.5 6.4 -1.1
v -0.5 6.5 1
v -0.5 6.5 0.8
v -0.5 6.5 0.6
v -0.5 6.5 -0.6
v -0.5 6.5 -0.8
v -0.5 6.5 -1
v -0.5 6.7 1.1
v -0.5 6.7 1
v -0.5 6.7 -1
v -0.5 6.7 -1.1
v -0.5 7 1.1
v -0.5 7 1
v -0.5 7 -1
v -0.5 7 -1.1
v -0.5 7.1 1.1
v -0.5 7.1 1
v -0.5 7.1 -1
v -0.5 7.1 -1.1
v -0.5 7.3 0.8
v -0.5 7.3 0.7
v -0.5 7.3 -0.7
v -0.5 7.3 -0.8
v -0.5 7.4 0.8
v -0.5 7.4 0.7
v -0.5 7.4 -0.7
v -0.5 7.4 -0.8
v -0.5 7.5 0.7
v -0.5 7.5 0.6
v -0.5 7.5 -0.6
v -0.5 7.5 -0.7
v -0.5 7.6 0.7
v -0.5 7.6 0.6
v -0.5 7.6 -0.6
v -0.5 7.6 -0.7
v -0.4 1.4 1.7
v -0.4 1.4 1.6
v -0.4 1.4 -1.6
v -0.4 1.4 -1.7
v -0.4 1.7 1.8
v -0.4 1.7 1.7
v -0.4 1.7 1.6
v -0.4 1.7 -1.6
v -0.4 1.7 -1.7
v -0.4 1.7 -1.8
v -0.4 2.1 1.8
v -0.4 2.1 1.7
v -0.4 2.1 1.6
v -0.4 2.1 -1.6
v -0.4 2.1 -1.7
v -0.4 2.1 -1.8
v -0.4 2.7 1.7
v -0.4 2.7 1.6
v -0.4 2.7 1.5
v -0.4 2.7 -1.5
v -0.4 2.7 -1.6
v -0.4 2.7 -1.7
v -0.4 3.2 1.6
v -0.4 3.2 1.5
v -0.4 3.2 -1.5
v -0.4 3.2 -1.6
v -0.4 4.5 1.4
v -0.4 4.5 1.3
v -0.4 4.5 -1.3
v -0.4 4.5 -1.4
v -0.4 4.7 1.4
v -0.4 4.7 1.3
v -0.4 4.7 1.2
v -0.4 4.7 -1.2
v -0.4 4.7 -1.3
v -0.4 4.7 -1.4
v -0.4 4.9 1.3
v -0.4 4.9 1.2
v -0.4 4.9 1.1
v -0.4 4.9 -1.1
v -0.4 4.9 -1.2
v -0.4 4.9 -1.3
v -0.4 5.2 1.2
v -0.4 5.2 1.1
v -0.4 5.2 1
v -0.4 5.2 -1
v -0.4 5.2 -1.1
v -0.4 5.2 -1.2
v -0.4 5.4 1.1
v -0.4 5.4 1
v -0.4 5.4 -1
v -0.4 5.4 -1.1
v -0.4 5.7 0.2
v -0.4 5.7 0.0999999
v -0.4 5.7 -0.1
v -0.4 5.7 -0.2
v -0.4 5.8 0.2
v -0.4 5.8 0.0999999
v -0.4 5.8 -0.1
v -0.4 5.8 -0.2
v -0.4 6.1 1
v -0.4 6.1 0.9
v -0.4 6.1 0.5
v -0.4 6.1 0.2
v -0.4 6.1 -0.2
v -0.4 6.1 -0.5
v -0.4 6.1 -0.9
v -0.4 6.1 -1
v -0.4 6.2 0.8
v -0.4 6.2 0.5
v -0.4 6.2 0.3
v -0.4 6.2 0.2
v -0.4 6.2 -0.2
v -0.4 6.2 -0.3
v -0.4 6.2 -0.5
v -0.4 6.2 -0.8
v -0.4 6.3 1
v -0.4 6.3 0.9
v -0.4 6.3 0.8
v -0.4 6.3 0.6
v -0.4 6.3 0.5
v -0.4 6.3 0.4
v -0.4 6.3 0.3
v -0.4 6.3 0.2
v -0.4 6.3 -0.2
v -0.4 6.3 -0.3
v -0.4 6.3 -0.4
v -0.4 6.3 -0.5
v -0.4 6.3 -0.6
v -0.4 6.3 -0.8
v -0.4 6.3 -0.9
v -0.4 6.3 -1
v -0.4 6.4 0.4
v -0.4 6.4 0.3
v -0.4 6.4 -0.3
v -0.4 6.4 -0.4
v -0.4 6.7 1.2
v -0.4 6.7 1.1
v -0.4 6.7 -1.1
v -0.4 6.7 -1.2
v -0.4 6.8 1.2
v -0.4 6.8 1.1
v -0.4 6.8 -1.1
v -0.4 6.8 -1.2
v -0.4 6.9 1.2
v -0.4 6.9 1.1
v -0.4 6.9 -1.1
v -0.4 6.9 -1.2
v -0.4 7.1 1.1
v -0.4 7.1 1
v -0.4 7.1 -1
v -0.4 7.1 -1.1
v -0.4 7.2 1.1
v -0.4 7.2 1
v -0.4 7.2 0.8
v -0.4 7.2 -0.8
v -0.4 7.2 -1
v -0.4 7.2 -1.1
v -0.4 7.3 1
v -0.4 7.3 0.9
v -0.4 7.3 -0.9
v -0.4 7.3 -1
v -0.4 7.4 0.9
v -0.4 7.4 0.8
v -0.4 7.4 0.7
v -0.4 7.4 -0.7
v -0.4 7.4 -0.8
v -0.4 7.4 -0.9
v -0.4 7.6 0.8
v -0.4 7.6 0.7
v -0.4 7.6 -0.7
v -0.4 7.6 -0.8
v -0.3 3.2 1.6
v -0.3 3.2 1.5
v -0.3 3.2 -1.5
v -0.3 3.2 -1.6
v -0.3 3.5 1.6
v -0.3 3.5 1.5
v -0.3 3.5 1.4
v -0.3 3.5 -1.4
v -0.3 3.5 -1.5
v -0.3 3.5 -1.6
v -0.3 3.8 0.6
v -0.3 3.8 0.5
v -0.3 3.8 -0.5
v -0.3 3.8 -0.6
v -0.3 3.9 0.7
v -0.3 3.9 0.6
v -0.3 3.9 -0.6
v -0.3 3.9 -0.7
v -0.3 4 0.7
v -0.3 4 0.5
v -0.3 4 -0.5
v -0.3 4 -0.7
v -0.3 4.2 1.5
v -0.3 4.2 1.4
v -0.3 4.2 1.3
v -0.3 4.2 -1.3
v -0.3 4.2 -1.4
v -0.3 4.2 -1.5
v -0.3 4.5 1.4
v -0.3 4.5 1.3
v -0.3 4.5 -1.3
v -0.3 4.5 -1.4
v -0.3 5.2 0.6
v -0.3 5.2 0.4
v -0.3 5.2 -0.4
v -0.3 5.2 -0.6
v -0.3 5.3 0.6
v -0.3 5.3 0.4
v -0.3 5.3 -0.4
v -0.3 5.3 -0.6
v -0.3 5.4 1.1
v -0.3 5.4 1
v -0.3 5.4 -1
v -0.3 5.4 -1.1
v -0.3 5.9 0.6
v -0.3 5.9 0.5
v -0.3 5.9 -0.5
v -0.3 5.9 -0.6
v -0.3 6 0.2
v -0.3 6 0.0999999
v -0.3 6 -0.1
v -0.3 6 -0.2
v -0.3 6.1 1.1
v -0.3 6.1 1
v -0.3 6.1 0.9
v -0.3 6.1 0.8
v -0.3 6.1 0.5
v -0.3 6.1 0.2
v -0.3 6.1 0.0999999
v -0.3 6.1 -0.1
v -0.3 6.1 -0.2
v -0.3 6.1 -0.5
v -0.3 6.1 -0.8
v -0.3 6.1 -0.9
v -0.3 6.1 -1
v -0.3 6.1 -1.1
v -0.3 6.2 0.9
v -0.3 6.2 0.8
v -0.3 6.2 0.6
v -0.3 6.2 0.5
v -0.3 6.2 0.2
v -0.3 6.2 -0.2
v -0.3 6.2 -0.5
v -0.3 6.2 -0.6
v -0.3 6.2 -0.8
v -0.3 6.2 -0.9
v -0.3 6.3 1
v -0.3 6.3 0.9
v -0.3 6.3 0.2
v -0.3 6.3 -0.2
v -0.3 6.3 -0.9
v -0.3 6.3 -1
v -0.3 6.4 1
v -0.3 6.4 -1
v -0.3 6.5 1
v -0.3 6.5 0.9
v -0.3 6.5 -0.9
v -0.3 6.5 -1
v -0.3 6.7 1.3
v -0.3 6.7 1.2
v -0.3 6.7 -1.2
v -0.3 6.7 -1.3
v -0.3 6.8 1.3
v -0.3 6.8 1.2
v -0.3 6.8 -1.2
v -0.3 6.8 -1.3
v -0.3 6.9 1.2
v -0.3 6.9 1.1
v -0.3 6.9 -1.1
v -0.3 6.9 -1.2
v -0.3 7 1.2
v -0.3 7 1.1
v -0.3 7 -1.1
v -0.3 7 -1.2
v -0.3 7.3 1
v -0.3 7.3 0.9
v -0.3 7.3 -0.9
v -0.3 7.3 -1
v -0.3 7.4 1
v -0.3 7.4 0.9
v -0.3 7.4 0.8
v -0.3 7.4 -0.8
v -0.3 7.4 -0.9
v -0.3 7.4 -1
v -0.3 7.5 0.9
v -0.3 7.5 0.8
v -0.3 7.5 -0.8
v -0.3 7.5 -0.9
v -0.2 3.3 1
v -0.2 3.3 0.7
v -0.2 3.3 -0.7
v -0.2 3.3 -1
v -0.2 3.9 0.7
v -0.2 3.9 -0.7
v -0.2 4 0.7
v -0.2 4 0.5
v -0.2 4 0.4
v -0.2 4 -0.4
v -0.2 4 -0.5
v -0.2 4 -0.7
v -0.2 4.1 1
v -0.2 4.1 0.8
v -0.2 4.1 -0.8
v -0.2 4.1 -1
v -0.2 4.3 0.4
v -0.2 4.3 0.3
v -0.2 4.3 -0.3
v -0.2 4.3 -0.4
v -0.2 4.5 0.4
v -0.2 4.5 0.3
v -0.2 4.5 -0.3
v -0.2 4.5 -0.4
v -0.2 4.6 0.8
v -0.2 4.6 0.6
v -0.2 4.6 -0.6
v -0.2 4.6 -0.8
v -0.2 5.2 0.6
v -0.2 5.2 0.4
v -0.2 5.2 -0.4
v -0.2 5.2 -0.6
v -0.2 5.3 0.6
v -0.2 5.3 0.4
v -0.2 5.3 -0.4
v -0.2 5.3 -0.6
v -0.2 5.4 0.4
v -0.2 5.4 0.2
v -0.2 5.4 -0.2
v -0.2 5.4 -0.4
v -0.2 5.6 0.4
v -0.2 5.6 0.3
v -0.2 5.6 0.2
v -0.2 5.6 -0.2
v -0.2 5.6 -0.3
v -0.2 5.6 -0.4
v -0.2 5.7 0.3
v -0.2 5.7 0.2
v -0.2 5.7 -0.2
v -0.2 5.7 -0.3
v -0.2 5.9 0.6
v -0.2 5.9 0.5
v -0.2 5.9 -0.5
v -0.2 5.9 -0.6
v -0.2 6.1 0.7
v -0.2 6.1 0.6
v -0.2 6.1 0.5
v -0.2 6.1 0.3
v -0.2 6.1 0.2
v -0.2 6.1 -0.2
v -0.2 6.1 -0.3
v -0.2 6.1 -0.5
v -0.2 6.1 -0.6
v -0.2 6.1 -0.7
v -0.2 6.2 0.6
v -0.2 6.2 0.5
v -0.2 6.2 0.3
v -0.2 6.2 0.2
v -0.2 6.2 -0.2
v -0.2 6.2 -0.3
v -0.2 6.2 -0.5
v -0.2 6.2 -0.6
v -0.2 6.3 0.7
v -0.2 6.3 0.6
v -0.2 6.3 0.5
v -0.2 6.3 -0.5
v -0.2 6.3 -0.6
v -0.2 6.3 -0.7
v -0.2 6.4 1.2
v -0.2 6.4 1.1
v -0.2 6.4 0.6
v -0.2 6.4 0.5
v -0.2 6.4 -0.5
v -0.2 6.4 -0.6
v -0.2 6.4 -1.1
v -0.2 6.4 -1.2
v -0.2 6.6 1.2
v -0.2 6.6 1.1
v -0.2 6.6 -1.1
v -0.2 6.6 -1.2
v -0.2 6.7 1.2
v -0.2 6.7 1.1
v -0.2 6.7 -1.1
v -0.2 6.7 -1.2
v -0.2 6.8 1.3
v -0.2 6.8 1.2
v -0.2 6.8 -1.2
v -0.2 6.8 -1.3
v -0.2 6.9 1.3
v -0.2 6.9 1.2
v -0.2 6.9 -1.2
v -0.2 6.9 -1.3
v -0.2 7.5 0.9
v -0.2 7.5 0.8
v -0.2 7.5 -0.8
v -0.2 7.5 -0.9
v -0.2 7.6 0.9
v -0.2 7.6 0.8
v -0.2 7.6 -0.8
v -0.2 7.6 -0.9
v -0.1 2.5 0.8
v -0.1 2.5 0.7
v -0.1 2.5 -0.7
v -0.1 2.5 -0.8
v -0.1 2.6 0.8
v -0.1 2.6 0.7
v -0.1 2.6 -0.7
v -0.1 2.6 -0.8
v -0.1 2.9 0.9
v -0.1 2.9 0.7
v -0.1 2.9 -0.7
v -0.1 2.9 -0.9
v -0.1 3 1
v -0.1 3 0.9
v -0.1 3 0.7
v -0.1 3 -0.7
v -0.1 3 -0.9
v -0.1 3 -1
v -0.1 3.1 0.9
v -0.1 3.1 0.8
v -0.1 3.1 -0.8
v -0.1 3.1 -0.9
v -0.1 3.2 0.8
v -0.1 3.2 0.7
v -0.1 3.2 -0.7
v -0.1 3.2 -0.8
v -0.1 3.3 1
v -0.1 3.3 0.7
v -0.1 3.3 0.6
v -0.1 3.3 -0.6
v -0.1 3.3 -0.7
v -0.1 3.3 -1
v -0.1 3.6 0.6
v -0.1 3.6 0.5
v -0.1 3.6 -0.5
v -0.1 3.6 -0.6
v -0.1 3.8 0.5
v -0.1 3.8 0.4
v -0.1 3.8 -0.4
v -0.1 3.8 -0.5
v -0.1 3.9 0.7
v -0.1 3.9 0.5
v -0.1 3.9 -0.5
v -0.1 3.9 -0.7
v -0.1 4 0.5
v -0.1 4 0.4
v -0.1 4 -0.4
v -0.1 4 -0.5
v -0.1 4.5 0.4
v -0.1 4.5 0.3
v -0.1 4.5 -0.3
v -0.1 4.5 -0.4
v -0.1 4.6 0.8
v -0.1 4.6 0.6
v -0.1 4.6 0.4
v -0.1 4.6 0.3
v -0.1 4.6 -0.3
v -0.1 4.6 -0.4
v -0.1 4.6 -0.6
v -0.1 4.6 -0.8
v -0.1 5.1 0.8
v -0.1 5.1 0.6
v -0.1 5.1 -0.6
v -0.1 5.1 -0.8
v -0.1 5.2 0.7
v -0.1 5.2 0.6
v -0.1 5.2 -0.6
v -0.1 5.2 -0.7
v -0.1 5.4 0.7
v -0.1 5.4 0.6
v -0.1 5.4 -0.6
v -0.1 5.4 -0.7
v -0.1 5.5 0.7
v -0.1 5.5 0.6
v -0.1 5.5 -0.6
v -0.1 5.5 -0.7
v -0.1 5.7 0.3
v -0.1 5.7 0.2
v -0.1 5.7 -0.2
v -0.1 5.7 -0.3
v -0.1 5.9 0.2
v -0.1 5.9 0.0999999
v -0.1 5.9 -0.1
v -0.1 5.9 -0.2
v -0.1 6 0.3
v -0.1 6 0.2
v -0.1 6 0.0999999
v -0.1 6 -0.1
v -0.1 6 -0.2
v -0.1 6 -0.3
v -0.1 6.1 0.7
v -0.1 6.1 0.6
v -0.1 6.1 0.3
v -0.1 6.1 0.2
v -0.1 6.1 0.0999999
v -0.1 6.1 -0.1
v -0.1 6.1 -0.2
v -0.1 6.1 -0.3
v -0.1 6.1 -0.6
v -0.1 6.1 -0.7
v -0.1 6.2 0.0999999
v -0.1 6.2 -0.1
v -0.1 6.3 0.7
v -0.1 6.3 0.6
v -0.1 6.3 -0.6
v -0.1 6.3 -0.7
v -0.1 6.4 0.7
v -0.1 6.4 -0.7
v -0.1 6.5 0.7
v -0.1 6.5 0.6
v -0.1 6.5 -0.6
v -0.1 6.5 -0.7
v 0 2.6 0.8
v 0 2.6 0.7
v 0 2.6 -0.7
v 0 2.6 -0.8
v 0 2.6 -0.9
v 0 2.8 -0.8
v 0 2.8 -0.9
v 0 2.9 0.8
v 0 2.9 0.7
v 0 2.9 -0.7
v 0 2.9 -0.8
v 0 3 0.9
v 0 3 0.7
v 0 3 -0.7
v 0 3 -0.9
v 0 3.1 0.9
v 0 3.1 0.8
v 0 3.1 -0.8
v 0 3.1 -0.9
v 0 3.2 0.8
v 0 3.2 0.7
v 0 3.2 -0.7
v 0 3.2 -0.8
v 0 3.5 1
v 0 3.5 0.9
v 0 3.5 -0.9
v 0 3.5 -1
v 0 3.6 1
v 0 3.6 0.9
v 0 3.6 -0.9
v 0 3.6 -1
v 0 3.7 1
v 0 3.7 0.9
v 0 3.7 -0.9
v 0 3.7 -1
v 0 3.9 1
v 0 3.9 0.9
v 0 3.9 -0.9
v 0 3.9 -1
v 0.1 3.9 1
v 0.1 3.9 0.9
v 0.1 3.9 -0.9
v 0.1 3.9 -1
v 0.1 4 0.9
v 0.1 4 0.8
v 0.1 4 -0.8
v 0.1 4 -0.9
v 0.1 4.1 1
v 0.1 4.1 0.8
v 0.1 4.1 -0.8
v 0.1 4.1 -1
v 0.1 4.3 0.4
v 0.1 4.3 0.3
v 0.1 4.3 -0.3
v 0.1 4.3 -0.4
v 0.1 4.4 0.4
v 0.1 4.4 0.3
v 0.1 4.4 -0.3
v 0.1 4.4 -0.4
v 0.1 5.4 0.4
v 0.1 5.4 0.2
v 0.1 5.4 -0.2
v 0.1 5.4 -0.4
v 0.1 5.5 0.4
v 0.1 5.5 0.3
v 0.1 5.5 -0.3
v 0.1 5.5 -0.4
v 0.1 5.6 0.3
v 0.1 5.6 0.2
v 0.1 5.6 -0.2
v 0.1 5.6 -0.3
v 0.1 6.4 0.8
v 0.1 6.4 0.7
v 0.1 6.4 -0.7
v 0.1 6.4 -0.8
v 0.1 6.5 0.8
v 0.1 6.5 0.7
v 0.1 6.5 -0.7
v 0.1 6.5 -0.8
v 0.2 3.2 1.6
v 0.2 3.2 1.5
v 0.2 3.2 -1.5
v 0.2 3.2 -1.6
v 0.2 3.5 1.6
v 0.2 3.5 1.5
v 0.2 3.5 1.4
v 0.2 3.5 -1.4
v 0.2 3.5 -1.5
v 0.2 3.5 -1.6
v 0.2 3.8 0.6
v 0.2 3.8 0.5
v 0.2 3.8 -0.5
v 0.2 3.8 -0.6
v 0.2 3.9 0.6
v 0.2 3.9 0.5
v 0.2 3.9 -0.5
v 0.2 3.9 -0.6
v 0.2 4.2 1.5
v 0.2 4.2 1.4
v 0.2 4.2 1.3
v 0.2 4.2 -1.3
v 0.2 4.2 -1.4
v 0.2 4.2 -1.5
v 0.2 4.5 1.4
v 0.2 4.5 1.3
v 0.2 4.5 -1.3
v 0.2 4.5 -1.4
v 0.2 5.1 0.0999999
v 0.2 5.1 -0.1
v 0.2 5.2 0.2
v 0.2 5.2 0.0999999
v 0.2 5.2 -0.1
v 0.2 5.2 -0.2
v 0.2 5.3 0.2
v 0.2 5.3 0.0999999
v 0.2 5.3 -0.1
v 0.2 5.3 -0.2
v 0.2 5.4 1.1
v 0.2 5.4 1
v 0.2 5.4 0.2
v 0.2 5.4 0.0999999
v 0.2 5.4 -0.1
v 0.2 5.4 -0.2
v 0.2 5.4 -1
v 0.2 5.4 -1.1
v 0.2 5.6 0.2
v 0.2 5.6 0.0999999
v 0.2 5.6 -0.1
v 0.2 5.6 -0.2
v 0.2 5.7 0.2
v 0.2 5.7 0.0999999
v 0.2 5.7 -0.1
v 0.2 5.7 -0.2
v 0.2 6 0.2
v 0.2 6 -0.2
v 0.2 6.1 1.1
v 0.2 6.1 1
v 0.2 6.1 0.9
v 0.2 6.1 0.8
v 0.2 6.1 0.2
v 0.2 6.1 0.0999999
v 0.2 6.1 -0.1
v 0.2 6.1 -0.2
v 0.2 6.1 -0.8
v 0.2 6.1 -0.9
v 0.2 6.1 -1
v 0.2 6.1 -1.1
v 0.2 6.2 0.9
v 0.2 6.2 0.8
v 0.2 6.2 0.0999999
v 0.2 6.2 -0.1
v 0.2 6.2 -0.8
v 0.2 6.2 -0.9
v 0.2 6.4 1
v 0.2 6.4 -1
v 0.2 6.5 1
v 0.2 6.5 0.9
v 0.2 6.5 -0.9
v 0.2 6.5 -1
v 0.3 1.4 1.7
v 0.3 1.4 1.6
v 0.3 1.4 -1.6
v 0.3 1.4 -1.7
v 0.3 1.7 1.8
v 0.3 1.7 1.7
v 0.3 1.7 1.6
v 0.3 1.7 -1.6
v 0.3 1.7 -1.7
v 0.3 1.7 -1.8
v 0.3 2.1 1.8
v 0.3 2.1 1.7
v 0.3 2.1 1.6
v 0.3 2.1 -1.6
v 0.3 2.1 -1.7
v 0.3 2.1 -1.8
v 0.3 2.7 1.7
v 0.3 2.7 1.6
v 0.3 2.7 1.5
v 0.3 2.7 -1.5
v 0.3 2.7 -1.6
v 0.3 2.7 -1.7
v 0.3 3.2 1.6
v 0.3 3.2 1.5
v 0.3 3.2 -1.5
v 0.3 3.2 -1.6
v 0.3 4.5 1.4
v 0.3 4.5 1.3
v 0.3 4.5 -1.3
v 0.3 4.5 -1.4
v 0.3 4.7 1.4
v 0.3 4.7 1.3
v 0.3 4.7 1.2
v 0.3 4.7 -1.2
v 0.3 4.7 -1.3
v 0.3 4.7 -1.4
v 0.3 4.9 1.3
v 0.3 4.9 1.2
v 0.3 4.9 1.1
v 0.3 4.9 -1.1
v 0.3 4.9 -1.2
v 0.3 4.9 -1.3
v 0.3 5 0.0999999
v 0.3 5 -0.1
v 0.3 5.1 0.0999999
v 0.3 5.1 -0.1
v 0.3 5.2 1.2
v 0.3 5.2 1.1
v 0.3 5.2 1
v 0.3 5.2 -1
v 0.3 5.2 -1.1
v 0.3 5.2 -1.2
v 0.3 5.3 0.0999999
v 0.3 5.3 -0.1
v 0.3 5.4 1.1
v 0.3 5.4 1
v 0.3 5.4 0.0999999
v 0.3 5.4 -0.1
v 0.3 5.4 -1
v 0.3 5.4 -1.1
v 0.3 5.6 0.0999999
v 0.3 5.6 -0.1
v 0.3 5.7 0.2
v 0.3 5.7 0.0999999
v 0.3 5.7 -0.1
v 0.3 5.7 -0.2
v 0.3 6 0.2
v 0.3 6 -0.2
v 0.3 6.1 0.3
v 0.3 6.1 0.2
v 0.3 6.1 -0.2
v 0.3 6.1 -0.3
v 0.3 6.2 0.8
v 0.3 6.2 0.6
v 0.3 6.2 0.5
v 0.3 6.2 0.3
v 0.3 6.2 0.2
v 0.3 6.2 -0.2
v 0.3 6.2 -0.3
v 0.3 6.2 -0.5
v 0.3 6.2 -0.6
v 0.3 6.2 -0.8
v 0.3 6.3 0.5
v 0.3 6.3 -0.5
v 0.3 6.4 0.8
v 0.3 6.4 0.7
v 0.3 6.4 0.6
v 0.3 6.4 0.5
v 0.3 6.4 -0.5
v 0.3 6.4 -0.6
v 0.3 6.4 -0.7
v 0.3 6.4 -0.8
v 0.3 6.5 0.7
v 0.3 6.5 0.6
v 0.3 6.5 -0.6
v 0.3 6.5 -0.7
v 0.4 1.2 1.7
v 0.4 1.2 1.6
v 0.4 1.2 -1.6
v 0.4 1.2 -1.7
v 0.4 1.4 1.7
v 0.4 1.4 1.6
v 0.4 1.4 -1.6
v 0.4 1.4 -1.7
v 0.4 4.2 0.0999999
v 0.4 4.2 -0.1
v 0.4 5 0.2
v 0.4 5 0.0999999
v 0.4 5 -0.1
v 0.4 5 -0.2
v 0.4 5.1 0.0999999
v 0.4 5.1 -0.1
v 0.4 5.2 0.2
v 0.4 5.2 0.0999999
v 0.4 5.2 -0.1
v 0.4 5.2 -0.2
v 0.4 5.4 0.2
v 0.4 5.4 0.0999999
v 0.4 5.4 -0.1
v 0.4 5.4 -0.2
v 0.4 5.6 0.2
v 0.4 5.6 0.0999999
v 0.4 5.6 -0.1
v 0.4 5.6 -0.2
v 0.4 6.2 0.2
v 0.4 6.2 -0.2
v 0.4 6.3 0.2
v 0.4 6.3 -0.2
v 0.4 6.4 1
v 0.4 6.4 0.8
v 0.4 6.4 -0.8
v 0.4 6.4 -1
v 0.4 6.5 1
v 0.4 6.5 0.9
v 0.4 6.5 0.8
v 0.4 6.5 -0.8
v 0.4 6.5 -0.9
v 0.4 6.5 -1
v 0.5 1.2 0.0999999
v 0.5 1.2 0
v 0.5 1.3 0
v 0.5 1.3 -0.1
v 0.5 1.4 0.0999999
v 0.5 1.4 0
v 0.5 1.5 -0.1
v 0.5 1.5 -0.2
v 0.5 1.6 0.0999999
v 0.5 1.6 0
v 0.5 1.6 -0.1
v 0.5 1.6 -0.2
v 0.5 1.8 0.2
v 0.5 1.8 0.0999999
v 0.5 1.8 0
v 0.5 1.8 -0.1
v 0.5 1.9 0.2
v 0.5 1.9 0.0999999
v 0.5 2.1 0
v 0.5 2.1 -0.1
v 0.5 2.3 0.0999999
v 0.5 2.3 0
v 0.5 2.4 0.2
v 0.5 2.4 0
v 0.5 2.4 -0.1
v 0.5 2.4 -0.2
v 0.5 2.5 0.2
v 0.5 2.5 0
v 0.5 2.5 -0.1
v 0.5 2.5 -0.2
v 0.5 2.6 0.0999999
v 0.5 2.6 0
v 0.5 2.7 0.2
v 0.5 2.7 0.0999999
v 0.5 2.9 -0.1
v 0.5 2.9 -0.2
v 0.5 3.3 0.3
v 0.5 3.3 0.2
v 0.5 3.3 -0.2
v 0.5 3.3 -0.3
v 0.5 4.1 0.3
v 0.5 4.1 0.2
v 0.5 4.1 -0.2
v 0.5 4.1 -0.3
v 0.5 4.2 0.3
v 0.5 4.2 0.2
v 0.5 4.2 0.0999999
v 0.5 4.2 -0.1
v 0.5 4.2 -0.2
v 0.5 4.2 -0.3
v 0.5 4.3 0.3
v 0.5 4.3 0.2
v 0.5 4.3 -0.2
v 0.5 4.3 -0.3
v 0.5 4.7 0.2
v 0.5 4.7 0.0999999
v 0.5 4.7 -0.1
v 0.5 4.7 -0.2
v 0.5 5.7 0.2
v 0.5 5.7 0.0999999
v 0.5 5.7 -0.1
v 0.5 5.7 -0.2
v 0.5 5.8 0.2
v 0.5 5.8 0.0999999
v 0.5 5.8 -0.1
v 0.5 5.8 -0.2
v 0.5 6 0.4
v 0.5 6 0.3
v 0.5 6 0.2
v 0.5 6 0.0999999
v 0.5 6 -0.1
v 0.5 6 -0.2
v 0.5 6 -0.3
v 0.5 6 -0.4
v 0.5 6.1 0.4
v 0.5 6.1 0.3
v 0.5 6.1 0.2
v 0.5 6.1 0.0999999
v 0.5 6.1 -0.1
v 0.5 6.1 -0.2
v 0.5 6.1 -0.3
v 0.5 6.1 -0.4
v 0.5 6.2 0.4
v 0.5 6.2 0.3
v 0.5 6.2 0.2
v 0.5 6.2 -0.2
v 0.5 6.2 -0.3
v 0.5 6.2 -0.4
v 0.5 6.3 0.4
v 0.5 6.3 0.3
v 0.5 6.3 0.2
v 0.5 6.3 -0.2
v 0.5 6.3 -0.3
v 0.5 6.3 -0.4
v 0.5 6.4 0.4
v 0.5 6.4 0.3
v 0.5 6.4 -0.3
v 0.5 6.4 -0.4
v 0.6 0.9 1.3
v 0.6 0.9 1.2
v 0.6 0.9 -1.2
v 0.6 0.9 -1.3
v 0.6 1.4 1.3
v 0.6 1.4 1.2
v 0.6 1.4 -1.2
v 0.6 1.4 -1.3
v 0.6 2.3 0.0999999
v 0.6 2.3 0
v 0.6 2.4 0.0999999
v 0.6 2.4 0
v 0.6 2.5 0.0999999
v 0.6 2.5 0
v 0.6 2.6 0.0999999
v 0.6 2.6 0
v 0.6 2.8 -0.1
v 0.6 2.8 -0.2
v 0.6 2.9 -0.1
v 0.6 2.9 -0.2
v 0.6 4 0.4
v 0.6 4 0.3
v 0.6 4 -0.3
v 0.6 4 -0.4
v 0.6 4.1 0.4
v 0.6 4.1 0.3
v 0.6 4.1 -0.3
v 0.6 4.1 -0.4
v 0.6 5.1 1
v 0.6 5.1 0.8
v 0.6 5.1 -0.8
v 0.6 5.1 -1
v 0.6 5.2 1
v 0.6 5.2 0.9
v 0.6 5.2 -0.9
v 0.6 5.2 -1
v 0.6 5.6 0.9
v 0.6 5.6 0.8
v 0.6 5.6 -0.8
v 0.6 5.6 -0.9
v 0.6 6.3 0.6
v 0.6 6.3 0.5
v 0.6 6.3 -0.5
v 0.6 6.3 -0.6
v 0.6 6.4 0.6
v 0.6 6.4 0.5
v 0.6 6.4 -0.5
v 0.6 6.4 -0.6
v 0.7 1.3 1.4
v 0.7 1.3 1.3
v 0.7 1.3 -1.3
v 0.7 1.3 -1.4
v 0.7 1.4 1.3
v 0.7 1.4 -1.3
v 0.7 2.1 1.4
v 0.7 2.1 1.3
v 0.7 2.1 -1.3
v 0.7 2.1 -1.4
v 0.7 3.6 1.2
v 0.7 3.6 1.1
v 0.7 3.6 -1.1
v 0.7 3.6 -1.2
v 0.7 4.2 1.1
v 0.7 4.2 1
v 0.7 4.2 -1
v 0.7 4.2 -1.1
v 0.7 4.3 1.2
v 0.7 4.3 1.1
v 0.7 4.3 -1.1
v 0.7 4.3 -1.2
v 0.7 4.5 1
v 0.7 4.5 0.9
v 0.7 4.5 -0.9
v 0.7 4.5 -1
v 0.7 4.6 1.1
v 0.7 4.6 1
v 0.7 4.6 -1
v 0.7 4.6 -1.1
v 0.7 5.1 1
v 0.7 5.1 0.9
v 0.7 5.1 -0.9
v 0.7 5.1 -1
v 0.7 5.6 0.9
v 0.7 5.6 0.8
v 0.7 5.6 -0.8
v 0.7 5.6 -0.9
v 0.7 5.8 0.8
v 0.7 5.8 0.7
v 0.7 5.8 -0.7
v 0.7 5.8 -0.8
v 0.7 5.9 0.9
v 0.7 5.9 0.8
v 0.7 5.9 -0.8
v 0.7 5.9 -0.9
v 0.7 6.2 0.7
v 0.7 6.2 0.6
v 0.7 6.2 -0.6
v 0.7 6.2 -0.7
v 0.7 6.3 0.8
v 0.7 6.3 0.7
v 0.7 6.3 0.6
v 0.7 6.3 -0.6
v 0.7 6.3 -0.7
v 0.7 6.3 -0.8
v 0.7 6.5 0.7
v 0.7 6.5 0.6
v 0.7 6.5 -0.6
v 0.7 6.5 -0.7
v 0.8 0.7 0.4
v 0.8 0.7 0.3
v 0.8 0.7 -0.3
v 0.8 0.7 -0.4
v 0.8 0.8 0.4
v 0.8 0.8 0.3
v 0.8 0.8 -0.3
v 0.8 0.8 -0.4
v 0.8 2.1 1.4
v 0.8 2.1 1.3
v 0.8 2.1 -1.3
v 0.8 2.1 -1.4
v 0.8 2.5 1.4
v 0.8 2.5 1.3
v 0.8 2.5 1.2
v 0.8 2.5 -1.2
v 0.8 2.5 -1.3
v 0.8 2.5 -1.4
v 0.8 2.9 1.3
v 0.8 2.9 1.2
v 0.8 2.9 -1.2
v 0.8 2.9 -1.3
v 0.8 3.3 1.3
v 0.8 3.3 1.2
v 0.8 3.3 -1.2
v 0.8 3.3 -1.3
v 0.8 3.6 1.2
v 0.8 3.6 -1.2
v 0.8 3.7 1.3
v 0.8 3.7 1.2
v 0.8 3.7 -1.2
v 0.8 3.7 -1.3
v 0.8 6.4 0.6
v 0.8 6.4 0.5
v 0.8 6.4 -0.5
v 0.8 6.4 -0.6
v 0.8 6.5 0.6
v 0.8 6.5 0.5
v 0.8 6.5 -0.5
v 0.8 6.5 -0.6
v 0.9 0.8 0.4
v 0.9 0.8 0.3
v 0.9 0.8 -0.3
v 0.9 0.8 -0.4
v 0.9 1.2 0.4
v 0.9 1.2 0.3
v 0.9 1.2 -0.3
v 0.9 1.2 -0.4
v 0.9 2.9 1.3
v 0.9 2.9 1.2
v 0.9 2.9 -1.2
v 0.9 2.9 -1.3
v 0.9 3.3 1.3
v 0.9 3.3 1.2
v 0.9 3.3 -1.2
v 0.9 3.3 -1.3
v 0.9 6 0.3
v 0.9 6 0.2
v 0.9 6 -0.2
v 0.9 6 -0.3
v 0.9 6.1 0.2
v 0.9 6.1 0.0999999
v 0.9 6.1 -0.1
v 0.9 6.1 -0.2
v 0.9 6.2 0.3
v 0.9 6.2 0.2
v 0.9 6.2 -0.2
v 0.9 6.2 -0.3
v 0.9 6.5 0.2
v 0.9 6.5 0.0999999
v 0.9 6.5 -0.1
v 0.9 6.5 -0.2
v 1 1.2 0.4
v 1 1.2 0.3
v 1 1.2 -0.3
v 1 1.2 -0.4
v 1 1.8 0.4
v 1 1.8 0.3
v 1 1.8 -0.3
v 1 1.8 -0.4
v 1 4.7 0.3
v 1 4.7 0.2
v 1 4.7 -0.2
v 1 4.7 -0.3
v 1 5 0.4
v 1 5 0.3
v 1 5 -0.3
v 1 5 -0.4
v 1 5.1 0.3
v 1 5.1 0.2
v 1 5.1 -0.2
v 1 5.1 -0.3
v 1 5.7 0.3
v 1 5.7 0.2
v 1 5.7 -0.2
v 1 5.7 -0.3
v 1 5.8 0.4
v 1 5.8 0.3
v 1 5.8 -0.3
v 1 5.8 -0.4
v 1 6 0.3
v 1 6 0.2
v 1 6 -0.2
v 1 6 -0.3
v 1.1 1.7 0.5
v 1.1 1.7 0.4
v 1.1 1.7 -0.4
v 1.1 1.7 -0.5
v 1.1 1.8 0.4
v 1.1 1.8 -0.4
v 1.1 2.5 0.5
v 1.1 2.5 0.4
v 1.1 2.5 -0.4
v 1.1 2.5 -0.5
v 1.1 4.4 0.3
v 1.1 4.4 0.2
v 1.1 4.4 -0.2
v 1.1 4.4 -0.3
v 1.1 4.7 0.3
v 1.1 4.7 0.2
v 1.1 4.7 -0.2
v 1.1 4.7 -0.3
v 1.2 2.5 0.5
v 1.2 2.5 0.4
v 1.2 2.5 -0.4
v 1.2 2.5 -0.5
v 1.2 2.6 0.5
v 1.2 2.6 0.4
v 1.2 2.6 0.3
v 1.2 2.6 -0.3
v 1.2 2.6 -0.4
v 1.2 2.6 -0.5
v 1.2 2.9 0.4
v 1.2 2.9 0.3
v 1.2 2.9 -0.3
v 1.2 2.9 -0.4
v 1.2 4.1 0.3
v 1.2 4.1 0.2
v 1.2 4.1 -0.2
v 1.2 4.1 -0.3
v 1.2 4.4 0.3
v 1.2 4.4 0.2
v 1.2 4.4 -0.2
v 1.2 4.4 -0.3
v 1.3 2.9 0.4
v 1.3 2.9 0.3
v 1.3 2.9 -0.3
v 1.3 2.9 -0.4
v 1.3 3.6 0.4
v 1.3 3.6 0.3
v 1.3 3.6 0.2
v 1.3 3.6 -0.2
v 1.3 3.6 -0.3
v 1.3 3.6 -0.4
v 1.3 4.1 0.3
v 1.3 4.1 0.2
v 1.3 4.1 -0.2
v 1.3 4.1 -0.3
v -1.3 2.9 0.4
v -1.3 2.9 0.3
v -1.3 2.9 -0.3
v -1.3 2.9 -0.4
v -1.3 3.6 0.4
v -1.3 3.6 0.3
v -1.3 3.6 0.2
v -1.3 3.6 -0.2
v -1.3 3.6 -0.3
v -1.3 3.6 -0.4
v -1.3 4.1 0.3
v -1.3 4.1 0.2
v -1.3 4.1 -0.2
v -1.3 4.1 -0.3
v -1.2 2.5 0.5
v -1.2 2.5 0.4
v -1.2 2.5 -0.4
v -1.2 2.5 -0.5
v -1.2 2.6 0.5
v -1.2 2.6 0.4
v -1.2 2.6 0.3
v -1.2 2.6 -0.3
v -1.2 2.6 -0.4
v -1.2 2.6 -0.5
v -1.2 2.9 0.4
v -1.2 2.9 0.3
v -1.2 2.9 -0.3
v -1.2 2.9 -0.4
v -1.2 4.1 0.3
v -1.2 4.1 0.2
v -1.2 4.1 -0.2
v -1.2 4.1 -0.3
v -1.2 4.4 0.3
v -1.2 4.4 0.2
v -1.2 4.4 -0.2
v -1.2 4.4 -0.3
v -1.1 1.7 0.5
v -1.1 1.7 0.4
v -1.1 1.7 -0.4
v -1.1 1.7 -0.5
v -1.1 1.8 0.4
v -1.1 1.8 -0.4
v -1.1 2.5 0.5
v -1.1 2.5 0.4
v -1.1 2.5 -0.4
v -1.1 2.5 -0.5
v -1.1 4.4 0.3
v -1.1 4.4 0.2
v -1.1 4.4 -0.2
v -1.1 4.4 -0.3
v -1.1 4.7 0.3
v -1.1 4.7 0.2
v -1.1 4.7 -0.2
v -1.1 4.7 -0.3
v -1 1.2 0.4
v -1 1.2 0.3
v -1 1.2 -0.3
v -1 1.2 -0.4
v -1 1.8 0.4
v -1 1.8 0.3
v -1 1.8 -0.3
v -1 1.8 -0.4
v -1 4.7 0.3
v -1 4.7 0.2
v -1 4.7 -0.2
v -1 4.7 -0.3
v -1 5 0.4
v -1 5 0.3
v -1 5 -0.3
v -1 5 -0.4
v -1 5.1 0.3
v -1 5.1 0.2
v -1 5.1 -0.2
v -1 5.1 -0.3
v -1 5.7 0.3
v -1 5.7 0.2
v -1 5.7 -0.2
v -1 5.7 -0.3
v -1 5.8 0.4
v -1 5.8 0.3
v -1 5.8 -0.3
v -1 5.8 -0.4
v -1 6 0.3
v -1 6 0.2
v -1 6 -0.2
v -1 6 -0.3
v -0.9 0.8 0.4
v -0.9 0.8 0.3
v -0.9 0.8 -0.3
v -0.9 0.8 -0.4
v -0.9 1.2 0.4
v -0.9 1.2 0.3
v -0.9 1.2 -0.3
v -0.9 1.2 -0.4
v -0.9 2.9 1.3
v -0.9 2.9 1.2
v -0.9 2.9 -1.2
v -0.9 2.9 -1.3
v -0.9 3.3 1.3
v -0.9 3.3 1.2
v -0.9 3.3 -1.2
v -0.9 3.3 -1.3
v -0.9 6 0.3
v -0.9 6 0.2
v -0.9 6 -0.2
v -0.9 6 -0.3
v -0.9 6.1 0.2
v -0.9 6.1 0.0999999
v -0.9 6.1 -0.1
v -0.9 6.1 -0.2
v -0.9 6.2 0.3
v -0.9 6.2 0.2
v -0.9 6.2 -0.2
v -0.9 6.2 -0.3
v -0.9 6.5 0.2
v -0.9 6.5 0.0999999
v -0.9 6.5 -0.1
v -0.9 6.5 -0.2
v -0.8 0.7 0.4
v -0.8 0.7 0.3
v -0.8 0.7 -0.3
v -0.8 0.7 -0.4
v -0.8 0.8 0.4
v -0.8 0.8 0.3
v -0.8 0.8 -0.3
v -0.8 0.8 -0.4
v -0.8 2.1 1.4
v -0.8 2.1 1.3
v -0.8 2.1 -1.3
v -0.8 2.1 -1.4
v -0.8 2.5 1.4
v -0.8 2.5 1.3
v -0.8 2.5 1.2
v -0.8 2.5 -1.2
v -0.8 2.5 -1.3
v -0.8 2.5 -1.4
v -0.8 2.9 1.3
v -0.8 2.9 1.2
v -0.8 2.9 -1.2
v -0.8 2.9 -1.3
v -0.8 3.3 1.3
v -0.8 3.3 1.2
v -0.8 3.3 -1.2
v -0.8 3.3 -1.3
v -0.8 3.6 1.2
v -0.8 3.6 -1.2
v -0.8 3.7 1.3
v -0.8 3.7 1.2
v -0.8 3.7 -1.2
v -0.8 3.7 -1.3
v -0.8 6.4 0.6
v -0.8 6.4 0.5
v -0.8 6.4 -0.5
v -0.8 6.4 -0.6
v -0.8 6.5 0.6
v -0.8 6.5 0.5
v -0.8 6.5 -0.5
v -0.8 6.5 -0.6
v -0.7 1.3 1.4
v -0.7 1.3 1.3
v -0.7 1.3 -1.3
v -0.7 1.3 -1.4
v -0.7 1.4 1.3
v -0.7 1.4 -1.3
v -0.7 2.1 1.4
v -0.7 2.1 1.3
v -0.7 2.1 -1.3
v -0.7 2.1 -1.4
v -0.7 3.6 1.2
v -0.7 3.6 1.1
v -0.7 3.6 -1.1
v -0.7 3.6 -1.2
v -0.7 4.2 1.1
v -0.7 4.2 1
v -0.7 4.2 -1
v -0.7 4.2 -1.1
v -0.7 4.3 1.2
v -0.7 4.3 1.1
v -0.7 4.3 -1.1
v -0.7 4.3 -1.2
v -0.7 4.5 1
v -0.7 4.5 0.9
v -0.7 4.5 -0.9
v -0.7 4.5 -1
v -0.7 4.6 1.1
v -0.7 4.6 1
v -0.7 4.6 -1
v -0.7 4.6 -1.1
v -0.7 5.1 1
v -0.7 5.1 0.9
v -0.7 5.1 -0.9
v -0.7 5.1 -1
v -0.7 5.6 0.9
v -0.7 5.6 0.8
v -0.7 5.6 -0.8
v -0.7 5.6 -0.9
v -0.7 5.8 0.8
v -0.7 5.8 0.7
v -0.7 5.8 -0.7
v -0.7 5.8 -0.8
v -0.7 5.9 0.9
v -0.7 5.9 0.8
v -0.7 5.9 -0.8
v -0.7 5.9 -0.9
v -0.7 6.2 0.7
v -0.7 6.2 0.6
v -0.7 6.2 -0.6
v -0.7 6.2 -0.7
v -0.7 6.3 0.8
v -0.7 6.3 0.7
v -0.7 6.3 0.6
v -0.7 6.3 -0.6
v -0.7 6.3 -0.7
v -0.7 6.3 -0.8
v -0.7 6.5 0.7
v -0.7 6.5 0.6
v -0.7 6.5 -0.6
v -0.7 6.5 -0.7
v -0.6 0.9 1.3
v -0.6 0.9 1.2
v -0.6 0.9 -1.2
v -0.6 0.9 -1.3
v -0.6 1.4 1.3
v -0.6 1.4 1.2
v -0.6 1.4 -1.2
v -0.6 1.4 -1.3
v -0.6 2.3 0.0999999
v -0.6 2.3 0
v -0.6 2.4 0.0999999
v -0.6 2.4 0
v -0.6 2.5 0.0999999
v -0.6 2.5 0
v -0.6 2.6 0.0999999
v -0.6 2.6 0
v -0.6 2.8 -0.1
v -0.6 2.8 -0.2
v -0.6 2.9 -0.1
v -0.6 2.9 -0.2
v -0.6 4 0.4
v -0.6 4 0.3
v -0.6 4 -0.3
v -0.6 4 -0.4
v -0.6 4.1 0.4
v -0.6 4.1 0.3
v -0.6 4.1 -0.3
v -0.6 4.1 -0.4
v -0.6 5.1 1
v -0.6 5.1 0.8
v -0.6 5.1 -0.8
v -0.6 5.1 -1
v -0.6 5.2 1
v -0.6 5.2 0.9
v -0.6 5.2 -0.9
v -0.6 5.2 -1
v -0.6 5.6 0.9
v -0.6 5.6 0.8
v -0.6 5.6 -0.8
v -0.6 5.6 -0.9
v -0.6 6.3 0.6
v -0.6 6.3 0.5
v -0.6 6.3 -0.5
v -0.6 6.3 -0.6
v -0.6 6.4 0.6
v -0.6 6.4 0.5
v -0.6 6.4 -0.5
v -0.6 6.4 -0.6
v -0.5 1.2 0.0999999
v -0.5 1.2 0
v -0.5 1.3 0
v -0.5 1.3 -0.1
v -0.5 1.4 0.0999999
v -0.5 1.4 0
v -0.5 1.5 -0.1
v -0.5 1.5 -0.2
v -0.5 1.6 0.0999999
v -0.5 1.6 0
v -0.5 1.6 -0.1
v -0.5 1.6 -0.2
v -0.5 1.8 0.2
v -0.5 1.8 0.0999999
v -0.5 1.8 0
v -0.5 1.8 -0.1
v -0.5 1.9 0.2
v -0.5 1.9 0.0999999
v -0.5 2.1 0
v -0.5 2.1 -0.1
v -0.5 2.3 0.0999999
v -0.5 2.3 0
v -0.5 2.4 0.2
v -0.5 2.4 0
v -0.5 2.4 -0.1
v -0.5 2.4 -0.2
v -0.5 2.5 0.2
v -0.5 2.5 0
v -0.5 2.5 -0.1
v -0.5 2.5 -0.2
v -0.5 2.6 0.0999999
v -0.5 2.6 0
v -0.5 2.7 0.2
v -0.5 2.7 0.0999999
v -0.5 2.9 -0.1
v -0.5 2.9 -0.2
v -0.5 3.3 0.3
v -0.5 3.3 0.2
v -0.5 3.3 -0.2
v -0.5 3.3 -0.3
v -0.5 4.1 0.3
v -0.5 4.1 0.2
v -0.5 4.1 -0.2
v -0.5 4.1 -0.3
v -0.5 4.2 0.3
v -0.5 4.2 0.2
v -0.5 4.2 0.0999999
v -0.5 4.2 -0.1
v -0.5 4.2 -0.2
v -0.5 4.2 -0.3
v -0.5 4.3 0.3
v -0.5 4.3 0.2
v -0.5 4.3 -0.2
v -0.5 4.3 -0.3
v -0.5 4.7 0.2
v -0.5 4.7 0.0999999
v -0.5 4.7 -0.1
v -0.5 4.7 -0.2
v -0.5 5.7 0.2
v -0.5 5.7 0.0999999
v -0.5 5.7 -0.1
v -0.5 5.7 -0.2
v -0.5 5.8 0.2
v -0.5 5.8 0.0999999
v -0.5 5.8 -0.1
v -0.5 5.8 -0.2
v -0.5 6 0.4
v -0.5 6 0.3
v -0.5 6 0.2
v -0.5 6 0.0999999
v -0.5 6 -0.1
v -0.5 6 -0.2
v -0.5 6 -0.3
v -0.5 6 -0.4
v -0.5 6.1 0.4
v -0.5 6.1 0.3
v -0.5 6.1 0.2
v -0.5 6.1 0.0999999
v -0.5 6.1 -0.1
v -0.5 6.1 -0.2
v -0.5 6.1 -0.3
v -0.5 6.1 -0.4
v -0.5 6.2 0.4
v -0.5 6.2 0.3
v -0.5 6.2 0.2
v -0.5 6.2 -0.2
v -0.5 6.2 -0.3
v -0.5 6.2 -0.4
v -0.5 6.3 0.4
v -0.5 6.3 0.3
v -0.5 6.3 0.2
v -0.5 6.3 -0.2
v -0.5 6.3 -0.3
v -0.5 6.3 -0.4
v -0.5 6.4 0.4
v -0.5 6.4 0.3
v -0.5 6.4 -0.3
v -0.5 6.4 -0.4
v -0.4 1.2 1.7
v -0.4 1.2 1.6
v -0.4 1.2 -1.6
v -0.4 1.2 -1.7
v -0.4 1.4 1.7
v -0.4 1.4 1.6
v -0.4 1.4 -1.6
v -0.4 1.4 -1.7
v -0.4 4.2 0.0999999
v -0.4 4.2 -0.1
v -0.4 5 0.2
v -0.4 5 0.0999999
v -0.4 5 -0.1
v -0.4 5 -0.2
v -0.4 5.1 0.0999999
v -0.4 5.1 -0.1
v -0.4 5.2 0.2
v -0.4 5.2 0.0999999
v -0.4 5.2 -0.1
v -0.4 5.2 -0.2
v -0.4 5.4 0.2
v -0.4 5.4 0.0999999
v -0.4 5.4 -0.1
v -0.4 5.4 -0.2
v -0.4 5.6 0.2
v -0.4 5.6 0.0999999
v -0.4 5.6 -0.1
v -0.4 5.6 -0.2
v -0.4 6.2 0.2
v -0.4 6.2 -0.2
v -0.4 6.3 0.2
v -0.4 6.3 -0.2
v -0.4 6.4 1
v -0.4 6.4 0.8
v -0.4 6.4 -0.8
v -0.4 6.4 -1
v -0.4 6.5 1
v -0.4 6.5 0.9
v -0.4 6.5 0.8
v -0.4 6.5 -0.8
v -0.4 6.5 -0.9
v -0.4 6.5 -1
v -0.3 1.4 1.7
v -0.3 1.4 1.6
v -0.3 1.4 -1.6
v -0.3 1.4 -1.7
v -0.3 1.7 1.8
v -0.3 1.7 1.7
v -0.3 1.7 1.6
v -0.3 1.7 -1.6
v -0.3 1.7 -1.7
v -0.3 1.7 -1.8
v -0.3 2.1 1.8
v -0.3 2.1 1.7
v -0.3 2.1 1.6
v -0.3 2.1 -1.6
v -0.3 2.1 -1.7
v -0.3 2.1 -1.8
v -0.3 2.7 1.7
v -0.3 2.7 1.6
v -0.3 2.7 1.5
v -0.3 2.7 -1.5
v -0.3 2.7 -1.6
v -0.3 2.7 -1.7
v -0.3 3.2 1.6
v -0.3 3.2 1.5
v -0.3 3.2 -1.5
v -0.3 3.2 -1.6
v -0.3 4.5 1.4
v -0.3 4.5 1.3
v -0.3 4.5 -1.3
v -0.3 4.5 -1.4
v -0.3 4.7 1.4
v -0.3 4.7 1.3
v -0.3 4.7 1.2
v -0.3 4.7 -1.2
v -0.3 4.7 -1.3
v -0.3 4.7 -1.4
v -0.3 4.9 1.3
v -0.3 4.9 1.2
v -0.3 4.9 1.1
v -0.3 4.9 -1.1
v -0.3 4.9 -1.2
v -0.3 4.9 -1.3
v -0.3 5 0.0999999
v -0.3 5 -0.1
v -0.3 5.1 0.0999999
v -0.3 5.1 -0.1
v -0.3 5.2 1.2
v -0.3 5.2 1.1
v -0.3 5.2 1
v -0.3 5.2 -1
v -0.3 5.2 -1.1
v -0.3 5.2 -1.2
v -0.3 5.3 0.0999999
v -0.3 5.3 -0.1
v -0.3 5.4 1.1
v -0.3 5.4 1
v -0.3 5.4 0.0999999
v -0.3 5.4 -0.1
v -0.3 5.4 -1
v -0.3 5.4 -1.1
v -0.3 5.6 0.0999999
v -0.3 5.6 -0.1
v -0.3 5.7 0.2
v -0.3 5.7 0.0999999
v -0.3 5.7 -0.1
v -0.3 5.7 -0.2
v -0.3 6 0.2
v -0.3 6 -0.2
v -0.3 6.1 0.3
v -0.3 6.1 0.2
v -0.3 6.1 -0.2
v -0.3 6.1 -0.3
v -0.3 6.2 0.8
v -0.3 6.2 0.6
v -0.3 6.2 0.5
v -0.3 6.2 0.3
v -0.3 6.2 0.2
v -0.3 6.2 -0.2
v -0.3 6.2 -0.3
v -0.3 6.2 -0.5
v -0.3 6.2 -0.6
v -0.3 6.2 -0.8
v -0.3 6.3 0.5
v -0.3 6.3 -0.5
v -0.3 6.4 0.8
v -0.3 6.4 0.7
v -0.3 6.4 0.6
v -0.3 6.4 0.5
v -0.3 6.4 -0.5
v -0.3 6.4 -0.6
v -0.3 6.4 -0.7
v -0.3 6.4 -0.8
v -0.3 6.5 0.7
v -0.3 6.5 0.6
v -0.3 6.5 -0.6
v -0.3 6.5 -0.7
v -0.2 3.2 1.6
v -0.2 3.2 1.5
v -0.2 3.2 -1.5
v -0.2 3.2 -1.6
v -0.2 3.5 1.6
v -0.2 3.5 1.5
v -0.2 3.5 1.4
v -0.2 3.5 -1.4
v -0.2 3.5 -1.5
v -0.2 3.5 -1.6
v -0.2 3.8 0.6
v -0.2 3.8 0.5
v -0.2 3.8 -0.5
v -0.2 3.8 -0.6
v -0.2 3.9 0.6
v -0.2 3.9 0.5
v -0.2 3.9 -0.5
v -0.2 3.9 -0.6
v -0.2 4.2 1.5
v -0.2 4.2 1.4
v -0.2 4.2 1.3
v -0.2 4.2 -1.3
v -0.2 4.2 -1.4
v -0.2 4.2 -1.5
v -0.2 4.5 1.4
v -0.2 4.5 1.3
v -0.2 4.5 -1.3
v -0.2 4.5 -1.4
v -0.2 5.1 0.0999999
v -0.2 5.1 -0.1
v -0.2 5.2 0.2
v -0.2 5.2 0.0999999
v -0.2 5.2 -0.1
v -0.2 5.2 -0.2
v -0.2 5.3 0.2
v -0.2 5.3 0.0999999
v -0.2 5.3 -0.1
v -0.2 5.3 -0.2
v -0.2 5.4 1.1
v -0.2 5.4 1
v -0.2 5.4 0.2
v -0.2 5.4 0.0999999
v -0.2 5.4 -0.1
v -0.2 5.4 -0.2
v -0.2 5.4 -1
v -0.2 5.4 -1.1
v -0.2 5.6 0.2
v -0.2 5.6 0.0999999
v -0.2 5.6 -0.1
v -0.2 5.6 -0.2
v -0.2 5.7 0.2
v -0.2 5.7 0.0999999
v -0.2 5.7 -0.1
v -0.2 5.7 -0.2
v -0.2 6 0.2
v -0.2 6 -0.2
v -0.2 6.1 1.1
v -0.2 6.1 1
v -0.2 6.1 0.9
v -0.2 6.1 0.8
v -0.2 6.1 0.2
v -0.2 6.1 0.0999999
v -0.2 6.1 -0.1
v -0.2 6.1 -0.2
v -0.2 6.1 -0.8
v -0.2 6.1 -0.9
v -0.2 6.1 -1
v -0.2 6.1 -1.1
v -0.2 6.2 0.9
v -0.2 6.2 0.8
v -0.2 6.2 0.0999999
v -0.2 6.2 -0.1
v -0.2 6.2 -0.8
v -0.2 6.2 -0.9
v -0.2 6.4 1
v -0.2 6.4 -1
v -0.2 6.5 1
v -0.2 6.5 0.9
v -0.2 6.5 -0.9
v -0.2 6.5 -1
v -0.1 3.5 1
v -0.1 3.5 0.9
v -0.1 3.5 -0.9
v -0.1 3.5 -1
v -0.1 3.6 1
v -0.1 3.6 0.9
v -0.1 3.6 -0.9
v -0.1 3.6 -1
v -0.1 3.7 1
v -0.1 3.7 0.9
v -0.1 3.7 -0.9
v -0.1 3.7 -1
v -0.1 4 0.9
v -0.1 4 0.8
v -0.1 4 -0.8
v -0.1 4 -0.9
v -0.1 4.1 1
v -0.1 4.1 0.8
v -0.1 4.1 -0.8
v -0.1 4.1 -1
v -0.1 4.3 0.4
v -0.1 4.3 0.3
v -0.1 4.3 -0.3
v -0.1 4.3 -0.4
v -0.1 4.4 0.4
v -0.1 4.4 0.3
v -0.1 4.4 -0.3
v -0.1 4.4 -0.4
v -0.1 5.4 0.4
v -0.1 5.4 0.2
v -0.1 5.4 -0.2
v -0.1 5.4 -0.4
v -0.1 5.5 0.4
v -0.1 5.5 0.3
v -0.1 5.5 -0.3
v -0.1 5.5 -0.4
v -0.1 5.6 0.3
v -0.1 5.6 0.2
v -0.1 5.6 -0.2
v -0.1 5.6 -0.3
v -0.1 6.4 0.8
v -0.1 6.4 0.7
v -0.1 6.4 -0.7
v -0.1 6.4 -0.8
v -0.1 6.5 0.8
v -0.1 6.5 0.7
v -0.1 6.5 -0.7
v -0.1 6.5 -0.8
v 0 2.5 0.8
v 0 2.5 0.7
v 0 2.5 -0.7
v 0 2.5 -0.8
v 0 2.6 0.8
v 0 2.6 0.7
v 0 2.6 -0.7
v 0 2.6 -0.8
v 0 3.1 1
v 0 3.1 0.9
v 0 3.1 -0.9
v 0 3.1 -1
v 0 3.3 1
v 0 3.3 0.9
v 0 3.3 -0.9
v 0 3.3 -1
v 0.1 2.6 0.8
v 0.1 2.6 0.7
v 0.1 2.6 -0.7
v 0.1 2.6 -0.9
v 0.1 2.8 -0.8
v 0.1 2.8 -0.9
v 0.1 2.9 0.9
v 0.1 2.9 0.8
v 0.1 2.9 -0.8
v 0.1 2.9 -0.9
v 0.1 3 1
v 0.1 3 0.9
v 0.1 3 -0.9
v 0.1 3 -1
v 0.1 3.1 1
v 0.1 3.1 0.9
v 0.1 3.1 -0.9
v 0.1 3.1 -1
v 0.1 3.3 1
v 0.1 3.3 0.9
v 0.1 3.3 0.7
v 0.1 3.3 0.6
v 0.1 3.3 -0.6
v 0.1 3.3 -0.7
v 0.1 3.3 -0.9
v 0.1 3.3 -1
v 0.1 3.4 1
v 0.1 3.4 0.9
v 0.1 3.4 -0.9
v 0.1 3.4 -1
v 0.1 3.6 0.6
v 0.1 3.6 0.5
v 0.1 3.6 -0.5
v 0.1 3.6 -0.6
v 0.1 3.8 0.5
v 0.1 3.8 0.4
v 0.1 3.8 -0.4
v 0.1 3.8 -0.5
v 0.1 3.9 0.7
v 0.1 3.9 0.5
v 0.1 3.9 -0.5
v 0.1 3.9 -0.7
v 0.1 4 0.5
v 0.1 4 0.4
v 0.1 4 -0.4
v 0.1 4 -0.5
v 0.1 4.5 0.4
v 0.1 4.5 0.3
v 0.1 4.5 -0.3
v 0.1 4.5 -0.4
v 0.1 4.6 0.8
v 0.1 4.6 0.6
v 0.1 4.6 0.4
v 0.1 4.6 0.3
v 0.1 4.6 -0.3
v 0.1 4.6 -0.4
v 0.1 4.6 -0.6
v 0.1 4.6 -0.8
v 0.1 5.1 0.8
v 0.1 5.1 0.6
v 0.1 5.1 -0.6
v 0.1 5.1 -0.8
v 0.1 5.2 0.7
v 0.1 5.2 0.6
v 0.1 5.2 -0.6
v 0.1 5.2 -0.7
v 0.1 5.4 0.7
v 0.1 5.4 0.6
v 0.1 5.4 -0.6
v 0.1 5.4 -0.7
v 0.1 5.5 0.7
v 0.1 5.5 0.6
v 0.1 5.5 -0.6
v 0.1 5.5 -0.7
v 0.1 5.7 0.3
v 0.1 5.7 0.2
v 0.1 5.7 -0.2
v 0.1 5.7 -0.3
v 0.1 5.9 0.2
v 0.1 5.9 0.0999999
v 0.1 5.9 -0.1
v 0.1 5.9 -0.2
v 0.1 6 0.3
v 0.1 6 0.2
v 0.1 6 0.0999999
v 0.1 6 -0.1
v 0.1 6 -0.2
v 0.1 6 -0.3
v 0.1 6.1 0.7
v 0.1 6.1 0.6
v 0.1 6.1 0.3
v 0.1 6.1 0.2
v 0.1 6.1 0.0999999
v 0.1 6.1 -0.1
v 0.1 6.1 -0.2
v 0.1 6.1 -0.3
v 0.1 6.1 -0.6
v 0.1 6.1 -0.7
v 0.1 6.2 0.0999999
v 0.1 6.2 -0.1
v 0.1 6.3 0.7
v 0.1 6.3 0.6
v 0.1 6.3 -0.6
v 0.1 6.3 -0.7
v 0.1 6.4 0.7
v 0.1 6.4 -0.7
v 0.1 6.5 0.7
v 0.1 6.5 0.6
v 0.1 6.5 -0.6
v 0.1 6.5 -0.7
v 0.2 3.3 0.9
v 0.2 3.3 0.7
v 0.2 3.3 -0.7
v 0.2 3.3 -0.9
v 0.2 3.4 1
v 0.2 3.4 0.9
v 0.2 3.4 -0.9
v 0.2 3.4 -1
v 0.2 3.9 0.7
v 0.2 3.9 -0.7
v 0.2 4 0.7
v 0.2 4 0.5
v 0.2 4 0.4
v 0.2 4 -0.4
v 0.2 4 -0.5
v 0.2 4 -0.7
v 0.2 4.1 1
v 0.2 4.1 0.8
v 0.2 4.1 -0.8
v 0.2 4.1 -1
v 0.2 4.3 0.4
v 0.2 4.3 0.3
v 0.2 4.3 -0.3
v 0.2 4.3 -0.4
v 0.2 4.5 0.4
v 0.2 4.5 0.3
v 0.2 4.5 -0.3
v 0.2 4.5 -0.4
v 0.2 4.6 0.8
v 0.2 4.6 0.6
v 0.2 4.6 -0.6
v 0.2 4.6 -0.8
v 0.2 5.2 0.6
v 0.2 5.2 0.4
v 0.2 5.2 -0.4
v 0.2 5.2 -0.6
v 0.2 5.3 0.6
v 0.2 5.3 0.4
v 0.2 5.3 -0.4
v 0.2 5.3 -0.6
v 0.2 5.4 0.4
v 0.2 5.4 0.2
v 0.2 5.4 -0.2
v 0.2 5.4 -0.4
v 0.2 5.6 0.4
v 0.2 5.6 0.3
v 0.2 5.6 0.2
v 0.2 5.6 -0.2
v 0.2 5.6 -0.3
v 0.2 5.6 -0.4
v 0.2 5.7 0.3
v 0.2 5.7 0.2
v 0.2 5.7 -0.2
v 0.2 5.7 -0.3
v 0.2 5.9 0.6
v 0.2 5.9 0.5
v 0.2 5.9 -0.5
v 0.2 5.9 -0.6
v 0.2 6.1 0.7
v 0.2 6.1 0.6
v 0.2 6.1 0.5
v 0.2 6.1 0.3
v 0.2 6.1 0.2
v 0.2 6.1 -0.2
v 0.2 6.1 -0.3
v 0.2 6.1 -0.5
v 0.2 6.1 -0.6
v 0.2 6.1 -0.7
v 0.2 6.2 0.6
v 0.2 6.2 0.5
v 0.2 6.2 0.3
v 0.2 6.2 0.2
v 0.2 6.2 -0.2
v 0.2 6.2 -0.3
v 0.2 6.2 -0.5
v 0.2 6.2 -0.6
v 0.2 6.3 0.7
v 0.2 6.3 0.6
v 0.2 6.3 0.5
v 0.2 6.3 -0.5
v 0.2 6.3 -0.6
v 0.2 6.3 -0.7
v 0.2 6.4 1.2
v 0.2 6.4 1.1
v 0.2 6.4 0.6
v 0.2 6.4 0.5
v 0.2 6.4 -0.5
v 0.2 6.4 -0.6
v 0.2 6.4 -1.1
v 0.2 6.4 -1.2
v 0.2 6.6 1.2
v 0.2 6.6 1.1
v 0.2 6.6 -1.1
v 0.2 6.6 -1.2
v 0.2 6.7 1.2
v 0.2 6.7 1.1
v 0.2 6.7 -1.1
v 0.2 6.7 -1.2
v 0.2 6.8 1.3
v 0.2 6.8 1.2
v 0.2 6.8 -1.2
v 0.2 6.8 -1.3
v 0.2 6.9 1.3
v 0.2 6.9 1.2
v 0.2 6.9 -1.2
v 0.2 6.9 -1.3
v 0.2 7.5 0.9
v 0.2 7.5 0.8
v 0.2 7.5 -0.8
v 0.2 7.5 -0.9
v 0.2 7.6 0.9
v 0.2 7.6 0.8
v 0.2 7.6 -0.8
v 0.2 7.6 -0.9
v 0.3 3.2 1.6
v 0.3 3.2 1.5
v 0.3 3.2 -1.5
v 0.3 3.2 -1.6
v 0.3 3.5 1.6
v 0.3 3.5 1.5
v 0.3 3.5 1.4
v 0.3 3.5 -1.4
v 0.3 3.5 -1.5
v 0.3 3.5 -1.6
v 0.3 3.8 0.6
v 0.3 3.8 0.5
v 0.3 3.8 -0.5
v 0.3 3.8 -0.6
v 0.3 3.9 0.7
v 0.3 3.9 0.6
v 0.3 3.9 -0.6
v 0.3 3.9 -0.7
v 0.3 4 0.7
v 0.3 4 0.5
v 0.3 4 -0.5
v 0.3 4 -0.7
v 0.3 4.2 1.5
v 0.3 4.2 1.4
v 0.3 4.2 1.3
v 0.3 4.2 -1.3
v 0.3 4.2 -1.4
v 0.3 4.2 -1.5
v 0.3 4.5 1.4
v 0.3 4.5 1.3
v 0.3 4.5 -1.3
v 0.3 4.5 -1.4
v 0.3 5.2 0.6
v 0.3 5.2 0.4
v 0.3 5.2 -0.4
v 0.3 5.2 -0.6
v 0.3 5.3 0.6
v 0.3 5.3 0.4
v 0.3 5.3 -0.4
v 0.3 5.3 -0.6
v 0.3 5.4 1.1
v 0.3 5.4 1
v 0.3 5.4 -1
v 0.3 5.4 -1.1
v 0.3 5.9 0.6
v 0.3 5.9 0.5
v 0.3 5.9 -0.5
v 0.3 5.9 -0.6
v 0.3 6 0.2
v 0.3 6 0.0999999
v 0.3 6 -0.1
v 0.3 6 -0.2
v 0.3 6.1 1.1
v 0.3 6.1 1
v 0.3 6.1 0.9
v 0.3 6.1 0.8
v 0.3 6.1 0.5
v 0.3 6.1 0.2
v 0.3 6.1 0.0999999
v 0.3 6.1 -0.1
v 0.3 6.1 -0.2
v 0.3 6.1 -0.5
v 0.3 6.1 -0.8
v 0.3 6.1 -0.9
v 0.3 6.1 -1
v 0.3 6.1 -1.1
v 0.3 6.2 0.9
v 0.3 6.2 0.8
v 0.3 6.2 0.6
v 0.3 6.2 0.5
v 0.3 6.2 0.2
v 0.3 6.2 -0.2
v 0.3 6.2 -0.5
v 0.3 6.2 -0.6
v 0.3 6.2 -0.8
v 0.3 6.2 -0.9
v 0.3 6.3 1
v 0.3 6.3 0.9
v 0.3 6.3 0.2
v 0.3 6.3 -0.2
v 0.3 6.3 -0.9
v 0.3 6.3 -1
v 0.3 6.4 1
v 0.3 6.4 -1
v 0.3 6.5 1
v 0.3 6.5 0.9
v 0.3 6.5 -0.9
v 0.3 6.5 -1
v 0.3 6.7 1.3
v 0.3 6.7 1.2
v 0.3 6.7 -1.2
v 0.3 6.7 -1.3
v 0.3 6.8 1.3
v 0.3 6.8 1.2
v 0.3 6.8 -1.2
v 0.3 6.8 -1.3
v 0.3 6.9 1.2
v 0.3 6.9 1.1
v 0.3 6.9 -1.1
v 0.3 6.9 -1.2
v 0.3 7 1.2
v 0.3 7 1.1
v 0.3 7 -1.1
v 0.3 7 -1.2
v 0.3 7.3 1
v 0.3 7.3 0.9
v 0.3 7.3 -0.9
v 0.3 7.3 -1
v 0.3 7.4 1
v 0.3 7.4 0.9
v 0.3 7.4 0.8
v 0.3 7.4 -0.8
v 0.3 7.4 -0.9
v 0.3 7.4 -1
v 0.3 7.5 0.9
v 0.3 7.5 0.8
v 0.3 7.5 -0.8
v 0.3 7.5 -0.9
v 0.4 1.4 1.7
v 0.4 1.4 1.6
v 0.4 1.4 -1.6
v 0.4 1.4 -1.7
v 0.4 1.7 1.8
v 0.4 1.7 1.7
v 0.4 1.7 1.6
v 0.4 1.7 -1.6
v 0.4 1.7 -1.7
v 0.4 1.7 -1.8
v 0.4 2.1 1.8
v 0.4 2.1 1.7
v 0.4 2.1 1.6
v 0.4 2.1 -1.6
v 0.4 2.1 -1.7
v 0.4 2.1 -1.8
v 0.4 2.7 1.7
v 0.4 2.7 1.6
v 0.4 2.7 1.5
v 0.4 2.7 -1.5
v 0.4 2.7 -1.6
v 0.4 2.7 -1.7
v 0.4 3.2 1.6
v 0.4 3.2 1.5
v 0.4 3.2 -1.5
v 0.4 3.2 -1.6
v 0.4 4.5 1.4
v 0.4 4.5 1.3
v 0.4 4.5 -1.3
v 0.4 4.5 -1.4
v 0.4 4.7 1.4
v 0.4 4.7 1.3
v 0.4 4.7 1.2
v 0.4 4.7 -1.2
v 0.4 4.7 -1.3
v 0.4 4.7 -1.4
v 0.4 4.9 1.3
v 0.4 4.9 1.2
v 0.4 4.9 1.1
v 0.4 4.9 -1.1
v 0.4 4.9 -1.2
v 0.4 4.9 -1.3
v 0.4 5.2 1.2
v 0.4 5.2 1.1
v 0.4 5.2 1
v 0.4 5.2 -1
v 0.4 5.2 -1.1
v 0.4 5.2 -1.2
v 0.4 5.4 1.1
v 0.4 5.4 1
v 0.4 5.4 -1
v 0.4 5.4 -1.1
v 0.4 5.7 0.2
v 0.4 5.7 0.0999999
v 0.4 5.7 -0.1
v 0.4 5.7 -0.2
v 0.4 5.8 0.2
v 0.4 5.8 0.0999999
v 0.4 5.8 -0.1
v 0.4 5.8 -0.2
v 0.4 6.1 1
v 0.4 6.1 0.9
v 0.4 6.1 0.5
v 0.4 6.1 0.2
v 0.4 6.1 -0.2
v 0.4 6.1 -0.5
v 0.4 6.1 -0.9
v 0.4 6.1 -1
v 0.4 6.2 0.8
v 0.4 6.2 0.5
v 0.4 6.2 0.3
v 0.4 6.2 0.2
v 0.4 6.2 -0.2
v 0.4 6.2 -0.3
v 0.4 6.2 -0.5
v 0.4 6.2 -0.8
v 0.4 6.3 1
v 0.4 6.3 0.9
v 0.4 6.3 0.8
v 0.4 6.3 0.6
v 0.4 6.3 0.5
v 0.4 6.3 0.4
v 0.4 6.3 0.3
v 0.4 6.3 0.2
v 0.4 6.3 -0.2
v 0.4 6.3 -0.3
v 0.4 6.3 -0.4
v 0.4 6.3 -0.5
v 0.4 6.3 -0.6
v 0.4 6.3 -0.8
v 0.4 6.3 -0.9
v 0.4 6.3 -1
v 0.4 6.4 0.4
v 0.4 6.4 0.3
v 0.4 6.4 -0.3
v 0.4 6.4 -0.4
v 0.4 6.7 1.2
v 0.4 6.7 1.1
v 0.4 6.7 -1.1
v 0.4 6.7 -1.2
v 0.4 6.8 1.2
v 0.4 6.8 1.1
v 0.4 6.8 -1.1
v 0.4 6.8 -1.2
v 0.4 6.9 1.2
v 0.4 6.9 1.1
v 0.4 6.9 -1.1
v 0.4 6.9 -1.2
v 0.4 7.1 1.1
v 0.4 7.1 1
v 0.4 7.1 -1
v 0.4 7.1 -1.1
v 0.4 7.2 1.1
v 0.4 7.2 1
v 0.4 7.2 0.8
v 0.4 7.2 -0.8
v 0.4 7.2 -1
v 0.4 7.2 -1.1
v 0.4 7.3 1
v 0.4 7.3 0.9
v 0.4 7.3 -0.9
v 0.4 7.3 -1
v 0.4 7.4 0.9
v 0.4 7.4 0.8
v 0.4 7.4 0.7
v 0.4 7.4 -0.7
v 0.4 7.4 -0.8
v 0.4 7.4 -0.9
v 0.4 7.6 0.8
v 0.4 7.6 0.7
v 0.4 7.6 -0.7
v 0.4 7.6 -0.8
v 0.5 1.2 1.7
v 0.5 1.2 1.6
v 0.5 1.2 -1.6
v 0.5 1.2 -1.7
v 0.5 1.4 1.7
v 0.5 1.4 1.6
v 0.5 1.4 -1.6
v 0.5 1.4 -1.7
v 0.5 6.3 0.8
v 0.5 6.3 0.6
v 0.5 6.3 0.5
v 0.5 6.3 -0.5
v 0.5 6.3 -0.6
v 0.5 6.3 -0.8
v 0.5 6.4 1.1
v 0.5 6.4 1
v 0.5 6.4 0.8
v 0.5 6.4 0.6
v 0.5 6.4 0.5
v 0.5 6.4 -0.5
v 0.5 6.4 -0.6
v 0.5 6.4 -0.8
v 0.5 6.4 -1
v 0.5 6.4 -1.1
v 0.5 6.5 1
v 0.5 6.5 0.8
v 0.5 6.5 0.6
v 0.5 6.5 -0.6
v 0.5 6.5 -0.8
v 0.5 6.5 -1
v 0.5 6.7 1.1
v 0.5 6.7 1
v 0.5 6.7 -1
v 0.5 6.7 -1.1
v 0.5 7 1.1
v 0.5 7 1
v 0.5 7 -1
v 0.5 7 -1.1
v 0.5 7.1 1.1
v 0.5 7.1 1
v 0.5 7.1 -1
v 0.5 7.1 -1.1
v 0.5 7.3 0.8
v 0.5 7.3 0.7
v 0.5 7.3 -0.7
v 0.5 7.3 -0.8
v 0.5 7.4 0.8
v 0.5 7.4 0.7
v 0.5 7.4 -0.7
v 0.5 7.4 -0.8
v 0.5 7.5 0.7
v 0.5 7.5 0.6
v 0.5 7.5 -0.6
v 0.5 7.5 -0.7
v 0.5 7.6 0.7
v 0.5 7.6 0.6
v 0.5 7.6 -0.6
v 0.5 7.6 -0.7
v 0.6 1.2 0.0999999
v 0.6 1.2 0
v 0.6 1.3 0
v 0.6 1.3 -0.1
v 0.6 1.4 0.0999999
v 0.6 1.4 0
v 0.6 1.5 -0.1
v 0.6 1.5 -0.2
v 0.6 1.6 0.0999999
v 0.6 1.6 0
v 0.6 1.6 -0.1
v 0.6 1.6 -0.2
v 0.6 1.8 0.2
v 0.6 1.8 0.0999999
v 0.6 1.8 0
v 0.6 1.8 -0.1
v 0.6 1.9 0.2
v 0.6 1.9 0.0999999
v 0.6 2.1 0
v 0.6 2.1 -0.1
v 0.6 2.3 0.0999999
v 0.6 2.3 -0.1
v 0.6 2.4 0.2
v 0.6 2.4 0.0999999
v 0.6 2.4 -0.1
v 0.6 2.4 -0.2
v 0.6 2.5 0.2
v 0.6 2.5 0.0999999
v 0.6 2.5 -0.1
v 0.6 2.5 -0.2
v 0.6 2.7 0.2
v 0.6 2.7 0.0999999
v 0.6 2.8 0.2
v 0.6 2.8 0.0999999
v 0.6 2.8 -0.1
v 0.6 2.9 0.2
v 0.6 2.9 0.0999999
v 0.6 2.9 -0.1
v 0.6 2.9 -0.2
v 0.6 3 0.2
v 0.6 3 0.0999999
v 0.6 3 -0.1
v 0.6 3 -0.2
v 0.6 3.1 0
v 0.6 3.1 -0.1
v 0.6 3.3 0.3
v 0.6 3.3 0.2
v 0.6 3.3 0.0999999
v 0.6 3.3 0
v 0.6 3.3 -0.1
v 0.6 3.3 -0.2
v 0.6 3.3 -0.3
v 0.6 3.4 0.2
v 0.6 3.4 0.0999999
v 0.6 3.4 -0.1
v 0.6 3.4 -0.2
v 0.6 3.5 0.3
v 0.6 3.5 0.2
v 0.6 3.5 -0.2
v 0.6 3.5 -0.3
v 0.6 4.3 0.2
v 0.6 4.3 0.0999999
v 0.6 4.3 -0.1
v 0.6 4.3 -0.2
v 0.6 4.4 0.2
v 0.6 4.4 0.0999999
v 0.6 4.4 -0.1
v 0.6 4.4 -0.2
v 0.6 4.9 0.0999999
v 0.6 4.9 -0.1
v 0.6 5 0.0999999
v 0.6 5 -0.1
v 0.6 5.1 0.2
v 0.6 5.1 0.0999999
v 0.6 5.1 -0.1
v 0.6 5.1 -0.2
v 0.6 5.4 0.0999999
v 0.6 5.4 -0.1
v 0.6 5.5 0.2
v 0.6 5.5 0.0999999
v 0.6 5.5 -0.1
v 0.6 5.5 -0.2
v 0.6 6 0.4
v 0.6 6 0.3
v 0.6 6 -0.3
v 0.6 6 -0.4
v 0.6 6.1 0.4
v 0.6 6.1 0.3
v 0.6 6.1 -0.3
v 0.6 6.1 -0.4
v 0.6 6.2 0.4
v 0.6 6.2 0.3
v 0.6 6.2 0.2
v 0.6 6.2 -0.2
v 0.6 6.2 -0.3
v 0.6 6.2 -0.4
v 0.6 6.3 0.4
v 0.6 6.3 0.3
v 0.6 6.3 -0.3
v 0.6 6.3 -0.4
v 0.6 6.4 1
v 0.6 6.4 0.8
v 0.6 6.4 0.3
v 0.6 6.4 0.2
v 0.6 6.4 -0.2
v 0.6 6.4 -0.3
v 0.6 6.4 -0.8
v 0.6 6.4 -1
v 0.6 6.5 1
v 0.6 6.5 0.9
v 0.6 6.5 0.8
v 0.6 6.5 -0.8
v 0.6 6.5 -0.9
v 0.6 6.5 -1
v 0.6 6.7 1.1
v 0.6 6.7 1
v 0.6 6.7 0.9
v 0.6 6.7 -0.9
v 0.6 6.7 -1
v 0.6 6.7 -1.1
v 0.6 6.8 1.1
v 0.6 6.8 1
v 0.6 6.8 -1
v 0.6 6.8 -1.1
v 0.6 6.9 1.1
v 0.6 6.9 1
v 0.6 6.9 -1
v 0.6 6.9 -1.1
v 0.6 7 1.1
v 0.6 7 1
v 0.6 7 0.9
v 0.6 7 -0.9
v 0.6 7 -1
v 0.6 7 -1.1
v 0.6 7.1 0.9
v 0.6 7.1 0.8
v 0.6 7.1 -0.8
v 0.6 7.1 -0.9
v 0.6 7.2 1
v 0.6 7.2 0.8
v 0.6 7.2 0.7
v 0.6 7.2 -0.7
v 0.6 7.2 -0.8
v 0.6 7.2 -1
v 0.6 7.3 0.8
v 0.6 7.3 0.7
v 0.6 7.3 -0.7
v 0.6 7.3 -0.8
v 0.6 7.4 0.7
v 0.6 7.4 0.6
v 0.6 7.4 -0.6
v 0.6 7.4 -0.7
v 0.6 7.5 0.7
v 0.6 7.5 0.6
v 0.6 7.5 -0.6
v 0.6 7.5 -0.7
v 0.7 0.9 1.3
v 0.7 0.9 1.2
v 0.7 0.9 -1.2
v 0.7 0.9 -1.3
v 0.7 1.3 1.3
v 0.7 1.3 -1.3
v 0.7 1.4 1.3
v 0.7 1.4 1.2
v 0.7 1.4 -1.2
v 0.7 1.4 -1.3
v 0.7 2.3 0.0999999
v 0.7 2.3 -0.1
v 0.7 2.8 0.2
v 0.7 2.8 0.0999999
v 0.7 2.8 -0.1
v 0.7 2.8 -0.2
v 0.7 2.9 0.2
v 0.7 2.9 0.0999999
v 0.7 2.9 -0.1
v 0.7 2.9 -0.2
v 0.7 3 0.2
v 0.7 3 0.0999999
v 0.7 3 -0.1
v 0.7 3 -0.2
v 0.7 3.1 0
v 0.7 3.1 -0.1
v 0.7 3.3 0.2
v 0.7 3.3 0.0999999
v 0.7 3.3 0
v 0.7 3.3 -0.1
v 0.7 3.3 -0.2
v 0.7 3.4 0.2
v 0.7 3.4 0.0999999
v 0.7 3.4 -0.1
v 0.7 3.4 -0.2
v 0.7 3.5 0.3
v 0.7 3.5 0.2
v 0.7 3.5 -0.2
v 0.7 3.5 -0.3
v 0.7 3.6 0.3
v 0.7 3.6 0.2
v 0.7 3.6 -0.2
v 0.7 3.6 -0.3
v 0.7 3.7 0.3
v 0.7 3.7 0.2
v 0.7 3.7 -0.2
v 0.7 3.7 -0.3
v 0.7 4 0.4
v 0.7 4 0.3
v 0.7 4 -0.3
v 0.7 4 -0.4
v 0.7 4.1 0.4
v 0.7 4.1 0.2
v 0.7 4.1 0.0999999
v 0.7 4.1 -0.1
v 0.7 4.1 -0.2
v 0.7 4.1 -0.4
v 0.7 4.2 0.3
v 0.7 4.2 0.2
v 0.7 4.2 0.0999999
v 0.7 4.2 -0.1
v 0.7 4.2 -0.2
v 0.7 4.2 -0.3
v 0.7 4.3 0.3
v 0.7 4.3 0.2
v 0.7 4.3 -0.2
v 0.7 4.3 -0.3
v 0.7 4.4 0.2
v 0.7 4.4 0.0999999
v 0.7 4.4 -0.1
v 0.7 4.4 -0.2
v 0.7 4.5 0.0999999
v 0.7 4.5 -0.1
v 0.7 4.7 0.2
v 0.7 4.7 0.0999999
v 0.7 4.7 -0.1
v 0.7 4.7 -0.2
v 0.7 4.9 0.0999999
v 0.7 4.9 -0.1
v 0.7 5 0.2
v 0.7 5 0.0999999
v 0.7 5 -0.1
v 0.7 5 -0.2
v 0.7 5.1 0.9
v 0.7 5.1 0.8
v 0.7 5.1 0.2
v 0.7 5.1 0.0999999
v 0.7 5.1 -0.1
v 0.7 5.1 -0.2
v 0.7 5.1 -0.8
v 0.7 5.1 -0.9
v 0.7 5.2 0.9
v 0.7 5.2 -0.9
v 0.7 5.4 0.0999999
v 0.7 5.4 -0.1
v 0.7 5.5 0.9
v 0.7 5.5 0.8
v 0.7 5.5 0.2
v 0.7 5.5 0.0999999
v 0.7 5.5 -0.1
v 0.7 5.5 -0.2
v 0.7 5.5 -0.8
v 0.7 5.5 -0.9
v 0.7 6.2 0.5
v 0.7 6.2 0.4
v 0.7 6.2 0.2
v 0.7 6.2 -0.2
v 0.7 6.2 -0.4
v 0.7 6.2 -0.5
v 0.7 6.3 0.6
v 0.7 6.3 0.5
v 0.7 6.3 0.4
v 0.7 6.3 -0.4
v 0.7 6.3 -0.5
v 0.7 6.3 -0.6
v 0.7 6.4 0.3
v 0.7 6.4 0.2
v 0.7 6.4 -0.2
v 0.7 6.4 -0.3
v 0.7 6.5 0.9
v 0.7 6.5 0.8
v 0.7 6.5 0.6
v 0.7 6.5 0.5
v 0.7 6.5 0.3
v 0.7 6.5 0.2
v 0.7 6.5 -0.2
v 0.7 6.5 -0.3
v 0.7 6.5 -0.5
v 0.7 6.5 -0.6
v 0.7 6.5 -0.8
v 0.7 6.5 -0.9
v 0.7 6.7 1
v 0.7 6.7 0.9
v 0.7 6.7 0.8
v 0.7 6.7 -0.8
v 0.7 6.7 -0.9
v 0.7 6.7 -1
v 0.7 6.8 1.1
v 0.7 6.8 1
v 0.7 6.8 0.9
v 0.7 6.8 -0.9
v 0.7 6.8 -1
v 0.7 6.8 -1.1
v 0.7 6.9 1.1
v 0.7 6.9 1
v 0.7 6.9 0.9
v 0.7 6.9 -0.9
v 0.7 6.9 -1
v 0.7 6.9 -1.1
v 0.7 7 1
v 0.7 7 0.9
v 0.7 7 -0.9
v 0.7 7 -1
v 0.7 7.3 0.7
v 0.7 7.3 0.6
v 0.7 7.3 -0.6
v 0.7 7.3 -0.7
v 0.7 7.4 0.7
v 0.7 7.4 0.6
v 0.7 7.4 -0.6
v 0.7 7.4 -0.7
v 0.7 7.5 0.6
v 0.7 7.5 0.5
v 0.7 7.5 -0.5
v 0.7 7.5 -0.6
v 0.7 7.6 0.6
v 0.7 7.6 0.5
v 0.7 7.6 -0.5
v 0.7 7.6 -0.6
v 0.8 1.3 1.4
v 0.8 1.3 1.3
v 0.8 1.3 -1.3
v 0.8 1.3 -1.4
v 0.8 2.1 1.4
v 0.8 2.1 1.3
v 0.8 2.1 -1.3
v 0.8 2.1 -1.4
v 0.8 3.6 1.2
v 0.8 3.6 1.1
v 0.8 3.6 0.3
v 0.8 3.6 0.2
v 0.8 3.6 -0.2
v 0.8 3.6 -0.3
v 0.8 3.6 -1.1
v 0.8 3.6 -1.2
v 0.8 3.7 1.2
v 0.8 3.7 0.3
v 0.8 3.7 0.2
v 0.8 3.7 -0.2
v 0.8 3.7 -0.3
v 0.8 3.7 -1.2
v 0.8 4.1 0.0999999
v 0.8 4.1 -0.1
v 0.8 4.2 1.1
v 0.8 4.2 1
v 0.8 4.2 0.2
v 0.8 4.2 0.0999999
v 0.8 4.2 -0.1
v 0.8 4.2 -0.2
v 0.8 4.2 -1
v 0.8 4.2 -1.1
v 0.8 4.3 1.2
v 0.8 4.3 1.1
v 0.8 4.3 0.2
v 0.8 4.3 0.0999999
v 0.8 4.3 -0.1
v 0.8 4.3 -0.2
v 0.8 4.3 -1.1
v 0.8 4.3 -1.2
v 0.8 4.4 0.0999999
v 0.8 4.4 -0.1
v 0.8 4.5 1
v 0.8 4.5 0.9
v 0.8 4.5 0.0999999
v 0.8 4.5 -0.1
v 0.8 4.5 -0.9
v 0.8 4.5 -1
v 0.8 4.6 1.1
v 0.8 4.6 1
v 0.8 4.6 -1
v 0.8 4.6 -1.1
v 0.8 4.7 0.0999999
v 0.8 4.7 -0.1
v 0.8 5.2 1
v 0.8 5.2 0.9
v 0.8 5.2 -0.9
v 0.8 5.2 -1
v 0.8 5.5 0.9
v 0.8 5.5 0.8
v 0.8 5.5 -0.8
v 0.8 5.5 -0.9
v 0.8 5.8 0.8
v 0.8 5.8 0.7
v 0.8 5.8 -0.7
v 0.8 5.8 -0.8
v 0.8 5.9 0.9
v 0.8 5.9 0.8
v 0.8 5.9 -0.8
v 0.8 5.9 -0.9
v 0.8 6.2 0.7
v 0.8 6.2 0.6
v 0.8 6.2 0.2
v 0.8 6.2 -0.2
v 0.8 6.2 -0.6
v 0.8 6.2 -0.7
v 0.8 6.3 0.8
v 0.8 6.3 0.7
v 0.8 6.3 0.4
v 0.8 6.3 0.3
v 0.8 6.3 -0.3
v 0.8 6.3 -0.4
v 0.8 6.3 -0.7
v 0.8 6.3 -0.8
v 0.8 6.4 0.7
v 0.8 6.4 0.6
v 0.8 6.4 0.4
v 0.8 6.4 0.3
v 0.8 6.4 -0.3
v 0.8 6.4 -0.4
v 0.8 6.4 -0.6
v 0.8 6.4 -0.7
v 0.8 6.5 0.8
v 0.8 6.5 0.7
v 0.8 6.5 0.4
v 0.8 6.5 0.3
v 0.8 6.5 0.2
v 0.8 6.5 -0.2
v 0.8 6.5 -0.3
v 0.8 6.5 -0.4
v 0.8 6.5 -0.7
v 0.8 6.5 -0.8
v 0.8 6.7 0.8
v 0.8 6.7 0.7
v 0.8 6.7 -0.7
v 0.8 6.7 -0.8
v 0.8 6.8 1
v 0.8 6.8 0.9
v 0.8 6.8 -0.9
v 0.8 6.8 -1
v 0.8 6.9 1
v 0.8 6.9 0.9
v 0.8 6.9 -0.9
v 0.8 6.9 -1
v 0.8 7.2 0.7
v 0.8 7.2 0.6
v 0.8 7.2 -0.6
v 0.8 7.2 -0.7
v 0.8 7.3 0.7
v 0.8 7.3 0.6
v 0.8 7.3 0.5
v 0.8 7.3 -0.5
v 0.8 7.3 -0.6
v 0.8 7.3 -0.7
v 0.8 7.5 0.6
v 0.8 7.5 0.5
v 0.8 7.5 0.3
v 0.8 7.5 -0.3
v 0.8 7.5 -0.5
v 0.8 7.5 -0.6
v 0.8 7.6 0.5
v 0.8 7.6 0.3
v 0.8 7.6 -0.3
v 0.8 7.6 -0.5
v 0.9 0.7 0.4
v 0.9 0.7 0.3
v 0.9 0.7 -0.3
v 0.9 0.7 -0.4
v 0.9 0.8 0.4
v 0.9 0.8 0.3
v 0.9 0.8 -0.3
v 0.9 0.8 -0.4
v 0.9 2.1 1.4
v 0.9 2.1 1.3
v 0.9 2.1 -1.3
v 0.9 2.1 -1.4
v 0.9 2.5 1.4
v 0.9 2.5 1.3
v 0.9 2.5 1.2
v 0.9 2.5 -1.2
v 0.9 2.5 -1.3
v 0.9 2.5 -1.4
v 0.9 2.9 1.3
v 0.9 2.9 1.2
v 0.9 2.9 -1.2
v 0.9 2.9 -1.3
v 0.9 3.3 1.3
v 0.9 3.3 1.2
v 0.9 3.3 -1.2
v 0.9 3.3 -1.3
v 0.9 3.7 1.3
v 0.9 3.7 1.2
v 0.9 3.7 -1.2
v 0.9 3.7 -1.3
v 0.9 4.2 0.0999999
v 0.9 4.2 -0.1
v 0.9 4.3 0.0999999
v 0.9 4.3 -0.1
v 0.9 6.3 0.5
v 0.9 6.3 0.4
v 0.9 6.3 -0.4
v 0.9 6.3 -0.5
v 0.9 6.4 0.7
v 0.9 6.4 0.6
v 0.9 6.4 0.5
v 0.9 6.4 0.4
v 0.9 6.4 -0.4
v 0.9 6.4 -0.5
v 0.9 6.4 -0.6
v 0.9 6.4 -0.7
v 0.9 6.5 0.7
v 0.9 6.5 0.6
v 0.9 6.5 -0.6
v 0.9 6.5 -0.7
v 0.9 6.7 0.9
v 0.9 6.7 0.8
v 0.9 6.7 -0.8
v 0.9 6.7 -0.9
v 0.9 6.9 0.9
v 0.9 6.9 0.8
v 0.9 6.9 -0.8
v 0.9 6.9 -0.9
v 0.9 7.1 0.9
v 0.9 7.1 0.8
v 0.9 7.1 0.6
v 0.9 7.1 -0.6
v 0.9 7.1 -0.8
v 0.9 7.1 -0.9
v 0.9 7.2 0.8
v 0.9 7.2 0.6
v 0.9 7.2 0.5
v 0.9 7.2 -0.5
v 0.9 7.2 -0.6
v 0.9 7.2 -0.8
v 0.9 7.3 0.6
v 0.9 7.3 0.5
v 0.9 7.3 0.4
v 0.9 7.3 -0.4
v 0.9 7.3 -0.5
v 0.9 7.3 -0.6
v 0.9 7.5 0.5
v 0.9 7.5 0.4
v 0.9 7.5 0.3
v 0.9 7.5 0.2
v 0.9 7.5 -0.2
v 0.9 7.5 -0.3
v 0.9 7.5 -0.4
v 0.9 7.5 -0.5
v 0.9 7.6 0.3
v 0.9 7.6 0.2
v 0.9 7.6 -0.2
v 0.9 7.6 -0.3
v 1 0.8 0.4
v 1 0.8 0.3
v 1 0.8 -0.3
v 1 0.8 -0.4
v 1 1.2 0.4
v 1 1.2 0.3
v 1 1.2 -0.3
v 1 1.2 -0.4
v 1 2.9 1.3
v 1 2.9 1.2
v 1 2.9 -1.2
v 1 2.9 -1.3
v 1 3.3 1.3
v 1 3.3 1.2
v 1 3.3 -1.2
v 1 3.3 -1.3
v 1 6.1 0.3
v 1 6.1 0.2
v 1 6.1 0.0999999
v 1 6.1 -0.1
v 1 6.1 -0.2
v 1 6.1 -0.3
v 1 6.2 0.3
v 1 6.2 0.2
v 1 6.2 -0.2
v 1 6.2 -0.3
v 1 6.5 0.7
v 1 6.5 0.6
v 1 6.5 0.2
v 1 6.5 0.0999999
v 1 6.5 -0.1
v 1 6.5 -0.2
v 1 6.5 -0.6
v 1 6.5 -0.7
v 1 6.6 0.7
v 1 6.6 0.6
v 1 6.6 -0.6
v 1 6.6 -0.7
v 1 6.7 0.8
v 1 6.7 0.7
v 1 6.7 0.6
v 1 6.7 -0.6
v 1 6.7 -0.7
v 1 6.7 -0.8
v 1 6.8 0.8
v 1 6.8 0.7
v 1 6.8 -0.7
v 1 6.8 -0.8
v 1 6.9 0.8
v 1 6.9 0.7
v 1 6.9 -0.7
v 1 6.9 -0.8
v 1 7.1 0.8
v 1 7.1 0.7
v 1 7.1 -0.7
v 1 7.1 -0.8
v 1 7.2 0.5
v 1 7.2 0.4
v 1 7.2 -0.4
v 1 7.2 -0.5
v 1 7.3 0.5
v 1 7.3 0.4
v 1 7.3 0.3
v 1 7.3 -0.3
v 1 7.3 -0.4
v 1 7.3 -0.5
v 1 7.4 0.3
v 1 7.4 -0.3
v 1 7.5 0.4
v 1 7.5 0.2
v 1 7.5 -0.2
v 1 7.5 -0.4
v 1 7.6 0.2
v 1 7.6 -0.2
v 1.1 1.2 0.4
v 1.1 1.2 0.3
v 1.1 1.2 -0.3
v 1.1 1.2 -0.4
v 1.1 1.7 0.4
v 1.1 1.7 -0.4
v 1.1 1.8 0.4
v 1.1 1.8 0.3
v 1.1 1.8 -0.3
v 1.1 1.8 -0.4
v 1.1 4.8 0.3
v 1.1 4.8 0.2
v 1.1 4.8 -0.2
v 1.1 4.8 -0.3
v 1.1 5 0.4
v 1.1 5 0.3
v 1.1 5 -0.3
v 1.1 5 -0.4
v 1.1 5.1 0.3
v 1.1 5.1 0.2
v 1.1 5.1 -0.2
v 1.1 5.1 -0.3
v 1.1 5.7 0.3
v 1.1 5.7 0.2
v 1.1 5.7 -0.2
v 1.1 5.7 -0.3
v 1.1 5.8 0.4
v 1.1 5.8 0.3
v 1.1 5.8 -0.3
v 1.1 5.8 -0.4
v 1.1 6.1 0.3
v 1.1 6.1 0.2
v 1.1 6.1 -0.2
v 1.1 6.1 -0.3
v 1.1 6.4 0.6
v 1.1 6.4 0.5
v 1.1 6.4 0.4
v 1.1 6.4 -0.4
v 1.1 6.4 -0.5
v 1.1 6.4 -0.6
v 1.1 6.5 0.4
v 1.1 6.5 0.3
v 1.1 6.5 0.2
v 1.1 6.5 -0.2
v 1.1 6.5 -0.3
v 1.1 6.5 -0.4
v 1.1 6.6 0.4
v 1.1 6.6 0.3
v 1.1 6.6 0.2
v 1.1 6.6 -0.2
v 1.1 6.6 -0.3
v 1.1 6.6 -0.4
v 1.1 6.7 0.6
v 1.1 6.7 0.5
v 1.1 6.7 0.4
v 1.1 6.7 0.3
v 1.1 6.7 0.2
v 1.1 6.7 -0.2
v 1.1 6.7 -0.3
v 1.1 6.7 -0.4
v 1.1 6.7 -0.5
v 1.1 6.7 -0.6
v 1.1 6.8 0.8
v 1.1 6.8 0.7
v 1.1 6.8 -0.7
v 1.1 6.8 -0.8
v 1.1 6.9 0.8
v 1.1 6.9 0.7
v 1.1 6.9 -0.7
v 1.1 6.9 -0.8
v 1.1 7.2 0.4
v 1.1 7.2 -0.4
v 1.1 7.3 0.4
v 1.1 7.3 0.3
v 1.1 7.3 -0.3
v 1.1 7.3 -0.4
v 1.1 7.4 0.3
v 1.1 7.4 -0.3
v 1.2 1.7 0.5
v 1.2 1.7 0.4
v 1.2 1.7 -0.4
v 1.2 1.7 -0.5
v 1.2 2.5 0.5
v 1.2 2.5 0.4
v 1.2 2.5 -0.4
v 1.2 2.5 -0.5
v 1.2 4.4 0.3
v 1.2 4.4 0.2
v 1.2 4.4 -0.2
v 1.2 4.4 -0.3
v 1.2 4.8 0.3
v 1.2 4.8 0.2
v 1.2 4.8 -0.2
v 1.2 4.8 -0.3
v 1.2 6.5 0.2
v 1.2 6.5 -0.2
v 1.2 6.7 0.7
v 1.2 6.7 0.6
v 1.2 6.7 0.2
v 1.2 6.7 -0.2
v 1.2 6.7 -0.6
v 1.2 6.7 -0.7
v 1.2 6.8 0.7
v 1.2 6.8 0.6
v 1.2 6.8 -0.6
v 1.2 6.8 -0.7
v 1.2 7.1 0.7
v 1.2 7.1 0.6
v 1.2 7.1 0.3
v 1.2 7.1 -0.3
v 1.2 7.1 -0.6
v 1.2 7.1 -0.7
v 1.2 7.2 0.6
v 1.2 7.2 0.3
v 1.2 7.2 -0.3
v 1.2 7.2 -0.6
v 1.3 2.5 0.5
v 1.3 2.5 0.4
v 1.3 2.5 -0.4
v 1.3 2.5 -0.5
v 1.3 2.6 0.5
v 1.3 2.6 0.4
v 1.3 2.6 0.3
v 1.3 2.6 -0.3
v 1.3 2.6 -0.4
v 1.3 2.6 -0.5
v 1.3 2.8 0.4
v 1.3 2.8 0.3
v 1.3 2.8 -0.3
v 1.3 2.8 -0.4
v 1.3 4.2 0.3
v 1.3 4.2 0.2
v 1.3 4.2 -0.2
v 1.3 4.2 -0.3
v 1.3 4.4 0.3
v 1.3 4.4 0.2
v 1.3 4.4 -0.2
v 1.3 4.4 -0.3
v 1.3 6.7 0.6
v 1.3 6.7 0.4
v 1.3 6.7 0.3
v 1.3 6.7 0.2
v 1.3 6.7 -0.2
v 1.3 6.7 -0.3
v 1.3 6.7 -0.4
v 1.3 6.7 -0.6
v 1.3 6.8 0.4
v 1.3 6.8 0.3
v 1.3 6.8 0.0999999
v 1.3 6.8 -0.1
v 1.3 6.8 -0.3
v 1.3 6.8 -0.4
v 1.3 6.9 0.3
v 1.3 6.9 0.2
v 1.3 6.9 0.0999999
v 1.3 6.9 -0.1
v 1.3 6.9 -0.2
v 1.3 6.9 -0.3
v 1.3 7.1 0.6
v 1.3 7.1 0.3
v 1.3 7.1 -0.3
v 1.3 7.1 -0.6
v 1.3 7.2 0.3
v 1.3 7.2 -0.3
v 1.4 2.8 0.4
v 1.4 2.8 0.3
v 1.4 2.8 -0.3
v 1.4 2.8 -0.4
v 1.4 3.6 0.4
v 1.4 3.6 0.3
v 1.4 3.6 0.2
v 1.4 3.6 -0.2
v 1.4 3.6 -0.3
v 1.4 3.6 -0.4
v 1.4 4.2 0.3
v 1.4 4.2 0.2
v 1.4 4.2 -0.2
v 1.4 4.2 -0.3
v 1.4 6.9 0.3
v 1.4 6.9 -0.3
v 1.4 7.1 0.3
v 1.4 7.1 -0.3
v -0.4 1.7 1.8
v -0.4 2.1 1.8
v -0.3 1.7 1.8
v -0.3 2.1 1.8
v 0.3 1.7 1.8
v 0.3 2.1 1.8
v 0.4 1.7 1.8
v 0.4 2.1 1.8
v -0.5 1.2 1.7
v -0.5 1.4 1.7
v -0.4 1.2 1.7
v -0.4 1.4 1.7
v -0.4 1.7 1.7
v -0.4 2.1 1.7
v -0.4 2.7 1.7
v -0.3 1.4 1.7
v -0.3 1.7 1.7
v -0.3 2.1 1.7
v -0.3 2.7 1.7
v 0.3 1.4 1.7
v 0.3 1.7 1.7
v 0.3 2.1 1.7
v 0.3 2.7 1.7
v 0.4 1.2 1.7
v 0.4 1.4 1.7
v 0.4 1.7 1.7
v 0.4 2.1 1.7
v 0.4 2.7 1.7
v 0.5 1.2 1.7
v 0.5 1.4 1.7
v -0.4 2.7 1.6
v -0.4 3.2 1.6
v -0.3 2.7 1.6
v -0.3 3.2 1.6
v -0.3 3.5 1.6
v -0.2 3.2 1.6
v -0.2 3.5 1.6
v 0.2 3.2 1.6
v 0.2 3.5 1.6
v 0.3 2.7 1.6
v 0.3 3.2 1.6
v 0.3 3.5 1.6
v 0.4 2.7 1.6
v 0.4 3.2 1.6
v -0.3 3.5 1.5
v -0.3 4.2 1.5
v -0.2 3.5 1.5
v -0.2 4.2 1.5
v 0.2 3.5 1.5
v 0.2 4.2 1.5
v 0.3 3.5 1.5
v 0.3 4.2 1.5
v -0.9 2.1 1.4
v -0.9 2.5 1.4
v -0.8 1.3 1.4
v -0.8 2.1 1.4
v -0.8 2.5 1.4
v -0.7 1.3 1.4
v -0.7 2.1 1.4
v -0.4 4.5 1.4
v -0.4 4.7 1.4
v -0.3 4.2 1.4
v -0.3 4.5 1.4
v -0.3 4.7 1.4
v -0.2 4.2 1.4
v -0.2 4.5 1.4
v 0.2 4.2 1.4
v 0.2 4.5 1.4
v 0.3 4.2 1.4
v 0.3 4.5 1.4
v 0.3 4.7 1.4
v 0.4 4.5 1.4
v 0.4 4.7 1.4
v 0.7 1.3 1.4
v 0.7 2.1 1.4
v 0.8 1.3 1.4
v 0.8 2.1 1.4
v 0.8 2.5 1.4
v 0.9 2.1 1.4
v 0.9 2.5 1.4
v -1 2.9 1.3
v -1 3.3 1.3
v -0.9 2.5 1.3
v -0.9 2.9 1.3
v -0.9 3.3 1.3
v -0.9 3.7 1.3
v -0.8 2.5 1.3
v -0.8 2.9 1.3
v -0.8 3.3 1.3
v -0.8 3.7 1.3
v -0.7 0.9 1.3
v -0.7 1.3 1.3
v -0.7 1.4 1.3
v -0.6 0.9 1.3
v -0.6 1.4 1.3
v -0.4 4.7 1.3
v -0.4 4.9 1.3
v -0.3 4.7 1.3
v -0.3 4.9 1.3
v -0.3 6.7 1.3
v -0.3 6.8 1.3
v -0.2 6.8 1.3
v -0.2 6.9 1.3
v -0.1 6.7 1.3
v -0.1 6.9 1.3
v 0.1 6.7 1.3
v 0.1 6.9 1.3
v 0.2 6.8 1.3
v 0.2 6.9 1.3
v 0.3 4.7 1.3
v 0.3 4.9 1.3
v 0.3 6.7 1.3
v 0.3 6.8 1.3
v 0.4 4.7 1.3
v 0.4 4.9 1.3
v 0.6 0.9 1.3
v 0.6 1.4 1.3
v 0.7 0.9 1.3
v 0.7 1.3 1.3
v 0.7 1.4 1.3
v 0.8 2.5 1.3
v 0.8 2.9 1.3
v 0.8 3.3 1.3
v 0.8 3.7 1.3
v 0.9 2.5 1.3
v 0.9 2.9 1.3
v 0.9 3.3 1.3
v 0.9 3.7 1.3
v 1 2.9 1.3
v 1 3.3 1.3
v -0.8 3.6 1.2
v -0.8 3.7 1.2
v -0.8 4.3 1.2
v -0.7 3.6 1.2
v -0.7 4.3 1.2
v -0.4 4.9 1.2
v -0.4 5.2 1.2
v -0.4 6.7 1.2
v -0.4 6.8 1.2
v -0.4 6.9 1.2
v -0.3 4.9 1.2
v -0.3 5.2 1.2
v -0.3 6.7 1.2
v -0.3 6.8 1.2
v -0.3 6.9 1.2
v -0.3 7 1.2
v -0.2 6.4 1.2
v -0.2 6.6 1.2
v -0.2 6.7 1.2
v -0.2 6.8 1.2
v -0.2 6.9 1.2
v -0.1 6.6 1.2
v -0.1 6.7 1.2
v -0.1 6.9 1.2
v 0.1 6.6 1.2
v 0.1 6.7 1.2
v 0.1 6.9 1.2
v 0.2 6.4 1.2
v 0.2 6.6 1.2
v 0.2 6.7 1.2
v 0.2 6.8 1.2
v 0.2 6.9 1.2
v 0.3 4.9 1.2
v 0.3 5.2 1.2
v 0.3 6.7 1.2
v 0.3 6.8 1.2
v 0.3 6.9 1.2
v 0.3 7 1.2
v 0.4 4.9 1.2
v 0.4 5.2 1.2
v 0.4 6.7 1.2
v 0.4 6.8 1.2
v 0.4 6.9 1.2
v 0.7 3.6 1.2
v 0.7 4.3 1.2
v 0.8 3.6 1.2
v 0.8 3.7 1.2
v 0.8 4.3 1.2
v -0.8 4.3 1.1
v -0.8 4.6 1.1
v -0.7 4.3 1.1
v -0.7 4.6 1.1
v -0.7 6.8 1.1
v -0.7 6.9 1.1
v -0.6 6.7 1.1
v -0.6 6.8 1.1
v -0.6 6.9 1.1
v -0.6 7 1.1
v -0.5 6.4 1.1
v -0.5 6.7 1.1
v -0.5 6.8 1.1
v -0.5 7 1.1
v -0.5 7.1 1.1
v -0.4 5.2 1.1
v -0.4 5.4 1.1
v -0.4 6.4 1.1
v -0.4 6.7 1.1
v -0.4 6.8 1.1
v -0.4 6.9 1.1
v -0.4 7.1 1.1
v -0.4 7.2 1.1
v -0.3 5.2 1.1
v -0.3 5.4 1.1
v -0.3 6.1 1.1
v -0.3 6.7 1.1
v -0.3 6.9 1.1
v -0.3 7 1.1
v -0.2 5.4 1.1
v -0.2 6.1 1.1
v -0.2 6.4 1.1
v -0.2 6.6 1.1
v -0.2 6.7 1.1
v 0.2 5.4 1.1
v 0.2 6.1 1.1
v 0.2 6.4 1.1
v 0.2 6.6 1.1
v 0.2 6.7 1.1
v 0.3 5.2 1.1
v 0.3 5.4 1.1
v 0.3 6.1 1.1
v 0.3 6.7 1.1
v 0.3 6.9 1.1
v 0.3 7 1.1
v 0.4 5.2 1.1
v 0.4 5.4 1.1
v 0.4 6.4 1.1
v 0.4 6.7 1.1
v 0.4 6.8 1.1
v 0.4 6.9 1.1
v 0.4 7.1 1.1
v 0.4 7.2 1.1
v 0.5 6.4 1.1
v 0.5 6.7 1.1
v 0.5 6.8 1.1
v 0.5 7 1.1
v 0.5 7.1 1.1
v 0.6 6.7 1.1
v 0.6 6.8 1.1
v 0.6 6.9 1.1
v 0.6 7 1.1
v 0.7 4.3 1.1
v 0.7 4.6 1.1
v 0.7 6.8 1.1
v 0.7 6.9 1.1
v 0.8 4.3 1.1
v 0.8 4.6 1.1
v -0.8 4.6 1
v -0.8 5.2 1
v -0.8 6.8 1
v -0.8 6.9 1
v -0.7 4.6 1
v -0.7 5.1 1
v -0.7 6.7 1
v -0.7 6.8 1
v -0.7 6.9 1
v -0.7 7 1
v -0.6 5.1 1
v -0.6 5.2 1
v -0.6 6.4 1
v -0.6 6.5 1
v -0.6 6.7 1
v -0.6 6.8 1
v -0.6 6.9 1
v -0.6 7 1
v -0.6 7.2 1
v -0.5 6.4 1
v -0.5 6.5 1
v -0.5 6.7 1
v -0.5 7 1
v -0.5 7.1 1
v -0.4 6.1 1
v -0.4 6.3 1
v -0.4 7.1 1
v -0.4 7.2 1
v -0.4 7.3 1
v -0.3 6.1 1
v -0.3 6.3 1
v -0.3 6.4 1
v -0.3 7.3 1
v -0.3 7.4 1
v -0.2 3.3 1
v -0.2 4.1 1
v -0.2 6.1 1
v -0.2 6.4 1
v -0.1 3 1
v -0.1 3.3 1
v -0.1 3.5 1
v -0.1 3.6 1
v -0.1 3.7 1
v -0.1 4.1 1
v 0 3.1 1
v 0 3.3 1
v 0 3.5 1
v 0 3.6 1
v 0 3.7 1
v 0 3.9 1
v 0.1 3 1
v 0.1 3.1 1
v 0.1 3.3 1
v 0.1 3.4 1
v 0.1 3.9 1
v 0.1 4.1 1
v 0.2 3.4 1
v 0.2 4.1 1
v 0.2 6.1 1
v 0.2 6.4 1
v 0.3 6.1 1
v 0.3 6.3 1
v 0.3 6.4 1
v 0.3 7.3 1
v 0.3 7.4 1
v 0.4 6.1 1
v 0.4 6.3 1
v 0.4 7.1 1
v 0.4 7.2 1
v 0.4 7.3 1
v 0.5 6.4 1
v 0.5 6.5 1
v 0.5 6.7 1
v 0.5 7 1
v 0.5 7.1 1
v 0.6 5.1 1
v 0.6 5.2 1
v 0.6 6.4 1
v 0.6 6.5 1
v 0.6 6.7 1
v 0.6 6.8 1
v 0.6 6.9 1
v 0.6 7 1
v 0.6 7.2 1
v 0.7 4.6 1
v 0.7 5.1 1
v 0.7 6.7 1
v 0.7 6.8 1
v 0.7 6.9 1
v 0.7 7 1
v 0.8 4.6 1
v 0.8 5.2 1
v 0.8 6.8 1
v 0.8 6.9 1
v -0.9 6.7 0.9
v -0.9 6.9 0.9
v -0.9 7.1 0.9
v -0.8 5.5 0.9
v -0.8 5.9 0.9
v -0.8 6.8 0.9
v -0.8 6.9 0.9
v -0.7 5.2 0.9
v -0.7 5.5 0.9
v -0.7 5.6 0.9
v -0.7 5.9 0.9
v -0.7 6.5 0.9
v -0.7 6.7 0.9
v -0.7 6.8 0.9
v -0.7 6.9 0.9
v -0.7 7 0.9
v -0.6 5.2 0.9
v -0.6 5.6 0.9
v -0.6 6.5 0.9
v -0.6 6.7 0.9
v -0.6 7 0.9
v -0.6 7.1 0.9
v -0.4 7.3 0.9
v -0.4 7.4 0.9
v -0.3 7.3 0.9
v -0.3 7.4 0.9
v -0.3 7.5 0.9
v -0.2 7.5 0.9
v -0.2 7.6 0.9
v -0.1 2.9 0.9
v -0.1 3 0.9
v -0.1 3.5 0.9
v -0.1 3.6 0.9
v -0.1 3.7 0.9
v -0.1 4 0.9
v 0 3.1 0.9
v 0 3.3 0.9
v 0 3.5 0.9
v 0 3.6 0.9
v 0 3.7 0.9
v 0 3.9 0.9
v 0.1 2.9 0.9
v 0.1 3 0.9
v 0.1 3.1 0.9
v 0.1 3.3 0.9
v 0.1 3.4 0.9
v 0.1 3.9 0.9
v 0.1 4 0.9
v 0.2 3.3 0.9
v 0.2 3.4 0.9
v 0.2 7.5 0.9
v 0.2 7.6 0.9
v 0.3 7.3 0.9
v 0.3 7.4 0.9
v 0.3 7.5 0.9
v 0.4 7.3 0.9
v 0.4 7.4 0.9
v 0.6 5.2 0.9
v 0.6 5.6 0.9
v 0.6 6.5 0.9
v 0.6 6.7 0.9
v 0.6 7 0.9
v 0.6 7.1 0.9
v 0.7 5.2 0.9
v 0.7 5.5 0.9
v 0.7 5.6 0.9
v 0.7 5.9 0.9
v 0.7 6.5 0.9
v 0.7 6.7 0.9
v 0.7 6.8 0.9
v 0.7 6.9 0.9
v 0.7 7 0.9
v 0.8 5.5 0.9
v 0.8 5.9 0.9
v 0.8 6.8 0.9
v 0.8 6.9 0.9
v 0.9 6.7 0.9
v 0.9 6.9 0.9
v 0.9 7.1 0.9
v -1.1 6.8 0.8
v -1.1 6.9 0.8
v -1 6.7 0.8
v -1 6.8 0.8
v -1 6.9 0.8
v -1 7.1 0.8
v -0.9 6.7 0.8
v -0.9 6.9 0.8
v -0.9 7.1 0.8
v -0.9 7.2 0.8
v -0.8 5.9 0.8
v -0.8 6.3 0.8
v -0.8 6.5 0.8
v -0.8 6.7 0.8
v -0.7 5.9 0.8
v -0.7 6.3 0.8
v -0.7 6.5 0.8
v -0.7 6.7 0.8
v -0.6 7.1 0.8
v -0.6 7.2 0.8
v -0.6 7.3 0.8
v -0.5 6.3 0.8
v -0.5 6.4 0.8
v -0.5 7.3 0.8
v -0.5 7.4 0.8
v -0.4 6.2 0.8
v -0.4 6.3 0.8
v -0.4 6.4 0.8
v -0.4 6.5 0.8
v -0.4 7.2 0.8
v -0.4 7.4 0.8
v -0.4 7.6 0.8
v -0.3 6.2 0.8
v -0.3 6.4 0.8
v -0.3 6.5 0.8
v -0.3 7.4 0.8
v -0.3 7.5 0.8
v -0.2 4.1 0.8
v -0.2 4.6 0.8
v -0.2 6.5 0.8
v -0.2 7.5 0.8
v -0.2 7.6 0.8
v -0.1 2.5 0.8
v -0.1 2.6 0.8
v -0.1 4 0.8
v -0.1 4.1 0.8
v -0.1 4.6 0.8
v -0.1 5.1 0.8
v -0.1 6.4 0.8
v -0.1 6.5 0.8
v 0 2.5 0.8
v 0 2.6 0.8
v 0 2.9 0.8
v 0.1 2.6 0.8
v 0.1 2.9 0.8
v 0.1 4 0.8
v 0.1 4.1 0.8
v 0.1 4.6 0.8
v 0.1 5.1 0.8
v 0.1 6.4 0.8
v 0.1 6.5 0.8
v 0.2 4.1 0.8
v 0.2 4.6 0.8
v 0.2 6.5 0.8
v 0.2 7.5 0.8
v 0.2 7.6 0.8
v 0.3 6.2 0.8
v 0.3 6.4 0.8
v 0.3 6.5 0.8
v 0.3 7.4 0.8
v 0.3 7.5 0.8
v 0.4 6.2 0.8
v 0.4 6.3 0.8
v 0.4 6.4 0.8
v 0.4 6.5 0.8
v 0.4 7.2 0.8
v 0.4 7.4 0.8
v 0.4 7.6 0.8
v 0.5 6.3 0.8
v 0.5 6.4 0.8
v 0.5 7.3 0.8
v 0.5 7.4 0.8
v 0.6 7.1 0.8
v 0.6 7.2 0.8
v 0.6 7.3 0.8
v 0.7 5.9 0.8
v 0.7 6.3 0.8
v 0.7 6.5 0.8
v 0.7 6.7 0.8
v 0.8 5.9 0.8
v 0.8 6.3 0.8
v 0.8 6.5 0.8
v 0.8 6.7 0.8
v 0.9 6.7 0.8
v 0.9 6.9 0.8
v 0.9 7.1 0.8
v 0.9 7.2 0.8
v 1 6.7 0.8
v 1 6.8 0.8
v 1 6.9 0.8
v 1 7.1 0.8
v 1.1 6.8 0.8
v 1.1 6.9 0.8
v -1.2 6.7 0.7
v -1.2 6.8 0.7
v -1.2 7.1 0.7
v -1.1 6.8 0.7
v -1.1 6.9 0.7
v -1 6.5 0.7
v -1 6.6 0.7
v -1 6.7 0.7
v -1 6.8 0.7
v -1 6.9 0.7
v -1 7.1 0.7
v -0.9 6.4 0.7
v -0.9 6.5 0.7
v -0.9 6.6 0.7
v -0.9 6.7 0.7
v -0.8 6.3 0.7
v -0.8 6.4 0.7
v -0.8 6.5 0.7
v -0.8 6.7 0.7
v -0.8 7.2 0.7
v -0.8 7.3 0.7
v -0.7 6.3 0.7
v -0.7 6.5 0.7
v -0.7 7.3 0.7
v -0.7 7.4 0.7
v -0.6 7.2 0.7
v -0.6 7.3 0.7
v -0.6 7.4 0.7
v -0.6 7.5 0.7
v -0.5 7.3 0.7
v -0.5 7.4 0.7
v -0.5 7.5 0.7
v -0.5 7.6 0.7
v -0.4 7.4 0.7
v -0.4 7.6 0.7
v -0.3 3.9 0.7
v -0.3 4 0.7
v -0.2 3.9 0.7
v -0.2 4 0.7
v -0.2 6.1 0.7
v -0.2 6.3 0.7
v -0.1 5.2 0.7
v -0.1 5.4 0.7
v -0.1 5.5 0.7
v -0.1 6.1 0.7
v -0.1 6.3 0.7
v -0.1 6.4 0.7
v -0.1 6.5 0.7
v 0.1 5.2 0.7
v 0.1 5.4 0.7
v 0.1 5.5 0.7
v 0.1 6.1 0.7
v 0.1 6.3 0.7
v 0.1 6.4 0.7
v 0.1 6.5 0.7
v 0.2 3.9 0.7
v 0.2 4 0.7
v 0.2 6.1 0.7
v 0.2 6.3 0.7
v 0.3 3.9 0.7
v 0.3 4 0.7
v 0.4 7.4 0.7
v 0.4 7.6 0.7
v 0.5 7.3 0.7
v 0.5 7.4 0.7
v 0.5 7.5 0.7
v 0.5 7.6 0.7
v 0.6 7.2 0.7
v 0.6 7.3 0.7
v 0.6 7.4 0.7
v 0.6 7.5 0.7
v 0.7 6.3 0.7
v 0.7 6.5 0.7
v 0.7 7.3 0.7
v 0.7 7.4 0.7
v 0.8 6.3 0.7
v 0.8 6.4 0.7
v 0.8 6.5 0.7
v 0.8 6.7 0.7
v 0.8 7.2 0.7
v 0.8 7.3 0.7
v 0.9 6.4 0.7
v 0.9 6.5 0.7
v 0.9 6.6 0.7
v 0.9 6.7 0.7
v 1 6.5 0.7
v 1 6.6 0.7
v 1 6.7 0.7
v 1 6.8 0.7
v 1 6.9 0.7
v 1 7.1 0.7
v 1.1 6.8 0.7
v 1.1 6.9 0.7
v 1.2 6.7 0.7
v 1.2 6.8 0.7
v 1.2 7.1 0.7
v -1.3 6.7 0.6
v -1.3 7.1 0.6
v -1.2 6.7 0.6
v -1.2 6.8 0.6
v -1.2 7.1 0.6
v -1.2 7.2 0.6
v -1.1 6.4 0.6
v -1.1 6.7 0.6
v -1 6.5 0.6
v -1 6.6 0.6
v -1 6.7 0.6
v -0.9 6.4 0.6
v -0.9 6.5 0.6
v -0.9 7.1 0.6
v -0.9 7.2 0.6
v -0.9 7.3 0.6
v -0.8 7.2 0.6
v -0.8 7.3 0.6
v -0.8 7.5 0.6
v -0.7 6.3 0.6
v -0.7 6.5 0.6
v -0.7 7.3 0.6
v -0.7 7.4 0.6
v -0.7 7.5 0.6
v -0.7 7.6 0.6
v -0.6 6.3 0.6
v -0.6 6.4 0.6
v -0.6 6.5 0.6
v -0.6 7.4 0.6
v -0.6 7.5 0.6
v -0.5 6.4 0.6
v -0.5 6.5 0.6
v -0.5 7.5 0.6
v -0.5 7.6 0.6
v -0.3 3.8 0.6
v -0.3 3.9 0.6
v -0.3 5.2 0.6
v -0.3 5.3 0.6
v -0.3 5.9 0.6
v -0.3 6.2 0.6
v -0.3 6.4 0.6
v -0.3 6.5 0.6
v -0.2 3.8 0.6
v -0.2 3.9 0.6
v -0.2 4.6 0.6
v -0.2 5.2 0.6
v -0.2 5.3 0.6
v -0.2 5.9 0.6
v -0.2 6.1 0.6
v -0.2 6.2 0.6
v -0.2 6.3 0.6
v -0.2 6.4 0.6
v -0.1 4.6 0.6
v -0.1 5.1 0.6
v -0.1 5.2 0.6
v -0.1 5.4 0.6
v -0.1 5.5 0.6
v -0.1 6.1 0.6
v -0.1 6.3 0.6
v -0.1 6.5 0.6
v 0.1 4.6 0.6
v 0.1 5.1 0.6
v 0.1 5.2 0.6
v 0.1 5.4 0.6
v 0.1 5.5 0.6
v 0.1 6.1 0.6
v 0.1 6.3 0.6
v 0.1 6.5 0.6
v 0.2 3.8 0.6
v 0.2 3.9 0.6
v 0.2 4.6 0.6
v 0.2 5.2 0.6
v 0.2 5.3 0.6
v 0.2 5.9 0.6
v 0.2 6.1 0.6
v 0.2 6.2 0.6
v 0.2 6.3 0.6
v 0.2 6.4 0.6
v 0.3 3.8 0.6
v 0.3 3.9 0.6
v 0.3 5.2 0.6
v 0.3 5.3 0.6
v 0.3 5.9 0.6
v 0.3 6.2 0.6
v 0.3 6.4 0.6
v 0.3 6.5 0.6
v 0.5 6.4 0.6
v 0.5 6.5 0.6
v 0.5 7.5 0.6
v 0.5 7.6 0.6
v 0.6 6.3 0.6
v 0.6 6.4 0.6
v 0.6 6.5 0.6
v 0.6 7.4 0.6
v 0.6 7.5 0.6
v 0.7 6.3 0.6
v 0.7 6.5 0.6
v 0.7 7.3 0.6
v 0.7 7.4 0.6
v 0.7 7.5 0.6
v 0.7 7.6 0.6
v 0.8 7.2 0.6
v 0.8 7.3 0.6
v 0.8 7.5 0.6
v 0.9 6.4 0.6
v 0.9 6.5 0.6
v 0.9 7.1 0.6
v 0.9 7.2 0.6
v 0.9 7.3 0.6
v 1 6.5 0.6
v 1 6.6 0.6
v 1 6.7 0.6
v 1.1 6.4 0.6
v 1.1 6.7 0.6
v 1.2 6.7 0.6
v 1.2 6.8 0.6
v 1.2 7.1 0.6
v 1.2 7.2 0.6
v 1.3 6.7 0.6
v 1.3 7.1 0.6
v -1.3 2.5 0.5
v -1.3 2.6 0.5
v -1.2 1.7 0.5
v -1.2 2.5 0.5
v -1.2 2.6 0.5
v -1.1 1.7 0.5
v -1.1 2.5 0.5
v -1 7.2 0.5
v -1 7.3 0.5
v -0.9 6.3 0.5
v -0.9 6.4 0.5
v -0.9 7.2 0.5
v -0.9 7.3 0.5
v -0.9 7.5 0.5
v -0.8 6.4 0.5
v -0.8 6.5 0.5
v -0.8 7.3 0.5
v -0.8 7.5 0.5
v -0.8 7.6 0.5
v -0.7 6.2 0.5
v -0.7 6.3 0.5
v -0.7 6.5 0.5
v -0.7 7.5 0.5
v -0.7 7.6 0.5
v -0.6 6.3 0.5
v -0.6 6.4 0.5
v -0.5 6.3 0.5
v -0.5 6.4 0.5
v -0.4 6.1 0.5
v -0.4 6.2 0.5
v -0.4 6.3 0.5
v -0.3 6.1 0.5
v -0.3 6.2 0.5
v -0.3 6.3 0.5
v -0.3 6.4 0.5
v -0.2 6.2 0.5
v -0.2 6.3 0.5
v -0.2 6.4 0.5
v 0.2 6.2 0.5
v 0.2 6.3 0.5
v 0.2 6.4 0.5
v 0.3 6.1 0.5
v 0.3 6.2 0.5
v 0.3 6.3 0.5
v 0.3 6.4 0.5
v 0.4 6.1 0.5
v 0.4 6.2 0.5
v 0.4 6.3 0.5
v 0.5 6.3 0.5
v 0.5 6.4 0.5
v 0.6 6.3 0.5
v 0.6 6.4 0.5
v 0.7 6.2 0.5
v 0.7 6.3 0.5
v 0.7 6.5 0.5
v 0.7 7.5 0.5
v 0.7 7.6 0.5
v 0.8 6.4 0.5
v 0.8 6.5 0.5
v 0.8 7.3 0.5
v 0.8 7.5 0.5
v 0.8 7.6 0.5
v 0.9 6.3 0.5
v 0.9 6.4 0.5
v 0.9 7.2 0.5
v 0.9 7.3 0.5
v 0.9 7.5 0.5
v 1 7.2 0.5
v 1 7.3 0.5
v 1.1 1.7 0.5
v 1.1 2.5 0.5
v 1.2 1.7 0.5
v 1.2 2.5 0.5
v 1.2 2.6 0.5
v 1.3 2.5 0.5
v 1.3 2.6 0.5
v -1.4 2.8 0.4
v -1.4 3.6 0.4
v -1.3 2.6 0.4
v -1.3 2.8 0.4
v -1.3 2.9 0.4
v -1.3 3.6 0.4
v -1.2 2.6 0.4
v -1.2 2.9 0.4
v -1.1 1.2 0.4
v -1.1 1.7 0.4
v -1.1 1.8 0.4
v -1.1 5 0.4
v -1.1 5.8 0.4
v -1.1 7.2 0.4
v -1.1 7.3 0.4
v -1 0.8 0.4
v -1 1.2 0.4
v -1 1.8 0.4
v -1 5 0.4
v -1 5.8 0.4
v -1 7.2 0.4
v -1 7.3 0.4
v -1 7.5 0.4
v -0.9 0.7 0.4
v -0.9 0.8 0.4
v -0.9 1.2 0.4
v -0.9 7.3 0.4
v -0.9 7.5 0.4
v -0.8 0.7 0.4
v -0.8 0.8 0.4
v -0.7 4 0.4
v -0.7 4.1 0.4
v -0.6 4 0.4
v -0.6 4.1 0.4
v -0.6 6 0.4
v -0.6 6.1 0.4
v -0.6 6.2 0.4
v -0.5 6 0.4
v -0.5 6.1 0.4
v -0.5 6.2 0.4
v 0.5 6 0.4
v 0.5 6.1 0.4
v 0.5 6.2 0.4
v 0.6 4 0.4
v 0.6 4.1 0.4
v 0.6 6 0.4
v 0.6 6.1 0.4
v 0.6 6.2 0.4
v 0.7 4 0.4
v 0.7 4.1 0.4
v 0.8 0.7 0.4
v 0.8 0.8 0.4
v 0.9 0.7 0.4
v 0.9 0.8 0.4
v 0.9 1.2 0.4
v 0.9 7.3 0.4
v 0.9 7.5 0.4
v 1 0.8 0.4
v 1 1.2 0.4
v 1 1.8 0.4
v 1 5 0.4
v 1 5.8 0.4
v 1 7.2 0.4
v 1 7.3 0.4
v 1 7.5 0.4
v 1.1 1.2 0.4
v 1.1 1.7 0.4
v 1.1 1.8 0.4
v 1.1 5 0.4
v 1.1 5.8 0.4
v 1.1 7.2 0.4
v 1.1 7.3 0.4
v 1.2 2.6 0.4
v 1.2 2.9 0.4
v 1.3 2.6 0.4
v 1.3 2.8 0.4
v 1.3 2.9 0.4
v 1.3 3.6 0.4
v 1.4 2.8 0.4
v 1.4 3.6 0.4
v -1.4 3.6 0.3
v -1.4 4.2 0.3
v -1.4 6.9 0.3
v -1.4 7.1 0.3
v -1.3 3.6 0.3
v -1.3 4.1 0.3
v -1.3 4.2 0.3
v -1.3 4.4 0.3
v -1.3 6.9 0.3
v -1.3 7.1 0.3
v -1.3 7.2 0.3
v -1.2 4.1 0.3
v -1.2 4.4 0.3
v -1.2 4.8 0.3
v -1.2 7.1 0.3
v -1.2 7.2 0.3
v -1.1 4.4 0.3
v -1.1 4.7 0.3
v -1.1 4.8 0.3
v -1.1 5 0.3
v -1.1 5.8 0.3
v -1.1 6.1 0.3
v -1.1 7.3 0.3
v -1.1 7.4 0.3
v -1 4.7 0.3
v -1 5 0.3
v -1 5.8 0.3
v -1 6 0.3
v -1 6.1 0.3
v -1 6.2 0.3
v -1 7.3 0.3
v -1 7.4 0.3
v -0.9 6 0.3
v -0.9 6.2 0.3
v -0.9 7.5 0.3
v -0.9 7.6 0.3
v -0.8 3.6 0.3
v -0.8 3.7 0.3
v -0.8 7.5 0.3
v -0.8 7.6 0.3
v -0.7 3.5 0.3
v -0.7 3.6 0.3
v -0.7 3.7 0.3
v -0.7 4 0.3
v -0.7 4.2 0.3
v -0.7 4.3 0.3
v -0.6 3.3 0.3
v -0.6 3.5 0.3
v -0.6 4 0.3
v -0.6 4.1 0.3
v -0.5 3.3 0.3
v -0.5 4.1 0.3
v -0.5 4.2 0.3
v -0.5 4.3 0.3
v -0.5 6.3 0.3
v -0.5 6.4 0.3
v -0.4 6.3 0.3
v -0.4 6.4 0.3
v 0.4 6.3 0.3
v 0.4 6.4 0.3
v 0.5 3.3 0.3
v 0.5 4.1 0.3
v 0.5 4.2 0.3
v 0.5 4.3 0.3
v 0.5 6.3 0.3
v 0.5 6.4 0.3
v 0.6 3.3 0.3
v 0.6 3.5 0.3
v 0.6 4 0.3
v 0.6 4.1 0.3
v 0.7 3.5 0.3
v 0.7 3.6 0.3
v 0.7 3.7 0.3
v 0.7 4 0.3
v 0.7 4.2 0.3
v 0.7 4.3 0.3
v 0.8 3.6 0.3
v 0.8 3.7 0.3
v 0.8 7.5 0.3
v 0.8 7.6 0.3
v 0.9 6 0.3
v 0.9 6.2 0.3
v 0.9 7.5 0.3
v 0.9 7.6 0.3
v 1 4.7 0.3
v 1 5 0.3
v 1 5.8 0.3
v 1 6 0.3
v 1 6.1 0.3
v 1 6.2 0.3
v 1 7.3 0.3
v 1 7.4 0.3
v 1.1 4.4 0.3
v 1.1 4.7 0.3
v 1.1 4.8 0.3
v 1.1 5 0.3
v 1.1 5.8 0.3
v 1.1 6.1 0.3
v 1.1 7.3 0.3
v 1.1 7.4 0.3
v 1.2 4.1 0.3
v 1.2 4.4 0.3
v 1.2 4.8 0.3
v 1.2 7.1 0.3
v 1.2 7.2 0.3
v 1.3 3.6 0.3
v 1.3 4.1 0.3
v 1.3 4.2 0.3
v 1.3 4.4 0.3
v 1.3 6.9 0.3
v 1.3 7.1 0.3
v 1.3 7.2 0.3
v 1.4 3.6 0.3
v 1.4 4.2 0.3
v 1.4 6.9 0.3
v 1.4 7.1 0.3
v -1.2 6.5 0.2
v -1.2 6.7 0.2
v -1.1 6.5 0.2
v -1.1 6.6 0.2
v -1.1 6.7 0.2
v -1 6.2 0.2
v -1 6.5 0.2
v -1 7.5 0.2
v -1 7.6 0.2
v -0.9 6.2 0.2
v -0.9 6.5 0.2
v -0.9 7.5 0.2
v -0.9 7.6 0.2
v -0.8 4.2 0.2
v -0.8 4.3 0.2
v -0.8 6.2 0.2
v -0.8 6.5 0.2
v -0.7 2.8 0.2
v -0.7 2.9 0.2
v -0.7 3 0.2
v -0.7 3.3 0.2
v -0.7 3.4 0.2
v -0.7 3.5 0.2
v -0.7 4.1 0.2
v -0.7 4.2 0.2
v -0.7 4.3 0.2
v -0.7 4.4 0.2
v -0.7 4.7 0.2
v -0.7 5 0.2
v -0.7 5.1 0.2
v -0.7 5.5 0.2
v -0.7 6.2 0.2
v -0.7 6.4 0.2
v -0.7 6.5 0.2
v -0.6 1.8 0.2
v -0.6 1.9 0.2
v -0.6 2.4 0.2
v -0.6 2.5 0.2
v -0.6 2.7 0.2
v -0.6 2.8 0.2
v -0.6 2.9 0.2
v -0.6 3 0.2
v -0.6 3.3 0.2
v -0.6 3.4 0.2
v -0.6 3.5 0.2
v -0.6 4.3 0.2
v -0.6 4.4 0.2
v -0.6 5.1 0.2
v -0.6 5.5 0.2
v -0.6 6.2 0.2
v -0.6 6.4 0.2
v -0.5 1.8 0.2
v -0.5 1.9 0.2
v -0.5 2.4 0.2
v -0.5 2.5 0.2
v -0.5 2.7 0.2
v -0.5 3.3 0.2
v -0.5 4.1 0.2
v -0.5 4.2 0.2
v -0.5 4.3 0.2
v -0.5 4.7 0.2
v -0.5 5.7 0.2
v -0.5 5.8 0.2
v -0.5 6 0.2
v -0.5 6.1 0.2
v -0.5 6.2 0.2
v -0.5 6.3 0.2
v -0.4 5 0.2
v -0.4 5.2 0.2
v -0.4 5.3 0.2
v -0.4 5.4 0.2
v -0.4 5.6 0.2
v -0.4 5.7 0.2
v -0.4 5.8 0.2
v -0.4 6.1 0.2
v -0.4 6.2 0.2
v -0.4 6.3 0.2
v -0.3 5.2 0.2
v -0.3 5.3 0.2
v -0.3 5.4 0.2
v -0.3 5.6 0.2
v -0.3 5.7 0.2
v -0.3 6 0.2
v -0.3 6.1 0.2
v -0.3 6.2 0.2
v -0.2 5.2 0.2
v -0.2 5.3 0.2
v -0.2 5.4 0.2
v -0.2 5.6 0.2
v -0.2 5.7 0.2
v -0.2 6 0.2
v -0.2 6.1 0.2
v -0.2 6.2 0.2
v 0.2 5.2 0.2
v 0.2 5.3 0.2
v 0.2 5.4 0.2
v 0.2 5.6 0.2
v 0.2 5.7 0.2
v 0.2 6 0.2
v 0.2 6.1 0.2
v 0.2 6.2 0.2
v 0.3 5.2 0.2
v 0.3 5.3 0.2
v 0.3 5.4 0.2
v 0.3 5.6 0.2
v 0.3 5.7 0.2
v 0.3 6 0.2
v 0.3 6.1 0.2
v 0.3 6.2 0.2
v 0.4 5 0.2
v 0.4 5.2 0.2
v 0.4 5.3 0.2
v 0.4 5.4 0.2
v 0.4 5.6 0.2
v 0.4 5.7 0.2
v 0.4 5.8 0.2
v 0.4 6.1 0.2
v 0.4 6.2 0.2
v 0.4 6.3 0.2
v 0.5 1.8 0.2
v 0.5 1.9 0.2
v 0.5 2.4 0.2
v 0.5 2.5 0.2
v 0.5 2.7 0.2
v 0.5 3.3 0.2
v 0.5 4.1 0.2
v 0.5 4.2 0.2
v 0.5 4.3 0.2
v 0.5 4.7 0.2
v 0.5 5.7 0.2
v 0.5 5.8 0.2
v 0.5 6 0.2
v 0.5 6.1 0.2
v 0.5 6.2 0.2
v 0.5 6.3 0.2
v 0.6 1.8 0.2
v 0.6 1.9 0.2
v 0.6 2.4 0.2
v 0.6 2.5 0.2
v 0.6 2.7 0.2
v 0.6 2.8 0.2
v 0.6 2.9 0.2
v 0.6 3 0.2
v 0.6 3.3 0.2
v 0.6 3.4 0.2
v 0.6 3.5 0.2
v 0.6 4.3 0.2
v 0.6 4.4 0.2
v 0.6 5.1 0.2
v 0.6 5.5 0.2
v 0.6 6.2 0.2
v 0.6 6.4 0.2
v 0.7 2.8 0.2
v 0.7 2.9 0.2
v 0.7 3 0.2
v 0.7 3.3 0.2
v 0.7 3.4 0.2
v 0.7 3.5 0.2
v 0.7 4.1 0.2
v 0.7 4.2 0.2
v 0.7 4.3 0.2
v 0.7 4.4 0.2
v 0.7 4.7 0.2
v 0.7 5 0.2
v 0.7 5.1 0.2
v 0.7 5.5 0.2
v 0.7 6.2 0.2
v 0.7 6.4 0.2
v 0.7 6.5 0.2
v 0.8 4.2 0.2
v 0.8 4.3 0.2
v 0.8 6.2 0.2
v 0.8 6.5 0.2
v 0.9 6.2 0.2
v 0.9 6.5 0.2
v 0.9 7.5 0.2
v 0.9 7.6 0.2
v 1 6.2 0.2
v 1 6.5 0.2
v 1 7.5 0.2
v 1 7.6 0.2
v 1.1 6.5 0.2
v 1.1 6.6 0.2
v 1.1 6.7 0.2
v 1.2 6.5 0.2
v 1.2 6.7 0.2
v -0.9 4.2 0.0999999
v -0.9 4.3 0.0999999
v -0.8 4.1 0.0999999
v -0.8 4.2 0.0999999
v -0.8 4.3 0.0999999
v -0.8 4.4 0.0999999
v -0.8 4.5 0.0999999
v -0.8 4.7 0.0999999
v -0.7 2.3 0.0999999
v -0.7 2.8 0.0999999
v -0.7 3.3 0.0999999
v -0.7 3.4 0.0999999
v -0.7 4.1 0.0999999
v -0.7 4.2 0.0999999
v -0.7 4.4 0.0999999
v -0.7 4.5 0.0999999
v -0.7 4.7 0.0999999
v -0.7 4.9 0.0999999
v -0.7 5.4 0.0999999
v -0.7 5.5 0.0999999
v -0.6 1.2 0.0999999
v -0.6 1.4 0.0999999
v -0.6 1.6 0.0999999
v -0.6 1.8 0.0999999
v -0.6 1.9 0.0999999
v -0.6 2.3 0.0999999
v -0.6 2.4 0.0999999
v -0.6 2.5 0.0999999
v -0.6 2.6 0.0999999
v -0.6 2.7 0.0999999
v -0.6 2.8 0.0999999
v -0.6 3.3 0.0999999
v -0.6 3.4 0.0999999
v -0.6 4.3 0.0999999
v -0.6 4.4 0.0999999
v -0.6 4.9 0.0999999
v -0.6 5 0.0999999
v -0.6 5.4 0.0999999
v -0.6 5.5 0.0999999
v -0.5 1.2 0.0999999
v -0.5 1.4 0.0999999
v -0.5 1.6 0.0999999
v -0.5 1.8 0.0999999
v -0.5 1.9 0.0999999
v -0.5 2.3 0.0999999
v -0.5 2.6 0.0999999
v -0.5 2.7 0.0999999
v -0.5 4.2 0.0999999
v -0.5 4.7 0.0999999
v -0.5 5.7 0.0999999
v -0.5 5.8 0.0999999
v -0.5 6 0.0999999
v -0.5 6.1 0.0999999
v -0.4 4.2 0.0999999
v -0.4 5 0.0999999
v -0.4 5.1 0.0999999
v -0.4 5.2 0.0999999
v -0.4 5.4 0.0999999
v -0.4 5.6 0.0999999
v -0.4 5.7 0.0999999
v -0.4 5.8 0.0999999
v -0.3 5 0.0999999
v -0.3 5.1 0.0999999
v -0.3 5.2 0.0999999
v -0.3 5.4 0.0999999
v -0.3 5.6 0.0999999
v -0.3 6 0.0999999
v -0.3 6.1 0.0999999
v -0.2 5.1 0.0999999
v -0.2 5.2 0.0999999
v 0.2 5.1 0.0999999
v 0.2 5.2 0.0999999
v 0.3 5 0.0999999
v 0.3 5.1 0.0999999
v 0.3 5.2 0.0999999
v 0.3 5.4 0.0999999
v 0.3 5.6 0.0999999
v 0.3 6 0.0999999
v 0.3 6.1 0.0999999
v 0.4 4.2 0.0999999
v 0.4 5 0.0999999
v 0.4 5.1 0.0999999
v 0.4 5.2 0.0999999
v 0.4 5.4 0.0999999
v 0.4 5.6 0.0999999
v 0.4 5.7 0.0999999
v 0.4 5.8 0.0999999
v 0.5 1.2 0.0999999
v 0.5 1.4 0.0999999
v 0.5 1.6 0.0999999
v 0.5 1.8 0.0999999
v 0.5 1.9 0.0999999
v 0.5 2.3 0.0999999
v 0.5 2.6 0.0999999
v 0.5 2.7 0.0999999
v 0.5 4.2 0.0999999
v 0.5 4.7 0.0999999
v 0.5 5.7 0.0999999
v 0.5 5.8 0.0999999
v 0.5 6 0.0999999
v 0.5 6.1 0.0999999
v 0.6 1.2 0.0999999
v 0.6 1.4 0.0999999
v 0.6 1.6 0.0999999
v 0.6 1.8 0.0999999
v 0.6 1.9 0.0999999
v 0.6 2.3 0.0999999
v 0.6 2.4 0.0999999
v 0.6 2.5 0.0999999
v 0.6 2.6 0.0999999
v 0.6 2.7 0.0999999
v 0.6 2.8 0.0999999
v 0.6 3.3 0.0999999
v 0.6 3.4 0.0999999
v 0.6 4.3 0.0999999
v 0.6 4.4 0.0999999
v 0.6 4.9 0.0999999
v 0.6 5 0.0999999
v 0.6 5.4 0.0999999
v 0.6 5.5 0.0999999
v 0.7 2.3 0.0999999
v 0.7 2.8 0.0999999
v 0.7 3.3 0.0999999
v 0.7 3.4 0.0999999
v 0.7 4.1 0.0999999
v 0.7 4.2 0.0999999
v 0.7 4.4 0.0999999
v 0.7 4.5 0.0999999
v 0.7 4.7 0.0999999
v 0.7 4.9 0.0999999
v 0.7 5.4 0.0999999
v 0.7 5.5 0.0999999
v 0.8 4.1 0.0999999
v 0.8 4.2 0.0999999
v 0.8 4.3 0.0999999
v 0.8 4.4 0.0999999
v 0.8 4.5 0.0999999
v 0.8 4.7 0.0999999
v 0.9 4.2 0.0999999
v 0.9 4.3 0.0999999
v -0.7 3.1 0
v -0.7 3.3 0
v -0.6 1.4 0
v -0.6 1.6 0
v -0.6 2.3 0
v -0.6 2.4 0
v -0.6 2.5 0
v -0.6 2.6 0
v -0.6 3.1 0
v -0.6 3.3 0
v -0.5 1.4 0
v -0.5 1.6 0
v -0.5 2.3 0
v -0.5 2.4 0
v -0.5 2.5 0
v -0.5 2.6 0
v 0.5 1.4 0
v 0.5 1.6 0
v 0.5 2.3 0
v 0.5 2.4 0
v 0.5 2.5 0
v 0.5 2.6 0
v 0.6 1.4 0
v 0.6 1.6 0
v 0.6 2.3 0
v 0.6 2.4 0
v 0.6 2.5 0
v 0.6 2.6 0
v 0.6 3.1 0
v 0.6 3.3 0
v 0.7 3.1 0
v 0.7 3.3 0
v -1 6.1 -0.1
v -1 6.5 -0.1
v -0.9 6.1 -0.1
v -0.9 6.5 -0.1
v -0.7 2.8 -0.1
v -0.7 2.9 -0.1
v -0.7 3 -0.1
v -0.7 3.1 -0.1
v -0.7 5 -0.1
v -0.7 5.1 -0.1
v -0.6 2.8 -0.1
v -0.6 2.9 -0.1
v -0.6 3 -0.1
v -0.6 3.1 -0.1
v -0.6 5 -0.1
v -0.6 5.1 -0.1
v -0.3 5.3 -0.1
v -0.3 5.4 -0.1
v -0.3 5.6 -0.1
v -0.3 5.7 -0.1
v -0.2 5.3 -0.1
v -0.2 5.4 -0.1
v -0.2 5.6 -0.1
v -0.2 5.7 -0.1
v -0.2 6.1 -0.1
v -0.2 6.2 -0.1
v -0.1 5.9 -0.1
v -0.1 6 -0.1
v -0.1 6.1 -0.1
v -0.1 6.2 -0.1
v 0.1 5.9 -0.1
v 0.1 6 -0.1
v 0.1 6.1 -0.1
v 0.1 6.2 -0.1
v 0.2 5.3 -0.1
v 0.2 5.4 -0.1
v 0.2 5.6 -0.1
v 0.2 5.7 -0.1
v 0.2 6.1 -0.1
v 0.2 6.2 -0.1
v 0.3 5.3 -0.1
v 0.3 5.4 -0.1
v 0.3 5.6 -0.1
v 0.3 5.7 -0.1
v 0.6 2.8 -0.1
v 0.6 2.9 -0.1
v 0.6 3 -0.1
v 0.6 3.1 -0.1
v 0.6 5 -0.1
v 0.6 5.1 -0.1
v 0.7 2.8 -0.1
v 0.7 2.9 -0.1
v 0.7 3 -0.1
v 0.7 3.1 -0.1
v 0.7 5 -0.1
v 0.7 5.1 -0.1
v 0.9 6.1 -0.1
v 0.9 6.5 -0.1
v 1 6.1 -0.1
v 1 6.5 -0.1
v -1.4 3.6 -0.2
v -1.4 4.2 -0.2
v -1.3 3.6 -0.2
v -1.3 4.1 -0.2
v -1.3 4.2 -0.2
v -1.3 4.4 -0.2
v -1.2 4.1 -0.2
v -1.2 4.4 -0.2
v -1.2 4.8 -0.2
v -1.1 4.4 -0.2
v -1.1 4.7 -0.2
v -1.1 4.8 -0.2
v -1.1 5.1 -0.2
v -1.1 5.7 -0.2
v -1.1 6.1 -0.2
v -1 4.7 -0.2
v -1 5.1 -0.2
v -1 5.7 -0.2
v -1 6 -0.2
v -1 6.1 -0.2
v -0.9 6 -0.2
v -0.9 6.1 -0.2
v -0.8 3.6 -0.2
v -0.8 3.7 -0.2
v -0.7 3.6 -0.2
v -0.7 3.7 -0.2
v -0.4 6.2 -0.2
v -0.4 6.3 -0.2
v -0.3 6.2 -0.2
v -0.3 6.3 -0.2
v -0.2 5.4 -0.2
v -0.2 5.6 -0.2
v -0.2 5.7 -0.2
v -0.1 5.4 -0.2
v -0.1 5.6 -0.2
v -0.1 5.7 -0.2
v -0.1 5.9 -0.2
v 0.1 5.4 -0.2
v 0.1 5.6 -0.2
v 0.1 5.7 -0.2
v 0.1 5.9 -0.2
v 0.2 5.4 -0.2
v 0.2 5.6 -0.2
v 0.2 5.7 -0.2
v 0.3 6.2 -0.2
v 0.3 6.3 -0.2
v 0.4 6.2 -0.2
v 0.4 6.3 -0.2
v 0.7 3.6 -0.2
v 0.7 3.7 -0.2
v 0.8 3.6 -0.2
v 0.8 3.7 -0.2
v 0.9 6 -0.2
v 0.9 6.1 -0.2
v 1 4.7 -0.2
v 1 5.1 -0.2
v 1 5.7 -0.2
v 1 6 -0.2
v 1 6.1 -0.2
v 1.1 4.4 -0.2
v 1.1 4.7 -0.2
v 1.1 4.8 -0.2
v 1.1 5.1 -0.2
v 1.1 5.7 -0.2
v 1.1 6.1 -0.2
v 1.2 4.1 -0.2
v 1.2 4.4 -0.2
v 1.2 4.8 -0.2
v 1.3 3.6 -0.2
v 1.3 4.1 -0.2
v 1.3 4.2 -0.2
v 1.3 4.4 -0.2
v 1.4 3.6 -0.2
v 1.4 4.2 -0.2
v -1.4 2.8 -0.3
v -1.4 3.6 -0.3
v -1.3 2.6 -0.3
v -1.3 2.8 -0.3
v -1.3 2.9 -0.3
v -1.3 3.6 -0.3
v -1.2 2.6 -0.3
v -1.2 2.9 -0.3
v -1.1 1.2 -0.3
v -1.1 1.8 -0.3
v -1.1 5.1 -0.3
v -1.1 5.7 -0.3
v -1 0.8 -0.3
v -1 1.2 -0.3
v -1 1.8 -0.3
v -1 5.1 -0.3
v -1 5.7 -0.3
v -0.9 0.7 -0.3
v -0.9 0.8 -0.3
v -0.9 1.2 -0.3
v -0.8 0.7 -0.3
v -0.8 0.8 -0.3
v -0.8 6.3 -0.3
v -0.8 6.4 -0.3
v -0.8 6.5 -0.3
v -0.7 6.4 -0.3
v -0.7 6.5 -0.3
v -0.6 6 -0.3
v -0.6 6.1 -0.3
v -0.6 6.2 -0.3
v -0.6 6.3 -0.3
v -0.6 6.4 -0.3
v -0.5 6 -0.3
v -0.5 6.1 -0.3
v -0.5 6.2 -0.3
v -0.5 6.3 -0.3
v -0.4 6.2 -0.3
v -0.4 6.3 -0.3
v -0.3 6.1 -0.3
v -0.3 6.2 -0.3
v -0.2 4.3 -0.3
v -0.2 4.5 -0.3
v -0.2 5.7 -0.3
v -0.2 6.1 -0.3
v -0.2 6.2 -0.3
v -0.1 4.3 -0.3
v -0.1 4.4 -0.3
v -0.1 4.5 -0.3
v -0.1 4.6 -0.3
v -0.1 5.5 -0.3
v -0.1 5.6 -0.3
v -0.1 5.7 -0.3
v -0.1 6 -0.3
v -0.1 6.1 -0.3
v 0.1 4.3 -0.3
v 0.1 4.4 -0.3
v 0.1 4.5 -0.3
v 0.1 4.6 -0.3
v 0.1 5.5 -0.3
v 0.1 5.6 -0.3
v 0.1 5.7 -0.3
v 0.1 6 -0.3
v 0.1 6.1 -0.3
v 0.2 4.3 -0.3
v 0.2 4.5 -0.3
v 0.2 5.7 -0.3
v 0.2 6.1 -0.3
v 0.2 6.2 -0.3
v 0.3 6.1 -0.3
v 0.3 6.2 -0.3
v 0.4 6.2 -0.3
v 0.4 6.3 -0.3
v 0.5 6 -0.3
v 0.5 6.1 -0.3
v 0.5 6.2 -0.3
v 0.5 6.3 -0.3
v 0.6 6 -0.3
v 0.6 6.1 -0.3
v 0.6 6.2 -0.3
v 0.6 6.3 -0.3
v 0.6 6.4 -0.3
v 0.7 6.4 -0.3
v 0.7 6.5 -0.3
v 0.8 0.7 -0.3
v 0.8 0.8 -0.3
v 0.8 6.3 -0.3
v 0.8 6.4 -0.3
v 0.8 6.5 -0.3
v 0.9 0.7 -0.3
v 0.9 0.8 -0.3
v 0.9 1.2 -0.3
v 1 0.8 -0.3
v 1 1.2 -0.3
v 1 1.8 -0.3
v 1 5.1 -0.3
v 1 5.7 -0.3
v 1.1 1.2 -0.3
v 1.1 1.8 -0.3
v 1.1 5.1 -0.3
v 1.1 5.7 -0.3
v 1.2 2.6 -0.3
v 1.2 2.9 -0.3
v 1.3 2.6 -0.3
v 1.3 2.8 -0.3
v 1.3 2.9 -0.3
v 1.3 3.6 -0.3
v 1.4 2.8 -0.3
v 1.4 3.6 -0.3
v -1.3 2.5 -0.4
v -1.3 2.6 -0.4
v -1.2 1.7 -0.4
v -1.2 2.5 -0.4
v -1.2 2.6 -0.4
v -1.1 1.7 -0.4
v -1.1 1.8 -0.4
v -1.1 2.5 -0.4
v -1.1 6.4 -0.4
v -1.1 6.5 -0.4
v -1 6.5 -0.4
v -0.9 6.3 -0.4
v -0.9 6.4 -0.4
v -0.9 6.5 -0.4
v -0.8 6.3 -0.4
v -0.8 6.4 -0.4
v -0.8 6.5 -0.4
v -0.7 6.2 -0.4
v -0.7 6.3 -0.4
v -0.6 6.2 -0.4
v -0.6 6.3 -0.4
v -0.5 6.3 -0.4
v -0.5 6.4 -0.4
v -0.4 6.3 -0.4
v -0.4 6.4 -0.4
v -0.3 5.2 -0.4
v -0.3 5.3 -0.4
v -0.2 4 -0.4
v -0.2 4.3 -0.4
v -0.2 4.5 -0.4
v -0.2 5.2 -0.4
v -0.2 5.3 -0.4
v -0.2 5.4 -0.4
v -0.1 3.8 -0.4
v -0.1 4 -0.4
v -0.1 4.3 -0.4
v -0.1 4.4 -0.4
v -0.1 4.5 -0.4
v -0.1 4.6 -0.4
v -0.1 5.4 -0.4
v -0.1 5.5 -0.4
v 0.1 3.8 -0.4
v 0.1 4 -0.4
v 0.1 4.3 -0.4
v 0.1 4.4 -0.4
v 0.1 4.5 -0.4
v 0.1 4.6 -0.4
v 0.1 5.4 -0.4
v 0.1 5.5 -0.4
v 0.2 4 -0.4
v 0.2 4.3 -0.4
v 0.2 4.5 -0.4
v 0.2 5.2 -0.4
v 0.2 5.3 -0.4
v 0.2 5.4 -0.4
v 0.3 5.2 -0.4
v 0.3 5.3 -0.4
v 0.4 6.3 -0.4
v 0.4 6.4 -0.4
v 0.5 6.3 -0.4
v 0.5 6.4 -0.4
v 0.6 6.2 -0.4
v 0.6 6.3 -0.4
v 0.7 6.2 -0.4
v 0.7 6.3 -0.4
v 0.8 6.3 -0.4
v 0.8 6.4 -0.4
v 0.8 6.5 -0.4
v 0.9 6.3 -0.4
v 0.9 6.4 -0.4
v 0.9 6.5 -0.4
v 1 6.5 -0.4
v 1.1 1.7 -0.4
v 1.1 1.8 -0.4
v 1.1 2.5 -0.4
v 1.1 6.4 -0.4
v 1.1 6.5 -0.4
v 1.2 1.7 -0.4
v 1.2 2.5 -0.4
v 1.2 2.6 -0.4
v 1.3 2.5 -0.4
v 1.3 2.6 -0.4
v -0.3 3.8 -0.5
v -0.3 4 -0.5
v -0.3 5.9 -0.5
v -0.3 6.1 -0.5
v -0.2 3.8 -0.5
v -0.2 3.9 -0.5
v -0.2 4 -0.5
v -0.2 5.9 -0.5
v -0.2 6.1 -0.5
v -0.1 3.6 -0.5
v -0.1 3.8 -0.5
v -0.1 3.9 -0.5
v -0.1 4 -0.5
v 0.1 3.6 -0.5
v 0.1 3.8 -0.5
v 0.1 3.9 -0.5
v 0.1 4 -0.5
v 0.2 3.8 -0.5
v 0.2 3.9 -0.5
v 0.2 4 -0.5
v 0.2 5.9 -0.5
v 0.2 6.1 -0.5
v 0.3 3.8 -0.5
v 0.3 4 -0.5
v 0.3 5.9 -0.5
v 0.3 6.1 -0.5
v -0.8 6.2 -0.6
v -0.8 6.4 -0.6
v -0.8 6.5 -0.6
v -0.7 6.2 -0.6
v -0.7 6.3 -0.6
v -0.7 6.5 -0.6
v -0.1 3.3 -0.6
v -0.1 3.6 -0.6
v 0.1 3.3 -0.6
v 0.1 3.6 -0.6
v 0.7 6.2 -0.6
v 0.7 6.3 -0.6
v 0.7 6.5 -0.6
v 0.8 6.2 -0.6
v 0.8 6.4 -0.6
v 0.8 6.5 -0.6
v -0.8 5.8 -0.7
v -0.8 6.2 -0.7
v -0.7 5.8 -0.7
v -0.7 6.2 -0.7
v -0.3 6.4 -0.7
v -0.3 6.5 -0.7
v -0.2 3.3 -0.7
v -0.2 3.9 -0.7
v -0.1 2.5 -0.7
v -0.1 2.6 -0.7
v -0.1 2.9 -0.7
v -0.1 3 -0.7
v -0.1 3.2 -0.7
v -0.1 3.3 -0.7
v -0.1 3.9 -0.7
v -0.1 6.4 -0.7
v -0.1 6.5 -0.7
v 0 2.5 -0.7
v 0 2.6 -0.7
v 0 2.9 -0.7
v 0 3 -0.7
v 0 3.2 -0.7
v 0.1 2.6 -0.7
v 0.1 3.3 -0.7
v 0.1 3.9 -0.7
v 0.1 6.4 -0.7
v 0.1 6.5 -0.7
v 0.2 3.3 -0.7
v 0.2 3.9 -0.7
v 0.3 6.4 -0.7
v 0.3 6.5 -0.7
v 0.7 5.8 -0.7
v 0.7 6.2 -0.7
v 0.8 5.8 -0.7
v 0.8 6.2 -0.7
v -0.8 5.5 -0.8
v -0.8 5.8 -0.8
v -0.7 5.1 -0.8
v -0.7 5.5 -0.8
v -0.7 5.6 -0.8
v -0.7 5.8 -0.8
v -0.6 5.1 -0.8
v -0.6 5.6 -0.8
v -0.6 6.4 -0.8
v -0.6 6.5 -0.8
v -0.5 6.4 -0.8
v -0.5 6.5 -0.8
v -0.3 6.1 -0.8
v -0.3 6.2 -0.8
v -0.2 6.1 -0.8
v -0.2 6.2 -0.8
v -0.1 3.1 -0.8
v -0.1 3.2 -0.8
v 0 3.1 -0.8
v 0 3.2 -0.8
v 0.2 6.1 -0.8
v 0.2 6.2 -0.8
v 0.3 6.1 -0.8
v 0.3 6.2 -0.8
v 0.5 6.4 -0.8
v 0.5 6.5 -0.8
v 0.6 5.1 -0.8
v 0.6 5.6 -0.8
v 0.6 6.4 -0.8
v 0.6 6.5 -0.8
v 0.7 5.1 -0.8
v 0.7 5.5 -0.8
v 0.7 5.6 -0.8
v 0.7 5.8 -0.8
v 0.8 5.5 -0.8
v 0.8 5.8 -0.8
v -0.8 4.5 -0.9
v -0.8 5.2 -0.9
v -0.7 4.5 -0.9
v -0.7 5.1 -0.9
v -0.7 5.2 -0.9
v -0.4 6.1 -0.9
v -0.4 6.3 -0.9
v -0.3 6.1 -0.9
v -0.3 6.2 -0.9
v -0.3 6.3 -0.9
v -0.3 6.5 -0.9
v -0.2 6.2 -0.9
v -0.2 6.5 -0.9
v -0.1 3 -0.9
v -0.1 3.1 -0.9
v 0 3 -0.9
v 0 3.1 -0.9
v 0.2 6.2 -0.9
v 0.2 6.5 -0.9
v 0.3 6.1 -0.9
v 0.3 6.2 -0.9
v 0.3 6.3 -0.9
v 0.3 6.5 -0.9
v 0.4 6.1 -0.9
v 0.4 6.3 -0.9
v 0.7 4.5 -0.9
v 0.7 5.1 -0.9
v 0.7 5.2 -0.9
v 0.8 4.5 -0.9
v 0.8 5.2 -0.9
v -0.8 4.2 -1
v -0.8 4.5 -1
v -0.7 4.2 -1
v -0.7 4.5 -1
v -0.4 5.2 -1
v -0.4 5.4 -1
v -0.4 6.4 -1
v -0.4 6.5 -1
v -0.3 5.2 -1
v -0.3 5.4 -1
v -0.3 6.1 -1
v -0.3 6.4 -1
v -0.3 6.5 -1
v -0.2 5.4 -1
v -0.2 6.1 -1
v -0.2 6.4 -1
v -0.2 6.5 -1
v -0.1 6.5 -1
v 0.1 6.5 -1
v 0.2 5.4 -1
v 0.2 6.1 -1
v 0.2 6.4 -1
v 0.2 6.5 -1
v 0.3 5.2 -1
v 0.3 5.4 -1
v 0.3 6.1 -1
v 0.3 6.4 -1
v 0.3 6.5 -1
v 0.4 5.2 -1
v 0.4 5.4 -1
v 0.4 6.4 -1
v 0.4 6.5 -1
v 0.7 4.2 -1
v 0.7 4.5 -1
v 0.8 4.2 -1
v 0.8 4.5 -1
v -0.8 3.6 -1.1
v -0.8 4.2 -1.1
v -0.7 3.6 -1.1
v -0.7 4.2 -1.1
v -0.4 4.9 -1.1
v -0.4 5.2 -1.1
v -0.3 4.9 -1.1
v -0.3 5.2 -1.1
v 0.3 4.9 -1.1
v 0.3 5.2 -1.1
v 0.4 4.9 -1.1
v 0.4 5.2 -1.1
v 0.7 3.6 -1.1
v 0.7 4.2 -1.1
v 0.8 3.6 -1.1
v 0.8 4.2 -1.1
v -1 2.9 -1.2
v -1 3.3 -1.2
v -0.9 2.5 -1.2
v -0.9 2.9 -1.2
v -0.9 3.3 -1.2
v -0.9 3.7 -1.2
v -0.8 2.5 -1.2
v -0.8 2.9 -1.2
v -0.8 3.3 -1.2
v -0.8 3.6 -1.2
v -0.8 3.7 -1.2
v -0.7 0.9 -1.2
v -0.7 1.4 -1.2
v -0.6 0.9 -1.2
v -0.6 1.4 -1.2
v -0.4 4.7 -1.2
v -0.4 4.9 -1.2
v -0.3 4.7 -1.2
v -0.3 4.9 -1.2
v 0.3 4.7 -1.2
v 0.3 4.9 -1.2
v 0.4 4.7 -1.2
v 0.4 4.9 -1.2
v 0.6 0.9 -1.2
v 0.6 1.4 -1.2
v 0.7 0.9 -1.2
v 0.7 1.4 -1.2
v 0.8 2.5 -1.2
v 0.8 2.9 -1.2
v 0.8 3.3 -1.2
v 0.8 3.6 -1.2
v 0.8 3.7 -1.2
v 0.9 2.5 -1.2
v 0.9 2.9 -1.2
v 0.9 3.3 -1.2
v 0.9 3.7 -1.2
v 1 2.9 -1.2
v 1 3.3 -1.2
v -0.9 2.1 -1.3
v -0.9 2.5 -1.3
v -0.8 1.3 -1.3
v -0.8 2.1 -1.3
v -0.8 2.5 -1.3
v -0.7 1.3 -1.3
v -0.7 1.4 -1.3
v -0.7 2.1 -1.3
v -0.4 4.5 -1.3
v -0.4 4.7 -1.3
v -0.3 4.2 -1.3
v -0.3 4.5 -1.3
v -0.3 4.7 -1.3
v -0.2 4.2 -1.3
v -0.2 4.5 -1.3
v 0.2 4.2 -1.3
v 0.2 4.5 -1.3
v 0.3 4.2 -1.3
v 0.3 4.5 -1.3
v 0.3 4.7 -1.3
v 0.4 4.5 -1.3
v 0.4 4.7 -1.3
v 0.7 1.3 -1.3
v 0.7 1.4 -1.3
v 0.7 2.1 -1.3
v 0.8 1.3 -1.3
v 0.8 2.1 -1.3
v 0.8 2.5 -1.3
v 0.9 2.1 -1.3
v 0.9 2.5 -1.3
v -0.3 3.5 -1.4
v -0.3 4.2 -1.4
v -0.2 3.5 -1.4
v -0.2 4.2 -1.4
v 0.2 3.5 -1.4
v 0.2 4.2 -1.4
v 0.3 3.5 -1.4
v 0.3 4.2 -1.4
v -0.4 2.7 -1.5
v -0.4 3.2 -1.5
v -0.3 2.7 -1.5
v -0.3 3.2 -1.5
v -0.3 3.5 -1.5
v -0.2 3.2 -1.5
v -0.2 3.5 -1.5
v 0.2 3.2 -1.5
v 0.2 3.5 -1.5
v 0.3 2.7 -1.5
v 0.3 3.2 -1.5
v 0.3 3.5 -1.5
v 0.4 2.7 -1.5
v 0.4 3.2 -1.5
v -0.5 1.2 -1.6
v -0.5 1.4 -1.6
v -0.4 1.2 -1.6
v -0.4 1.4 -1.6
v -0.4 1.7 -1.6
v -0.4 2.1 -1.6
v -0.4 2.7 -1.6
v -0.3 1.4 -1.6
v -0.3 1.7 -1.6
v -0.3 2.1 -1.6
v -0.3 2.7 -1.6
v 0.3 1.4 -1.6
v 0.3 1.7 -1.6
v 0.3 2.1 -1.6
v 0.3 2.7 -1.6
v 0.4 1.2 -1.6
v 0.4 1.4 -1.6
v 0.4 1.7 -1.6
v 0.4 2.1 -1.6
v 0.4 2.7 -1.6
v 0.5 1.2 -1.6
v 0.5 1.4 -1.6
v -0.4 1.7 -1.7
v -0.4 2.1 -1.7
v -0.3 1.7 -1.7
v -0.3 2.1 -1.7
v 0.3 1.7 -1.7
v 0.3 2.1 -1.7
v 0.4 1.7 -1.7
v 0.4 2.1 -1.7
v -0.4 1.7 1.7
v -0.4 2.1 1.7
v -0.3 1.7 1.7
v -0.3 2.1 1.7
v 0.3 1.7 1.7
v 0.3 2.1 1.7
v 0.4 1.7 1.7
v 0.4 2.1 1.7
v -0.5 1.2 1.6
v -0.5 1.4 1.6
v -0.4 1.2 1.6
v -0.4 1.4 1.6
v -0.4 1.7 1.6
v -0.4 2.1 1.6
v -0.4 2.7 1.6
v -0.3 1.4 1.6
v -0.3 1.7 1.6
v -0.3 2.1 1.6
v -0.3 2.7 1.6
v 0.3 1.4 1.6
v 0.3 1.7 1.6
v 0.3 2.1 1.6
v 0.3 2.7 1.6
v 0.4 1.2 1.6
v 0.4 1.4 1.6
v 0.4 1.7 1.6
v 0.4 2.1 1.6
v 0.4 2.7 1.6
v 0.5 1.2 1.6
v 0.5 1.4 1.6
v -0.4 2.7 1.5
v -0.4 3.2 1.5
v -0.3 2.7 1.5
v -0.3 3.2 1.5
v -0.3 3.5 1.5
v -0.2 3.2 1.5
v -0.2 3.5 1.5
v 0.2 3.2 1.5
v 0.2 3.5 1.5
v 0.3 2.7 1.5
v 0.3 3.2 1.5
v 0.3 3.5 1.5
v 0.4 2.7 1.5
v 0.4 3.2 1.5
v -0.3 3.5 1.4
v -0.3 4.2 1.4
v -0.2 3.5 1.4
v -0.2 4.2 1.4
v 0.2 3.5 1.4
v 0.2 4.2 1.4
v 0.3 3.5 1.4
v 0.3 4.2 1.4
v -0.9 2.1 1.3
v -0.9 2.5 1.3
v -0.8 1.3 1.3
v -0.8 2.1 1.3
v -0.8 2.5 1.3
v -0.7 1.3 1.3
v -0.7 1.4 1.3
v -0.7 2.1 1.3
v -0.4 4.5 1.3
v -0.4 4.7 1.3
v -0.3 4.2 1.3
v -0.3 4.5 1.3
v -0.3 4.7 1.3
v -0.2 4.2 1.3
v -0.2 4.5 1.3
v 0.2 4.2 1.3
v 0.2 4.5 1.3
v 0.3 4.2 1.3
v 0.3 4.5 1.3
v 0.3 4.7 1.3
v 0.4 4.5 1.3
v 0.4 4.7 1.3
v 0.7 1.3 1.3
v 0.7 1.4 1.3
v 0.7 2.1 1.3
v 0.8 1.3 1.3
v 0.8 2.1 1.3
v 0.8 2.5 1.3
v 0.9 2.1 1.3
v 0.9 2.5 1.3
v -1 2.9 1.2
v -1 3.3 1.2
v -0.9 2.5 1.2
v -0.9 2.9 1.2
v -0.9 3.3 1.2
v -0.9 3.7 1.2
v -0.8 2.5 1.2
v -0.8 2.9 1.2
v -0.8 3.3 1.2
v -0.8 3.6 1.2
v -0.8 3.7 1.2
v -0.7 0.9 1.2
v -0.7 1.4 1.2
v -0.6 0.9 1.2
v -0.6 1.4 1.2
v -0.4 4.7 1.2
v -0.4 4.9 1.2
v -0.3 4.7 1.2
v -0.3 4.9 1.2
v 0.3 4.7 1.2
v 0.3 4.9 1.2
v 0.4 4.7 1.2
v 0.4 4.9 1.2
v 0.6 0.9 1.2
v 0.6 1.4 1.2
v 0.7 0.9 1.2
v 0.7 1.4 1.2
v 0.8 2.5 1.2
v 0.8 2.9 1.2
v 0.8 3.3 1.2
v 0.8 3.6 1.2
v 0.8 3.7 1.2
v 0.9 2.5 1.2
v 0.9 2.9 1.2
v 0.9 3.3 1.2
v 0.9 3.7 1.2
v 1 2.9 1.2
v 1 3.3 1.2
v -0.8 3.6 1.1
v -0.8 4.2 1.1
v -0.7 3.6 1.1
v -0.7 4.2 1.1
v -0.4 4.9 1.1
v -0.4 5.2 1.1
v -0.3 4.9 1.1
v -0.3 5.2 1.1
v 0.3 4.9 1.1
v 0.3 5.2 1.1
v 0.4 4.9 1.1
v 0.4 5.2 1.1
v 0.7 3.6 1.1
v 0.7 4.2 1.1
v 0.8 3.6 1.1
v 0.8 4.2 1.1
v -0.8 4.2 1
v -0.8 4.5 1
v -0.7 4.2 1
v -0.7 4.5 1
v -0.4 5.2 1
v -0.4 5.4 1
v -0.4 6.4 1
v -0.4 6.5 1
v -0.3 5.2 1
v -0.3 5.4 1
v -0.3 6.1 1
v -0.3 6.4 1
v -0.3 6.5 1
v -0.2 5.4 1
v -0.2 6.1 1
v -0.2 6.4 1
v -0.2 6.5 1
v -0.1 6.5 1
v 0.1 6.5 1
v 0.2 5.4 1
v 0.2 6.1 1
v 0.2 6.4 1
v 0.2 6.5 1
v 0.3 5.2 1
v 0.3 5.4 1
v 0.3 6.1 1
v 0.3 6.4 1
v 0.3 6.5 1
v 0.4 5.2 1
v 0.4 5.4 1
v 0.4 6.4 1
v 0.4 6.5 1
v 0.7 4.2 1
v 0.7 4.5 1
v 0.8 4.2 1
v 0.8 4.5 1
v -0.8 4.5 0.9
v -0.8 5.2 0.9
v -0.7 4.5 0.9
v -0.7 5.1 0.9
v -0.7 5.2 0.9
v -0.4 6.1 0.9
v -0.4 6.3 0.9
v -0.3 6.1 0.9
v -0.3 6.2 0.9
v -0.3 6.3 0.9
v -0.3 6.5 0.9
v -0.2 6.2 0.9
v -0.2 6.5 0.9
v -0.1 3 0.9
v -0.1 3.1 0.9
v 0 3 0.9
v 0 3.1 0.9
v 0.2 6.2 0.9
v 0.2 6.5 0.9
v 0.3 6.1 0.9
v 0.3 6.2 0.9
v 0.3 6.3 0.9
v 0.3 6.5 0.9
v 0.4 6.1 0.9
v 0.4 6.3 0.9
v 0.7 4.5 0.9
v 0.7 5.1 0.9
v 0.7 5.2 0.9
v 0.8 4.5 0.9
v 0.8 5.2 0.9
v -0.8 5.5 0.8
v -0.8 5.8 0.8
v -0.7 5.1 0.8
v -0.7 5.5 0.8
v -0.7 5.6 0.8
v -0.7 5.8 0.8
v -0.6 5.1 0.8
v -0.6 5.6 0.8
v -0.6 6.4 0.8
v -0.6 6.5 0.8
v -0.5 6.4 0.8
v -0.5 6.5 0.8
v -0.3 6.1 0.8
v -0.3 6.2 0.8
v -0.2 6.1 0.8
v -0.2 6.2 0.8
v -0.1 3.1 0.8
v -0.1 3.2 0.8
v 0 3.1 0.8
v 0 3.2 0.8
v 0.2 6.1 0.8
v 0.2 6.2 0.8
v 0.3 6.1 0.8
v 0.3 6.2 0.8
v 0.5 6.4 0.8
v 0.5 6.5 0.8
v 0.6 5.1 0.8
v 0.6 5.6 0.8
v 0.6 6.4 0.8
v 0.6 6.5 0.8
v 0.7 5.1 0.8
v 0.7 5.5 0.8
v 0.7 5.6 0.8
v 0.7 5.8 0.8
v 0.8 5.5 0.8
v 0.8 5.8 0.8
v -0.8 5.8 0.7
v -0.8 6.2 0.7
v -0.7 5.8 0.7
v -0.7 6.2 0.7
v -0.3 6.4 0.7
v -0.3 6.5 0.7
v -0.2 3.3 0.7
v -0.2 3.9 0.7
v -0.1 2.5 0.7
v -0.1 2.6 0.7
v -0.1 2.9 0.7
v -0.1 3 0.7
v -0.1 3.2 0.7
v -0.1 3.3 0.7
v -0.1 3.9 0.7
v -0.1 6.4 0.7
v -0.1 6.5 0.7
v 0 2.5 0.7
v 0 2.6 0.7
v 0 2.9 0.7
v 0 3 0.7
v 0 3.2 0.7
v 0.1 2.6 0.7
v 0.1 3.3 0.7
v 0.1 3.9 0.7
v 0.1 6.4 0.7
v 0.1 6.5 0.7
v 0.2 3.3 0.7
v 0.2 3.9 0.7
v 0.3 6.4 0.7
v 0.3 6.5 0.7
v 0.7 5.8 0.7
v 0.7 6.2 0.7
v 0.8 5.8 0.7
v 0.8 6.2 0.7
v -0.8 6.2 0.6
v -0.8 6.4 0.6
v -0.8 6.5 0.6
v -0.7 6.2 0.6
v -0.7 6.3 0.6
v -0.7 6.5 0.6
v -0.1 3.3 0.6
v -0.1 3.6 0.6
v 0.1 3.3 0.6
v 0.1 3.6 0.6
v 0.7 6.2 0.6
v 0.7 6.3 0.6
v 0.7 6.5 0.6
v 0.8 6.2 0.6
v 0.8 6.4 0.6
v 0.8 6.5 0.6
v -0.3 3.8 0.5
v -0.3 4 0.5
v -0.3 5.9 0.5
v -0.3 6.1 0.5
v -0.2 3.8 0.5
v -0.2 3.9 0.5
v -0.2 4 0.5
v -0.2 5.9 0.5
v -0.2 6.1 0.5
v -0.1 3.6 0.5
v -0.1 3.8 0.5
v -0.1 3.9 0.5
v -0.1 4 0.5
v 0.1 3.6 0.5
v 0.1 3.8 0.5
v 0.1 3.9 0.5
v 0.1 4 0.5
v 0.2 3.8 0.5
v 0.2 3.9 0.5
v 0.2 4 0.5
v 0.2 5.9 0.5
v 0.2 6.1 0.5
v 0.3 3.8 0.5
v 0.3 4 0.5
v 0.3 5.9 0.5
v 0.3 6.1 0.5
v -1.3 2.5 0.4
v -1.3 2.6 0.4
v -1.2 1.7 0.4
v -1.2 2.5 0.4
v -1.2 2.6 0.4
v -1.1 1.7 0.4
v -1.1 1.8 0.4
v -1.1 2.5 0.4
v -1.1 6.4 0.4
v -1.1 6.5 0.4
v -1 6.5 0.4
v -0.9 6.3 0.4
v -0.9 6.4 0.4
v -0.9 6.5 0.4
v -0.8 6.3 0.4
v -0.8 6.4 0.4
v -0.8 6.5 0.4
v -0.7 6.2 0.4
v -0.7 6.3 0.4
v -0.6 6.2 0.4
v -0.6 6.3 0.4
v -0.5 6.3 0.4
v -0.5 6.4 0.4
v -0.4 6.3 0.4
v -0.4 6.4 0.4
v -0.3 5.2 0.4
v -0.3 5.3 0.4
v -0.2 4 0.4
v -0.2 4.3 0.4
v -0.2 4.5 0.4
v -0.2 5.2 0.4
v -0.2 5.3 0.4
v -0.2 5.4 0.4
v -0.1 3.8 0.4
v -0.1 4 0.4
v -0.1 4.3 0.4
v -0.1 4.4 0.4
v -0.1 4.5 0.4
v -0.1 4.6 0.4
v -0.1 5.4 0.4
v -0.1 5.5 0.4
v 0.1 3.8 0.4
v 0.1 4 0.4
v 0.1 4.3 0.4
v 0.1 4.4 0.4
v 0.1 4.5 0.4
v 0.1 4.6 0.4
v 0.1 5.4 0.4
v 0.1 5.5 0.4
v 0.2 4 0.4
v 0.2 4.3 0.4
v 0.2 4.5 0.4
v 0.2 5.2 0.4
v 0.2 5.3 0.4
v 0.2 5.4 0.4
v 0.3 5.2 0.4
v 0.3 5.3 0.4
v 0.4 6.3 0.4
v 0.4 6.4 0.4
v 0.5 6.3 0.4
v 0.5 6.4 0.4
v 0.6 6.2 0.4
v 0.6 6.3 0.4
v 0.7 6.2 0.4
v 0.7 6.3 0.4
v 0.8 6.3 0.4
v 0.8 6.4 0.4
v 0.8 6.5 0.4
v 0.9 6.3 0.4
v 0.9 6.4 0.4
v 0.9 6.5 0.4
v 1 6.5 0.4
v 1.1 1.7 0.4
v 1.1 1.8 0.4
v 1.1 2.5 0.4
v 1.1 6.4 0.4
v 1.1 6.5 0.4
v 1.2 1.7 0.4
v 1.2 2.5 0.4
v 1.2 2.6 0.4
v 1.3 2.5 0.4
v 1.3 2.6 0.4
v -1.4 2.8 0.3
v -1.4 3.6 0.3
v -1.3 2.6 0.3
v -1.3 2.8 0.3
v -1.3 2.9 0.3
v -1.3 3.6 0.3
v -1.2 2.6 0.3
v -1.2 2.9 0.3
v -1.1 1.2 0.3
v -1.1 1.8 0.3
v -1.1 5.1 0.3
v -1.1 5.7 0.3
v -1 0.8 0.3
v -1 1.2 0.3
v -1 1.8 0.3
v -1 5.1 0.3
v -1 5.7 0.3
v -0.9 0.7 0.3
v -0.9 0.8 0.3
v -0.9 1.2 0.3
v -0.8 0.7 0.3
v -0.8 0.8 0.3
v -0.8 6.3 0.3
v -0.8 6.4 0.3
v -0.8 6.5 0.3
v -0.7 6.4 0.3
v -0.7 6.5 0.3
v -0.6 6 0.3
v -0.6 6.1 0.3
v -0.6 6.2 0.3
v -0.6 6.3 0.3
v -0.6 6.4 0.3
v -0.5 6 0.3
v -0.5 6.1 0.3
v -0.5 6.2 0.3
v -0.5 6.3 0.3
v -0.4 6.2 0.3
v -0.4 6.3 0.3
v -0.3 6.1 0.3
v -0.3 6.2 0.3
v -0.2 4.3 0.3
v -0.2 4.5 0.3
v -0.2 5.7 0.3
v -0.2 6.1 0.3
v -0.2 6.2 0.3
v -0.1 4.3 0.3
v -0.1 4.4 0.3
v -0.1 4.5 0.3
v -0.1 4.6 0.3
v -0.1 5.5 0.3
v -0.1 5.6 0.3
v -0.1 5.7 0.3
v -0.1 6 0.3
v -0.1 6.1 0.3
v 0.1 4.3 0.3
v 0.1 4.4 0.3
v 0.1 4.5 0.3
v 0.1 4.6 0.3
v 0.1 5.5 0.3
v 0.1 5.6 0.3
v 0.1 5.7 0.3
v 0.1 6 0.3
v 0.1 6.1 0.3
v 0.2 4.3 0.3
v 0.2 4.5 0.3
v 0.2 5.7 0.3
v 0.2 6.1 0.3
v 0.2 6.2 0.3
v 0.3 6.1 0.3
v 0.3 6.2 0.3
v 0.4 6.2 0.3
v 0.4 6.3 0.3
v 0.5 6 0.3
v 0.5 6.1 0.3
v 0.5 6.2 0.3
v 0.5 6.3 0.3
v 0.6 6 0.3
v 0.6 6.1 0.3
v 0.6 6.2 0.3
v 0.6 6.3 0.3
v 0.6 6.4 0.3
v 0.7 6.4 0.3
v 0.7 6.5 0.3
v 0.8 0.7 0.3
v 0.8 0.8 0.3
v 0.8 6.3 0.3
v 0.8 6.4 0.3
v 0.8 6.5 0.3
v 0.9 0.7 0.3
v 0.9 0.8 0.3
v 0.9 1.2 0.3
v 1 0.8 0.3
v 1 1.2 0.3
v 1 1.8 0.3
v 1 5.1 0.3
v 1 5.7 0.3
v 1.1 1.2 0.3
v 1.1 1.8 0.3
v 1.1 5.1 0.3
v 1.1 5.7 0.3
v 1.2 2.6 0.3
v 1.2 2.9 0.3
v 1.3 2.6 0.3
v 1.3 2.8 0.3
v 1.3 2.9 0.3
v 1.3 3.6 0.3
v 1.4 2.8 0.3
v 1.4 3.6 0.3
v -1.4 3.6 0.2
v -1.4 4.2 0.2
v -1.3 3.6 0.2
v -1.3 4.1 0.2
v -1.3 4.2 0.2
v -1.3 4.4 0.2
v -1.2 4.1 0.2
v -1.2 4.4 0.2
v -1.2 4.8 0.2
v -1.1 4.4 0.2
v -1.1 4.7 0.2
v -1.1 4.8 0.2
v -1.1 5.1 0.2
v -1.1 5.7 0.2
v -1.1 6.1 0.2
v -1 4.7 0.2
v -1 5.1 0.2
v -1 5.7 0.2
v -1 6 0.2
v -1 6.1 0.2
v -0.9 6 0.2
v -0.9 6.1 0.2
v -0.8 3.6 0.2
v -0.8 3.7 0.2
v -0.7 3.6 0.2
v -0.7 3.7 0.2
v -0.4 6.2 0.2
v -0.4 6.3 0.2
v -0.3 6.2 0.2
v -0.3 6.3 0.2
v -0.2 5.4 0.2
v -0.2 5.6 0.2
v -0.2 5.7 0.2
v -0.1 5.4 0.2
v -0.1 5.6 0.2
v -0.1 5.7 0.2
v -0.1 5.9 0.2
v 0.1 5.4 0.2
v 0.1 5.6 0.2
v 0.1 5.7 0.2
v 0.1 5.9 0.2
v 0.2 5.4 0.2
v 0.2 5.6 0.2
v 0.2 5.7 0.2
v 0.3 6.2 0.2
v 0.3 6.3 0.2
v 0.4 6.2 0.2
v 0.4 6.3 0.2
v 0.7 3.6 0.2
v 0.7 3.7 0.2
v 0.8 3.6 0.2
v 0.8 3.7 0.2
v 0.9 6 0.2
v 0.9 6.1 0.2
v 1 4.7 0.2
v 1 5.1 0.2
v 1 5.7 0.2
v 1 6 0.2
v 1 6.1 0.2
v 1.1 4.4 0.2
v 1.1 4.7 0.2
v 1.1 4.8 0.2
v 1.1 5.1 0.2
v 1.1 5.7 0.2
v 1.1 6.1 0.2
v 1.2 4.1 0.2
v 1.2 4.4 0.2
v 1.2 4.8 0.2
v 1.3 3.6 0.2
v 1.3 4.1 0.2
v 1.3 4.2 0.2
v 1.3 4.4 0.2
v 1.4 3.6 0.2
v 1.4 4.2 0.2
v -1 6.1 0.0999999
v -1 6.5 0.0999999
v -0.9 6.1 0.0999999
v -0.9 6.5 0.0999999
v -0.7 2.8 0.0999999
v -0.7 2.9 0.0999999
v -0.7 3 0.0999999
v -0.7 3.3 0.0999999
v -0.7 5 0.0999999
v -0.7 5.1 0.0999999
v -0.6 2.8 0.0999999
v -0.6 2.9 0.0999999
v -0.6 3 0.0999999
v -0.6 3.3 0.0999999
v -0.6 5 0.0999999
v -0.6 5.1 0.0999999
v -0.3 5.3 0.0999999
v -0.3 5.4 0.0999999
v -0.3 5.6 0.0999999
v -0.3 5.7 0.0999999
v -0.2 5.3 0.0999999
v -0.2 5.4 0.0999999
v -0.2 5.6 0.0999999
v -0.2 5.7 0.0999999
v -0.2 6.1 0.0999999
v -0.2 6.2 0.0999999
v -0.1 5.9 0.0999999
v -0.1 6 0.0999999
v -0.1 6.1 0.0999999
v -0.1 6.2 0.0999999
v 0.1 5.9 0.0999999
v 0.1 6 0.0999999
v 0.1 6.1 0.0999999
v 0.1 6.2 0.0999999
v 0.2 5.3 0.0999999
v 0.2 5.4 0.0999999
v 0.2 5.6 0.0999999
v 0.2 5.7 0.0999999
v 0.2 6.1 0.0999999
v 0.2 6.2 0.0999999
v 0.3 5.3 0.0999999
v 0.3 5.4 0.0999999
v 0.3 5.6 0.0999999
v 0.3 5.7 0.0999999
v 0.6 2.8 0.0999999
v 0.6 2.9 0.0999999
v 0.6 3 0.0999999
v 0.6 3.3 0.0999999
v 0.6 5 0.0999999
v 0.6 5.1 0.0999999
v 0.7 2.8 0.0999999
v 0.7 2.9 0.0999999
v 0.7 3 0.0999999
v 0.7 3.3 0.0999999
v 0.7 5 0.0999999
v 0.7 5.1 0.0999999
v 0.9 6.1 0.0999999
v 0.9 6.5 0.0999999
v 1 6.1 0.0999999
v 1 6.5 0.0999999
v -0.6 1.2 0
v -0.6 1.3 0
v -0.6 1.8 0
v -0.6 2.1 0
v -0.5 1.2 0
v -0.5 1.3 0
v -0.5 1.8 0
v -0.5 2.1 0
v 0.5 1.2 0
v 0.5 1.3 0
v 0.5 1.8 0
v 0.5 2.1 0
v 0.6 1.2 0
v 0.6 1.3 0
v 0.6 1.8 0
v 0.6 2.1 0
v -0.9 4.2 -0.1
v -0.9 4.3 -0.1
v -0.8 4.1 -0.1
v -0.8 4.2 -0.1
v -0.8 4.3 -0.1
v -0.8 4.4 -0.1
v -0.8 4.5 -0.1
v -0.8 4.7 -0.1
v -0.7 2.3 -0.1
v -0.7 2.8 -0.1
v -0.7 3.3 -0.1
v -0.7 3.4 -0.1
v -0.7 4.1 -0.1
v -0.7 4.2 -0.1
v -0.7 4.4 -0.1
v -0.7 4.5 -0.1
v -0.7 4.7 -0.1
v -0.7 4.9 -0.1
v -0.7 5.4 -0.1
v -0.7 5.5 -0.1
v -0.6 1.3 -0.1
v -0.6 1.5 -0.1
v -0.6 1.6 -0.1
v -0.6 1.8 -0.1
v -0.6 2.1 -0.1
v -0.6 2.3 -0.1
v -0.6 2.4 -0.1
v -0.6 2.5 -0.1
v -0.6 2.8 -0.1
v -0.6 2.9 -0.1
v -0.6 3.3 -0.1
v -0.6 3.4 -0.1
v -0.6 4.3 -0.1
v -0.6 4.4 -0.1
v -0.6 4.9 -0.1
v -0.6 5 -0.1
v -0.6 5.4 -0.1
v -0.6 5.5 -0.1
v -0.5 1.3 -0.1
v -0.5 1.5 -0.1
v -0.5 1.6 -0.1
v -0.5 1.8 -0.1
v -0.5 2.1 -0.1
v -0.5 2.4 -0.1
v -0.5 2.5 -0.1
v -0.5 2.9 -0.1
v -0.5 4.2 -0.1
v -0.5 4.7 -0.1
v -0.5 5.7 -0.1
v -0.5 5.8 -0.1
v -0.5 6 -0.1
v -0.5 6.1 -0.1
v -0.4 4.2 -0.1
v -0.4 5 -0.1
v -0.4 5.1 -0.1
v -0.4 5.2 -0.1
v -0.4 5.4 -0.1
v -0.4 5.6 -0.1
v -0.4 5.7 -0.1
v -0.4 5.8 -0.1
v -0.3 5 -0.1
v -0.3 5.1 -0.1
v -0.3 5.2 -0.1
v -0.3 5.4 -0.1
v -0.3 5.6 -0.1
v -0.3 6 -0.1
v -0.3 6.1 -0.1
v -0.2 5.1 -0.1
v -0.2 5.2 -0.1
v 0.2 5.1 -0.1
v 0.2 5.2 -0.1
v 0.3 5 -0.1
v 0.3 5.1 -0.1
v 0.3 5.2 -0.1
v 0.3 5.4 -0.1
v 0.3 5.6 -0.1
v 0.3 6 -0.1
v 0.3 6.1 -0.1
v 0.4 4.2 -0.1
v 0.4 5 -0.1
v 0.4 5.1 -0.1
v 0.4 5.2 -0.1
v 0.4 5.4 -0.1
v 0.4 5.6 -0.1
v 0.4 5.7 -0.1
v 0.4 5.8 -0.1
v 0.5 1.3 -0.1
v 0.5 1.5 -0.1
v 0.5 1.6 -0.1
v 0.5 1.8 -0.1
v 0.5 2.1 -0.1
v 0.5 2.4 -0.1
v 0.5 2.5 -0.1
v 0.5 2.9 -0.1
v 0.5 4.2 -0.1
v 0.5 4.7 -0.1
v 0.5 5.7 -0.1
v 0.5 5.8 -0.1
v 0.5 6 -0.1
v 0.5 6.1 -0.1
v 0.6 1.3 -0.1
v 0.6 1.5 -0.1
v 0.6 1.6 -0.1
v 0.6 1.8 -0.1
v 0.6 2.1 -0.1
v 0.6 2.3 -0.1
v 0.6 2.4 -0.1
v 0.6 2.5 -0.1
v 0.6 2.8 -0.1
v 0.6 2.9 -0.1
v 0.6 3.3 -0.1
v 0.6 3.4 -0.1
v 0.6 4.3 -0.1
v 0.6 4.4 -0.1
v 0.6 4.9 -0.1
v 0.6 5 -0.1
v 0.6 5.4 -0.1
v 0.6 5.5 -0.1
v 0.7 2.3 -0.1
v 0.7 2.8 -0.1
v 0.7 3.3 -0.1
v 0.7 3.4 -0.1
v 0.7 4.1 -0.1
v 0.7 4.2 -0.1
v 0.7 4.4 -0.1
v 0.7 4.5 -0.1
v 0.7 4.7 -0.1
v 0.7 4.9 -0.1
v 0.7 5.4 -0.1
v 0.7 5.5 -0.1
v 0.8 4.1 -0.1
v 0.8 4.2 -0.1
v 0.8 4.3 -0.1
v 0.8 4.4 -0.1
v 0.8 4.5 -0.1
v 0.8 4.7 -0.1
v 0.9 4.2 -0.1
v 0.9 4.3 -0.1
v -1.2 6.5 -0.2
v -1.2 6.7 -0.2
v -1.1 6.5 -0.2
v -1.1 6.6 -0.2
v -1.1 6.7 -0.2
v -1 6.2 -0.2
v -1 6.5 -0.2
v -1 7.5 -0.2
v -1 7.6 -0.2
v -0.9 6.2 -0.2
v -0.9 6.5 -0.2
v -0.9 7.5 -0.2
v -0.9 7.6 -0.2
v -0.8 4.2 -0.2
v -0.8 4.3 -0.2
v -0.8 6.2 -0.2
v -0.8 6.5 -0.2
v -0.7 2.8 -0.2
v -0.7 2.9 -0.2
v -0.7 3 -0.2
v -0.7 3.3 -0.2
v -0.7 3.4 -0.2
v -0.7 3.5 -0.2
v -0.7 4.1 -0.2
v -0.7 4.2 -0.2
v -0.7 4.3 -0.2
v -0.7 4.4 -0.2
v -0.7 4.7 -0.2
v -0.7 5 -0.2
v -0.7 5.1 -0.2
v -0.7 5.5 -0.2
v -0.7 6.2 -0.2
v -0.7 6.4 -0.2
v -0.7 6.5 -0.2
v -0.6 1.5 -0.2
v -0.6 1.6 -0.2
v -0.6 2.4 -0.2
v -0.6 2.5 -0.2
v -0.6 2.8 -0.2
v -0.6 2.9 -0.2
v -0.6 3 -0.2
v -0.6 3.3 -0.2
v -0.6 3.4 -0.2
v -0.6 3.5 -0.2
v -0.6 4.3 -0.2
v -0.6 4.4 -0.2
v -0.6 5.1 -0.2
v -0.6 5.5 -0.2
v -0.6 6.2 -0.2
v -0.6 6.4 -0.2
v -0.5 1.5 -0.2
v -0.5 1.6 -0.2
v -0.5 2.4 -0.2
v -0.5 2.5 -0.2
v -0.5 2.9 -0.2
v -0.5 3.3 -0.2
v -0.5 4.1 -0.2
v -0.5 4.2 -0.2
v -0.5 4.3 -0.2
v -0.5 4.7 -0.2
v -0.5 5.7 -0.2
v -0.5 5.8 -0.2
v -0.5 6 -0.2
v -0.5 6.1 -0.2
v -0.5 6.2 -0.2
v -0.5 6.3 -0.2
v -0.4 5 -0.2
v -0.4 5.2 -0.2
v -0.4 5.3 -0.2
v -0.4 5.4 -0.2
v -0.4 5.6 -0.2
v -0.4 5.7 -0.2
v -0.4 5.8 -0.2
v -0.4 6.1 -0.2
v -0.4 6.2 -0.2
v -0.4 6.3 -0.2
v -0.3 5.2 -0.2
v -0.3 5.3 -0.2
v -0.3 5.4 -0.2
v -0.3 5.6 -0.2
v -0.3 5.7 -0.2
v -0.3 6 -0.2
v -0.3 6.1 -0.2
v -0.3 6.2 -0.2
v -0.2 5.2 -0.2
v -0.2 5.3 -0.2
v -0.2 5.4 -0.2
v -0.2 5.6 -0.2
v -0.2 5.7 -0.2
v -0.2 6 -0.2
v -0.2 6.1 -0.2
v -0.2 6.2 -0.2
v 0.2 5.2 -0.2
v 0.2 5.3 -0.2
v 0.2 5.4 -0.2
v 0.2 5.6 -0.2
v 0.2 5.7 -0.2
v 0.2 6 -0.2
v 0.2 6.1 -0.2
v 0.2 6.2 -0.2
v 0.3 5.2 -0.2
v 0.3 5.3 -0.2
v 0.3 5.4 -0.2
v 0.3 5.6 -0.2
v 0.3 5.7 -0.2
v 0.3 6 -0.2
v 0.3 6.1 -0.2
v 0.3 6.2 -0.2
v 0.4 5 -0.2
v 0.4 5.2 -0.2
v 0.4 5.3 -0.2
v 0.4 5.4 -0.2
v 0.4 5.6 -0.2
v 0.4 5.7 -0.2
v 0.4 5.8 -0.2
v 0.4 6.1 -0.2
v 0.4 6.2 -0.2
v 0.4 6.3 -0.2
v 0.5 1.5 -0.2
v 0.5 1.6 -0.2
v 0.5 2.4 -0.2
v 0.5 2.5 -0.2
v 0.5 2.9 -0.2
v 0.5 3.3 -0.2
v 0.5 4.1 -0.2
v 0.5 4.2 -0.2
v 0.5 4.3 -0.2
v 0.5 4.7 -0.2
v 0.5 5.7 -0.2
v 0.5 5.8 -0.2
v 0.5 6 -0.2
v 0.5 6.1 -0.2
v 0.5 6.2 -0.2
v 0.5 6.3 -0.2
v 0.6 1.5 -0.2
v 0.6 1.6 -0.2
v 0.6 2.4 -0.2
v 0.6 2.5 -0.2
v 0.6 2.8 -0.2
v 0.6 2.9 -0.2
v 0.6 3 -0.2
v 0.6 3.3 -0.2
v 0.6 3.4 -0.2
v 0.6 3.5 -0.2
v 0.6 4.3 -0.2
v 0.6 4.4 -0.2
v 0.6 5.1 -0.2
v 0.6 5.5 -0.2
v 0.6 6.2 -0.2
v 0.6 6.4 -0.2
v 0.7 2.8 -0.2
v 0.7 2.9 -0.2
v 0.7 3 -0.2
v 0.7 3.3 -0.2
v 0.7 3.4 -0.2
v 0.7 3.5 -0.2
v 0.7 4.1 -0.2
v 0.7 4.2 -0.2
v 0.7 4.3 -0.2
v 0.7 4.4 -0.2
v 0.7 4.7 -0.2
v 0.7 5 -0.2
v 0.7 5.1 -0.2
v 0.7 5.5 -0.2
v 0.7 6.2 -0.2
v 0.7 6.4 -0.2
v 0.7 6.5 -0.2
v 0.8 4.2 -0.2
v 0.8 4.3 -0.2
v 0.8 6.2 -0.2
v 0.8 6.5 -0.2
v 0.9 6.2 -0.2
v 0.9 6.5 -0.2
v 0.9 7.5 -0.2
v 0.9 7.6 -0.2
v 1 6.2 -0.2
v 1 6.5 -0.2
v 1 7.5 -0.2
v 1 7.6 -0.2
v 1.1 6.5 -0.2
v 1.1 6.6 -0.2
v 1.1 6.7 -0.2
v 1.2 6.5 -0.2
v 1.2 6.7 -0.2
v -1.4 3.6 -0.3
v -1.4 4.2 -0.3
v -1.4 6.9 -0.3
v -1.4 7.1 -0.3
v -1.3 3.6 -0.3
v -1.3 4.1 -0.3
v -1.3 4.2 -0.3
v -1.3 4.4 -0.3
v -1.3 6.9 -0.3
v -1.3 7.1 -0.3
v -1.3 7.2 -0.3
v -1.2 4.1 -0.3
v -1.2 4.4 -0.3
v -1.2 4.8 -0.3
v -1.2 7.1 -0.3
v -1.2 7.2 -0.3
v -1.1 4.4 -0.3
v -1.1 4.7 -0.3
v -1.1 4.8 -0.3
v -1.1 5 -0.3
v -1.1 5.8 -0.3
v -1.1 6.1 -0.3
v -1.1 7.3 -0.3
v -1.1 7.4 -0.3
v -1 4.7 -0.3
v -1 5 -0.3
v -1 5.8 -0.3
v -1 6 -0.3
v -1 6.1 -0.3
v -1 6.2 -0.3
v -1 7.3 -0.3
v -1 7.4 -0.3
v -0.9 6 -0.3
v -0.9 6.2 -0.3
v -0.9 7.5 -0.3
v -0.9 7.6 -0.3
v -0.8 3.6 -0.3
v -0.8 3.7 -0.3
v -0.8 7.5 -0.3
v -0.8 7.6 -0.3
v -0.7 3.5 -0.3
v -0.7 3.6 -0.3
v -0.7 3.7 -0.3
v -0.7 4 -0.3
v -0.7 4.2 -0.3
v -0.7 4.3 -0.3
v -0.6 3.3 -0.3
v -0.6 3.5 -0.3
v -0.6 4 -0.3
v -0.6 4.1 -0.3
v -0.5 3.3 -0.3
v -0.5 4.1 -0.3
v -0.5 4.2 -0.3
v -0.5 4.3 -0.3
v -0.5 6.3 -0.3
v -0.5 6.4 -0.3
v -0.4 6.3 -0.3
v -0.4 6.4 -0.3
v 0.4 6.3 -0.3
v 0.4 6.4 -0.3
v 0.5 3.3 -0.3
v 0.5 4.1 -0.3
v 0.5 4.2 -0.3
v 0.5 4.3 -0.3
v 0.5 6.3 -0.3
v 0.5 6.4 -0.3
v 0.6 3.3 -0.3
v 0.6 3.5 -0.3
v 0.6 4 -0.3
v 0.6 4.1 -0.3
v 0.7 3.5 -0.3
v 0.7 3.6 -0.3
v 0.7 3.7 -0.3
v 0.7 4 -0.3
v 0.7 4.2 -0.3
v 0.7 4.3 -0.3
v 0.8 3.6 -0.3
v 0.8 3.7 -0.3
v 0.8 7.5 -0.3
v 0.8 7.6 -0.3
v 0.9 6 -0.3
v 0.9 6.2 -0.3
v 0.9 7.5 -0.3
v 0.9 7.6 -0.3
v 1 4.7 -0.3
v 1 5 -0.3
v 1 5.8 -0.3
v 1 6 -0.3
v 1 6.1 -0.3
v 1 6.2 -0.3
v 1 7.3 -0.3
v 1 7.4 -0.3
v 1.1 4.4 -0.3
v 1.1 4.7 -0.3
v 1.1 4.8 -0.3
v 1.1 5 -0.3
v 1.1 5.8 -0.3
v 1.1 6.1 -0.3
v 1.1 7.3 -0.3
v 1.1 7.4 -0.3
v 1.2 4.1 -0.3
v 1.2 4.4 -0.3
v 1.2 4.8 -0.3
v 1.2 7.1 -0.3
v 1.2 7.2 -0.3
v 1.3 3.6 -0.3
v 1.3 4.1 -0.3
v 1.3 4.2 -0.3
v 1.3 4.4 -0.3
v 1.3 6.9 -0.3
v 1.3 7.1 -0.3
v 1.3 7.2 -0.3
v 1.4 3.6 -0.3
v 1.4 4.2 -0.3
v 1.4 6.9 -0.3
v 1.4 7.1 -0.3
v -1.4 2.8 -0.4
v -1.4 3.6 -0.4
v -1.3 2.6 -0.4
v -1.3 2.8 -0.4
v -1.3 2.9 -0.4
v -1.3 3.6 -0.4
v -1.2 2.6 -0.4
v -1.2 2.9 -0.4
v -1.1 1.2 -0.4
v -1.1 1.7 -0.4
v -1.1 1.8 -0.4
v -1.1 5 -0.4
v -1.1 5.8 -0.4
v -1.1 7.2 -0.4
v -1.1 7.3 -0.4
v -1 0.8 -0.4
v -1 1.2 -0.4
v -1 1.8 -0.4
v -1 5 -0.4
v -1 5.8 -0.4
v -1 7.2 -0.4
v -1 7.3 -0.4
v -1 7.5 -0.4
v -0.9 0.7 -0.4
v -0.9 0.8 -0.4
v -0.9 1.2 -0.4
v -0.9 7.3 -0.4
v -0.9 7.5 -0.4
v -0.8 0.7 -0.4
v -0.8 0.8 -0.4
v -0.7 4 -0.4
v -0.7 4.1 -0.4
v -0.6 4 -0.4
v -0.6 4.1 -0.4
v -0.6 6 -0.4
v -0.6 6.1 -0.4
v -0.6 6.2 -0.4
v -0.5 6 -0.4
v -0.5 6.1 -0.4
v -0.5 6.2 -0.4
v 0.5 6 -0.4
v 0.5 6.1 -0.4
v 0.5 6.2 -0.4
v 0.6 4 -0.4
v 0.6 4.1 -0.4
v 0.6 6 -0.4
v 0.6 6.1 -0.4
v 0.6 6.2 -0.4
v 0.7 4 -0.4
v 0.7 4.1 -0.4
v 0.8 0.7 -0.4
v 0.8 0.8 -0.4
v 0.9 0.7 -0.4
v 0.9 0.8 -0.4
v 0.9 1.2 -0.4
v 0.9 7.3 -0.4
v 0.9 7.5 -0.4
v 1 0.8 -0.4
v 1 1.2 -0.4
v 1 1.8 -0.4
v 1 5 -0.4
v 1 5.8 -0.4
v 1 7.2 -0.4
v 1 7.3 -0.4
v 1 7.5 -0.4
v 1.1 1.2 -0.4
v 1.1 1.7 -0.4
v 1.1 1.8 -0.4
v 1.1 5 -0.4
v 1.1 5.8 -0.4
v 1.1 7.2 -0.4
v 1.1 7.3 -0.4
v 1.2 2.6 -0.4
v 1.2 2.9 -0.4
v 1.3 2.6 -0.4
v 1.3 2.8 -0.4
v 1.3 2.9 -0.4
v 1.3 3.6 -0.4
v 1.4 2.8 -0.4
v 1.4 3.6 -0.4
v -1.3 2.5 -0.5
v -1.3 2.6 -0.5
v -1.2 1.7 -0.5
v -1.2 2.5 -0.5
v -1.2 2.6 -0.5
v -1.1 1.7 -0.5
v -1.1 2.5 -0.5
v -1 7.2 -0.5
v -1 7.3 -0.5
v -0.9 6.3 -0.5
v -0.9 6.4 -0.5
v -0.9 7.2 -0.5
v -0.9 7.3 -0.5
v -0.9 7.5 -0.5
v -0.8 6.4 -0.5
v -0.8 6.5 -0.5
v -0.8 7.3 -0.5
v -0.8 7.5 -0.5
v -0.8 7.6 -0.5
v -0.7 6.2 -0.5
v -0.7 6.3 -0.5
v -0.7 6.5 -0.5
v -0.7 7.5 -0.5
v -0.7 7.6 -0.5
v -0.6 6.3 -0.5
v -0.6 6.4 -0.5
v -0.5 6.3 -0.5
v -0.5 6.4 -0.5
v -0.4 6.1 -0.5
v -0.4 6.2 -0.5
v -0.4 6.3 -0.5
v -0.3 6.1 -0.5
v -0.3 6.2 -0.5
v -0.3 6.3 -0.5
v -0.3 6.4 -0.5
v -0.2 6.2 -0.5
v -0.2 6.3 -0.5
v -0.2 6.4 -0.5
v 0.2 6.2 -0.5
v 0.2 6.3 -0.5
v 0.2 6.4 -0.5
v 0.3 6.1 -0.5
v 0.3 6.2 -0.5
v 0.3 6.3 -0.5
v 0.3 6.4 -0.5
v 0.4 6.1 -0.5
v 0.4 6.2 -0.5
v 0.4 6.3 -0.5
v 0.5 6.3 -0.5
v 0.5 6.4 -0.5
v 0.6 6.3 -0.5
v 0.6 6.4 -0.5
v 0.7 6.2 -0.5
v 0.7 6.3 -0.5
v 0.7 6.5 -0.5
v 0.7 7.5 -0.5
v 0.7 7.6 -0.5
v 0.8 6.4 -0.5
v 0.8 6.5 -0.5
v 0.8 7.3 -0.5
v 0.8 7.5 -0.5
v 0.8 7.6 -0.5
v 0.9 6.3 -0.5
v 0.9 6.4 -0.5
v 0.9 7.2 -0.5
v 0.9 7.3 -0.5
v 0.9 7.5 -0.5
v 1 7.2 -0.5
v 1 7.3 -0.5
v 1.1 1.7 -0.5
v 1.1 2.5 -0.5
v 1.2 1.7 -0.5
v 1.2 2.5 -0.5
v 1.2 2.6 -0.5
v 1.3 2.5 -0.5
v 1.3 2.6 -0.5
v -1.3 6.7 -0.6
v -1.3 7.1 -0.6
v -1.2 6.7 -0.6
v -1.2 6.8 -0.6
v -1.2 7.1 -0.6
v -1.2 7.2 -0.6
v -1.1 6.4 -0.6
v -1.1 6.7 -0.6
v -1 6.5 -0.6
v -1 6.6 -0.6
v -1 6.7 -0.6
v -0.9 6.4 -0.6
v -0.9 6.5 -0.6
v -0.9 7.1 -0.6
v -0.9 7.2 -0.6
v -0.9 7.3 -0.6
v -0.8 7.2 -0.6
v -0.8 7.3 -0.6
v -0.8 7.5 -0.6
v -0.7 6.3 -0.6
v -0.7 6.5 -0.6
v -0.7 7.3 -0.6
v -0.7 7.4 -0.6
v -0.7 7.5 -0.6
v -0.7 7.6 -0.6
v -0.6 6.3 -0.6
v -0.6 6.4 -0.6
v -0.6 6.5 -0.6
v -0.6 7.4 -0.6
v -0.6 7.5 -0.6
v -0.5 6.4 -0.6
v -0.5 6.5 -0.6
v -0.5 7.5 -0.6
v -0.5 7.6 -0.6
v -0.3 3.8 -0.6
v -0.3 3.9 -0.6
v -0.3 5.2 -0.6
v -0.3 5.3 -0.6
v -0.3 5.9 -0.6
v -0.3 6.2 -0.6
v -0.3 6.4 -0.6
v -0.3 6.5 -0.6
v -0.2 3.8 -0.6
v -0.2 3.9 -0.6
v -0.2 4.6 -0.6
v -0.2 5.2 -0.6
v -0.2 5.3 -0.6
v -0.2 5.9 -0.6
v -0.2 6.1 -0.6
v -0.2 6.2 -0.6
v -0.2 6.3 -0.6
v -0.2 6.4 -0.6
v -0.1 4.6 -0.6
v -0.1 5.1 -0.6
v -0.1 5.2 -0.6
v -0.1 5.4 -0.6
v -0.1 5.5 -0.6
v -0.1 6.1 -0.6
v -0.1 6.3 -0.6
v -0.1 6.5 -0.6
v 0.1 4.6 -0.6
v 0.1 5.1 -0.6
v 0.1 5.2 -0.6
v 0.1 5.4 -0.6
v 0.1 5.5 -0.6
v 0.1 6.1 -0.6
v 0.1 6.3 -0.6
v 0.1 6.5 -0.6
v 0.2 3.8 -0.6
v 0.2 3.9 -0.6
v 0.2 4.6 -0.6
v 0.2 5.2 -0.6
v 0.2 5.3 -0.6
v 0.2 5.9 -0.6
v 0.2 6.1 -0.6
v 0.2 6.2 -0.6
v 0.2 6.3 -0.6
v 0.2 6.4 -0.6
v 0.3 3.8 -0.6
v 0.3 3.9 -0.6
v 0.3 5.2 -0.6
v 0.3 5.3 -0.6
v 0.3 5.9 -0.6
v 0.3 6.2 -0.6
v 0.3 6.4 -0.6
v 0.3 6.5 -0.6
v 0.5 6.4 -0.6
v 0.5 6.5 -0.6
v 0.5 7.5 -0.6
v 0.5 7.6 -0.6
v 0.6 6.3 -0.6
v 0.6 6.4 -0.6
v 0.6 6.5 -0.6
v 0.6 7.4 -0.6
v 0.6 7.5 -0.6
v 0.7 6.3 -0.6
v 0.7 6.5 -0.6
v 0.7 7.3 -0.6
v 0.7 7.4 -0.6
v 0.7 7.5 -0.6
v 0.7 7.6 -0.6
v 0.8 7.2 -0.6
v 0.8 7.3 -0.6
v 0.8 7.5 -0.6
v 0.9 6.4 -0.6
v 0.9 6.5 -0.6
v 0.9 7.1 -0.6
v 0.9 7.2 -0.6
v 0.9 7.3 -0.6
v 1 6.5 -0.6
v 1 6.6 -0.6
v 1 6.7 -0.6
v 1.1 6.4 -0.6
v 1.1 6.7 -0.6
v 1.2 6.7 -0.6
v 1.2 6.8 -0.6
v 1.2 7.1 -0.6
v 1.2 7.2 -0.6
v 1.3 6.7 -0.6
v 1.3 7.1 -0.6
v -1.2 6.7 -0.7
v -1.2 6.8 -0.7
v -1.2 7.1 -0.7
v -1.1 6.8 -0.7
v -1.1 6.9 -0.7
v -1 6.5 -0.7
v -1 6.6 -0.7
v -1 6.7 -0.7
v -1 6.8 -0.7
v -1 6.9 -0.7
v -1 7.1 -0.7
v -0.9 6.4 -0.7
v -0.9 6.5 -0.7
v -0.9 6.6 -0.7
v -0.9 6.7 -0.7
v -0.8 6.3 -0.7
v -0.8 6.4 -0.7
v -0.8 6.5 -0.7
v -0.8 6.7 -0.7
v -0.8 7.2 -0.7
v -0.8 7.3 -0.7
v -0.7 6.3 -0.7
v -0.7 6.5 -0.7
v -0.7 7.3 -0.7
v -0.7 7.4 -0.7
v -0.6 7.2 -0.7
v -0.6 7.3 -0.7
v -0.6 7.4 -0.7
v -0.6 7.5 -0.7
v -0.5 7.3 -0.7
v -0.5 7.4 -0.7
v -0.5 7.5 -0.7
v -0.5 7.6 -0.7
v -0.4 7.4 -0.7
v -0.4 7.6 -0.7
v -0.3 3.9 -0.7
v -0.3 4 -0.7
v -0.2 3.9 -0.7
v -0.2 4 -0.7
v -0.2 6.1 -0.7
v -0.2 6.3 -0.7
v -0.1 5.2 -0.7
v -0.1 5.4 -0.7
v -0.1 5.5 -0.7
v -0.1 6.1 -0.7
v -0.1 6.3 -0.7
v -0.1 6.4 -0.7
v -0.1 6.5 -0.7
v 0.1 5.2 -0.7
v 0.1 5.4 -0.7
v 0.1 5.5 -0.7
v 0.1 6.1 -0.7
v 0.1 6.3 -0.7
v 0.1 6.4 -0.7
v 0.1 6.5 -0.7
v 0.2 3.9 -0.7
v 0.2 4 -0.7
v 0.2 6.1 -0.7
v 0.2 6.3 -0.7
v 0.3 3.9 -0.7
v 0.3 4 -0.7
v 0.4 7.4 -0.7
v 0.4 7.6 -0.7
v 0.5 7.3 -0.7
v 0.5 7.4 -0.7
v 0.5 7.5 -0.7
v 0.5 7.6 -0.7
v 0.6 7.2 -0.7
v 0.6 7.3 -0.7
v 0.6 7.4 -0.7
v 0.6 7.5 -0.7
v 0.7 6.3 -0.7
v 0.7 6.5 -0.7
v 0.7 7.3 -0.7
v 0.7 7.4 -0.7
v 0.8 6.3 -0.7
v 0.8 6.4 -0.7
v 0.8 6.5 -0.7
v 0.8 6.7 -0.7
v 0.8 7.2 -0.7
v 0.8 7.3 -0.7
v 0.9 6.4 -0.7
v 0.9 6.5 -0.7
v 0.9 6.6 -0.7
v 0.9 6.7 -0.7
v 1 6.5 -0.7
v 1 6.6 -0.7
v 1 6.7 -0.7
v 1 6.8 -0.7
v 1 6.9 -0.7
v 1 7.1 -0.7
v 1.1 6.8 -0.7
v 1.1 6.9 -0.7
v 1.2 6.7 -0.7
v 1.2 6.8 -0.7
v 1.2 7.1 -0.7
v -1.1 6.8 -0.8
v -1.1 6.9 -0.8
v -1 6.7 -0.8
v -1 6.8 -0.8
v -1 6.9 -0.8
v -1 7.1 -0.8
v -0.9 6.7 -0.8
v -0.9 6.9 -0.8
v -0.9 7.1 -0.8
v -0.9 7.2 -0.8
v -0.8 5.9 -0.8
v -0.8 6.3 -0.8
v -0.8 6.5 -0.8
v -0.8 6.7 -0.8
v -0.7 5.9 -0.8
v -0.7 6.3 -0.8
v -0.7 6.5 -0.8
v -0.7 6.7 -0.8
v -0.6 7.1 -0.8
v -0.6 7.2 -0.8
v -0.6 7.3 -0.8
v -0.5 6.3 -0.8
v -0.5 6.4 -0.8
v -0.5 7.3 -0.8
v -0.5 7.4 -0.8
v -0.4 6.2 -0.8
v -0.4 6.3 -0.8
v -0.4 6.4 -0.8
v -0.4 6.5 -0.8
v -0.4 7.2 -0.8
v -0.4 7.4 -0.8
v -0.4 7.6 -0.8
v -0.3 6.2 -0.8
v -0.3 6.4 -0.8
v -0.3 6.5 -0.8
v -0.3 7.4 -0.8
v -0.3 7.5 -0.8
v -0.2 4.1 -0.8
v -0.2 4.6 -0.8
v -0.2 6.5 -0.8
v -0.2 7.5 -0.8
v -0.2 7.6 -0.8
v -0.1 2.5 -0.8
v -0.1 2.6 -0.8
v -0.1 4 -0.8
v -0.1 4.1 -0.8
v -0.1 4.6 -0.8
v -0.1 5.1 -0.8
v -0.1 6.4 -0.8
v -0.1 6.5 -0.8
v 0 2.5 -0.8
v 0 2.6 -0.8
v 0 2.8 -0.8
v 0 2.9 -0.8
v 0.1 2.8 -0.8
v 0.1 2.9 -0.8
v 0.1 4 -0.8
v 0.1 4.1 -0.8
v 0.1 4.6 -0.8
v 0.1 5.1 -0.8
v 0.1 6.4 -0.8
v 0.1 6.5 -0.8
v 0.2 4.1 -0.8
v 0.2 4.6 -0.8
v 0.2 6.5 -0.8
v 0.2 7.5 -0.8
v 0.2 7.6 -0.8
v 0.3 6.2 -0.8
v 0.3 6.4 -0.8
v 0.3 6.5 -0.8
v 0.3 7.4 -0.8
v 0.3 7.5 -0.8
v 0.4 6.2 -0.8
v 0.4 6.3 -0.8
v 0.4 6.4 -0.8
v 0.4 6.5 -0.8
v 0.4 7.2 -0.8
v 0.4 7.4 -0.8
v 0.4 7.6 -0.8
v 0.5 6.3 -0.8
v 0.5 6.4 -0.8
v 0.5 7.3 -0.8
v 0.5 7.4 -0.8
v 0.6 7.1 -0.8
v 0.6 7.2 -0.8
v 0.6 7.3 -0.8
v 0.7 5.9 -0.8
v 0.7 6.3 -0.8
v 0.7 6.5 -0.8
v 0.7 6.7 -0.8
v 0.8 5.9 -0.8
v 0.8 6.3 -0.8
v 0.8 6.5 -0.8
v 0.8 6.7 -0.8
v 0.9 6.7 -0.8
v 0.9 6.9 -0.8
v 0.9 7.1 -0.8
v 0.9 7.2 -0.8
v 1 6.7 -0.8
v 1 6.8 -0.8
v 1 6.9 -0.8
v 1 7.1 -0.8
v 1.1 6.8 -0.8
v 1.1 6.9 -0.8
v -0.9 6.7 -0.9
v -0.9 6.9 -0.9
v -0.9 7.1 -0.9
v -0.8 5.5 -0.9
v -0.8 5.9 -0.9
v -0.8 6.8 -0.9
v -0.8 6.9 -0.9
v -0.7 5.2 -0.9
v -0.7 5.5 -0.9
v -0.7 5.6 -0.9
v -0.7 5.9 -0.9
v -0.7 6.5 -0.9
v -0.7 6.7 -0.9
v -0.7 6.8 -0.9
v -0.7 6.9 -0.9
v -0.7 7 -0.9
v -0.6 5.2 -0.9
v -0.6 5.6 -0.9
v -0.6 6.5 -0.9
v -0.6 6.7 -0.9
v -0.6 7 -0.9
v -0.6 7.1 -0.9
v -0.4 7.3 -0.9
v -0.4 7.4 -0.9
v -0.3 7.3 -0.9
v -0.3 7.4 -0.9
v -0.3 7.5 -0.9
v -0.2 7.5 -0.9
v -0.2 7.6 -0.9
v -0.1 2.9 -0.9
v -0.1 3 -0.9
v -0.1 3.5 -0.9
v -0.1 3.6 -0.9
v -0.1 3.7 -0.9
v -0.1 4 -0.9
v 0 2.6 -0.9
v 0 2.8 -0.9
v 0 3.1 -0.9
v 0 3.3 -0.9
v 0 3.5 -0.9
v 0 3.6 -0.9
v 0 3.7 -0.9
v 0 3.9 -0.9
v 0.1 2.6 -0.9
v 0.1 2.8 -0.9
v 0.1 2.9 -0.9
v 0.1 3 -0.9
v 0.1 3.1 -0.9
v 0.1 3.3 -0.9
v 0.1 3.4 -0.9
v 0.1 3.9 -0.9
v 0.1 4 -0.9
v 0.2 3.3 -0.9
v 0.2 3.4 -0.9
v 0.2 7.5 -0.9
v 0.2 7.6 -0.9
v 0.3 7.3 -0.9
v 0.3 7.4 -0.9
v 0.3 7.5 -0.9
v 0.4 7.3 -0.9
v 0.4 7.4 -0.9
v 0.6 5.2 -0.9
v 0.6 5.6 -0.9
v 0.6 6.5 -0.9
v 0.6 6.7 -0.9
v 0.6 7 -0.9
v 0.6 7.1 -0.9
v 0.7 5.2 -0.9
v 0.7 5.5 -0.9
v 0.7 5.6 -0.9
v 0.7 5.9 -0.9
v 0.7 6.5 -0.9
v 0.7 6.7 -0.9
v 0.7 6.8 -0.9
v 0.7 6.9 -0.9
v 0.7 7 -0.9
v 0.8 5.5 -0.9
v 0.8 5.9 -0.9
v 0.8 6.8 -0.9
v 0.8 6.9 -0.9
v 0.9 6.7 -0.9
v 0.9 6.9 -0.9
v 0.9 7.1 -0.9
v -0.8 4.6 -1
v -0.8 5.2 -1
v -0.8 6.8 -1
v -0.8 6.9 -1
v -0.7 4.6 -1
v -0.7 5.1 -1
v -0.7 6.7 -1
v -0.7 6.8 -1
v -0.7 6.9 -1
v -0.7 7 -1
v -0.6 5.1 -1
v -0.6 5.2 -1
v -0.6 6.4 -1
v -0.6 6.5 -1
v -0.6 6.7 -1
v -0.6 6.8 -1
v -0.6 6.9 -1
v -0.6 7 -1
v -0.6 7.2 -1
v -0.5 6.4 -1
v -0.5 6.5 -1
v -0.5 6.7 -1
v -0.5 7 -1
v -0.5 7.1 -1
v -0.4 6.1 -1
v -0.4 6.3 -1
v -0.4 7.1 -1
v -0.4 7.2 -1
v -0.4 7.3 -1
v -0.3 6.1 -1
v -0.3 6.3 -1
v -0.3 6.4 -1
v -0.3 7.3 -1
v -0.3 7.4 -1
v -0.2 3.3 -1
v -0.2 4.1 -1
v -0.2 6.1 -1
v -0.2 6.4 -1
v -0.1 3 -1
v -0.1 3.3 -1
v -0.1 3.5 -1
v -0.1 3.6 -1
v -0.1 3.7 -1
v -0.1 4.1 -1
v 0 3.1 -1
v 0 3.3 -1
v 0 3.5 -1
v 0 3.6 -1
v 0 3.7 -1
v 0 3.9 -1
v 0.1 3 -1
v 0.1 3.1 -1
v 0.1 3.3 -1
v 0.1 3.4 -1
v 0.1 3.9 -1
v 0.1 4.1 -1
v 0.2 3.4 -1
v 0.2 4.1 -1
v 0.2 6.1 -1
v 0.2 6.4 -1
v 0.3 6.1 -1
v 0.3 6.3 -1
v 0.3 6.4 -1
v 0.3 7.3 -1
v 0.3 7.4 -1
v 0.4 6.1 -1
v 0.4 6.3 -1
v 0.4 7.1 -1
v 0.4 7.2 -1
v 0.4 7.3 -1
v 0.5 6.4 -1
v 0.5 6.5 -1
v 0.5 6.7 -1
v 0.5 7 -1
v 0.5 7.1 -1
v 0.6 5.1 -1
v 0.6 5.2 -1
v 0.6 6.4 -1
v 0.6 6.5 -1
v 0.6 6.7 -1
v 0.6 6.8 -1
v 0.6 6.9 -1
v 0.6 7 -1
v 0.6 7.2 -1
v 0.7 4.6 -1
v 0.7 5.1 -1
v 0.7 6.7 -1
v 0.7 6.8 -1
v 0.7 6.9 -1
v 0.7 7 -1
v 0.8 4.6 -1
v 0.8 5.2 -1
v 0.8 6.8 -1
v 0.8 6.9 -1
v -0.8 4.3 -1.1
v -0.8 4.6 -1.1
v -0.7 4.3 -1.1
v -0.7 4.6 -1.1
v -0.7 6.8 -1.1
v -0.7 6.9 -1.1
v -0.6 6.7 -1.1
v -0.6 6.8 -1.1
v -0.6 6.9 -1.1
v -0.6 7 -1.1
v -0.5 6.4 -1.1
v -0.5 6.7 -1.1
v -0.5 6.8 -1.1
v -0.5 7 -1.1
v -0.5 7.1 -1.1
v -0.4 5.2 -1.1
v -0.4 5.4 -1.1
v -0.4 6.4 -1.1
v -0.4 6.7 -1.1
v -0.4 6.8 -1.1
v -0.4 6.9 -1.1
v -0.4 7.1 -1.1
v -0.4 7.2 -1.1
v -0.3 5.2 -1.1
v -0.3 5.4 -1.1
v -0.3 6.1 -1.1
v -0.3 6.7 -1.1
v -0.3 6.9 -1.1
v -0.3 7 -1.1
v -0.2 5.4 -1.1
v -0.2 6.1 -1.1
v -0.2 6.4 -1.1
v -0.2 6.6 -1.1
v -0.2 6.7 -1.1
v 0.2 5.4 -1.1
v 0.2 6.1 -1.1
v 0.2 6.4 -1.1
v 0.2 6.6 -1.1
v 0.2 6.7 -1.1
v 0.3 5.2 -1.1
v 0.3 5.4 -1.1
v 0.3 6.1 -1.1
v 0.3 6.7 -1.1
v 0.3 6.9 -1.1
v 0.3 7 -1.1
v 0.4 5.2 -1.1
v 0.4 5.4 -1.1
v 0.4 6.4 -1.1
v 0.4 6.7 -1.1
v 0.4 6.8 -1.1
v 0.4 6.9 -1.1
v 0.4 7.1 -1.1
v 0.4 7.2 -1.1
v 0.5 6.4 -1.1
v 0.5 6.7 -1.1
v 0.5 6.8 -1.1
v 0.5 7 -1.1
v 0.5 7.1 -1.1
v 0.6 6.7 -1.1
v 0.6 6.8 -1.1
v 0.6 6.9 -1.1
v 0.6 7 -1.1
v 0.7 4.3 -1.1
v 0.7 4.6 -1.1
v 0.7 6.8 -1.1
v 0.7 6.9 -1.1
v 0.8 4.3 -1.1
v 0.8 4.6 -1.1
v -0.8 3.6 -1.2
v -0.8 3.7 -1.2
v -0.8 4.3 -1.2
v -0.7 3.6 -1.2
v -0.7 4.3 -1.2
v -0.4 4.9 -1.2
v -0.4 5.2 -1.2
v -0.4 6.7 -1.2
v -0.4 6.8 -1.2
v -0.4 6.9 -1.2
v -0.3 4.9 -1.2
v -0.3 5.2 -1.2
v -0.3 6.7 -1.2
v -0.3 6.8 -1.2
v -0.3 6.9 -1.2
v -0.3 7 -1.2
v -0.2 6.4 -1.2
v -0.2 6.6 -1.2
v -0.2 6.7 -1.2
v -0.2 6.8 -1.2
v -0.2 6.9 -1.2
v -0.1 6.6 -1.2
v -0.1 6.7 -1.2
v -0.1 6.9 -1.2
v 0.1 6.6 -1.2
v 0.1 6.7 -1.2
v 0.1 6.9 -1.2
v 0.2 6.4 -1.2
v 0.2 6.6 -1.2
v 0.2 6.7 -1.2
v 0.2 6.8 -1.2
v 0.2 6.9 -1.2
v 0.3 4.9 -1.2
v 0.3 5.2 -1.2
v 0.3 6.7 -1.2
v 0.3 6.8 -1.2
v 0.3 6.9 -1.2
v 0.3 7 -1.2
v 0.4 4.9 -1.2
v 0.4 5.2 -1.2
v 0.4 6.7 -1.2
v 0.4 6.8 -1.2
v 0.4 6.9 -1.2
v 0.7 3.6 -1.2
v 0.7 4.3 -1.2
v 0.8 3.6 -1.2
v 0.8 3.7 -1.2
v 0.8 4.3 -1.2
v -1 2.9 -1.3
v -1 3.3 -1.3
v -0.9 2.5 -1.3
v -0.9 2.9 -1.3
v -0.9 3.3 -1.3
v -0.9 3.7 -1.3
v -0.8 2.5 -1.3
v -0.8 2.9 -1.3
v -0.8 3.3 -1.3
v -0.8 3.7 -1.3
v -0.7 0.9 -1.3
v -0.7 1.3 -1.3
v -0.7 1.4 -1.3
v -0.6 0.9 -1.3
v -0.6 1.4 -1.3
v -0.4 4.7 -1.3
v -0.4 4.9 -1.3
v -0.3 4.7 -1.3
v -0.3 4.9 -1.3
v -0.3 6.7 -1.3
v -0.3 6.8 -1.3
v -0.2 6.8 -1.3
v -0.2 6.9 -1.3
v -0.1 6.7 -1.3
v -0.1 6.9 -1.3
v 0.1 6.7 -1.3
v 0.1 6.9 -1.3
v 0.2 6.8 -1.3
v 0.2 6.9 -1.3
v 0.3 4.7 -1.3
v 0.3 4.9 -1.3
v 0.3 6.7 -1.3
v 0.3 6.8 -1.3
v 0.4 4.7 -1.3
v 0.4 4.9 -1.3
v 0.6 0.9 -1.3
v 0.6 1.4 -1.3
v 0.7 0.9 -1.3
v 0.7 1.3 -1.3
v 0.7 1.4 -1.3
v 0.8 2.5 -1.3
v 0.8 2.9 -1.3
v 0.8 3.3 -1.3
v 0.8 3.7 -1.3
v 0.9 2.5 -1.3
v 0.9 2.9 -1.3
v 0.9 3.3 -1.3
v 0.9 3.7 -1.3
v 1 2.9 -1.3
v 1 3.3 -1.3
v -0.9 2.1 -1.4
v -0.9 2.5 -1.4
v -0.8 1.3 -1.4
v -0.8 2.1 -1.4
v -0.8 2.5 -1.4
v -0.7 1.3 -1.4
v -0.7 2.1 -1.4
v -0.4 4.5 -1.4
v -0.4 4.7 -1.4
v -0.3 4.2 -1.4
v -0.3 4.5 -1.4
v -0.3 4.7 -1.4
v -0.2 4.2 -1.4
v -0.2 4.5 -1.4
v 0.2 4.2 -1.4
v 0.2 4.5 -1.4
v 0.3 4.2 -1.4
v 0.3 4.5 -1.4
v 0.3 4.7 -1.4
v 0.4 4.5 -1.4
v 0.4 4.7 -1.4
v 0.7 1.3 -1.4
v 0.7 2.1 -1.4
v 0.8 1.3 -1.4
v 0.8 2.1 -1.4
v 0.8 2.5 -1.4
v 0.9 2.1 -1.4
v 0.9 2.5 -1.4
v -0.3 3.5 -1.5
v -0.3 4.2 -1.5
v -0.2 3.5 -1.5
v -0.2 4.2 -1.5
v 0.2 3.5 -1.5
v 0.2 4.2 -1.5
v 0.3 3.5 -1.5
v 0.3 4.2 -1.5
v -0.4 2.7 -1.6
v -0.4 3.2 -1.6
v -0.3 2.7 -1.6
v -0.3 3.2 -1.6
v -0.3 3.5 -1.6
v -0.2 3.2 -1.6
v -0.2 3.5 -1.6
v 0.2 3.2 -1.6
v 0.2 3.5 -1.6
v 0.3 2.7 -1.6
v 0.3 3.2 -1.6
v 0.3 3.5 -1.6
v 0.4 2.7 -1.6
v 0.4 3.2 -1.6
v -0.5 1.2 -1.7
v -0.5 1.4 -1.7
v -0.4 1.2 -1.7
v -0.4 1.4 -1.7
v -0.4 1.7 -1.7
v -0.4 2.1 -1.7
v -0.4 2.7 -1.7
v -0.3 1.4 -1.7
v -0.3 1.7 -1.7
v -0.3 2.1 -1.7
v -0.3 2.7 -1.7
v 0.3 1.4 -1.7
v 0.3 1.7 -1.7
v 0.3 2.1 -1.7
v 0.3 2.7 -1.7
v 0.4 1.2 -1.7
v 0.4 1.4 -1.7
v 0.4 1.7 -1.7
v 0.4 2.1 -1.7
v 0.4 2.7 -1.7
v 0.5 1.2 -1.7
v 0.5 1.4 -1.7
v -0.4 1.7 -1.8
v -0.4 2.1 -1.8
v -0.3 1.7 -1.8
v -0.3 2.1 -1.8
v 0.3 1.7 -1.8
v 0.3 2.1 -1.8
v 0.4 1.7 -1.8
v 0.4 2.1 -1.8
v -0.9 0.7 0.4
v -0.8 0.7 0.4
v 0.8 0.7 0.4
v 0.9 0.7 0.4
v -0.9 0.7 0.3
v -0.8 0.7 0.3
v 0.8 0.7 0.3
v 0.9 0.7 0.3
v -0.9 0.7 -0.3
v -0.8 0.7 -0.3
v 0.8 0.7 -0.3
v 0.9 0.7 -0.3
v -0.9 0.7 -0.4
v -0.8 0.7 -0.4
v 0.8 0.7 -0.4
v 0.9 0.7 -0.4
v -1 0.8 0.4
v -0.9 0.8 0.4
v 0.9 0.8 0.4
v 1 0.8 0.4
v -1 0.8 0.3
v -0.9 0.8 0.3
v 0.9 0.8 0.3
v 1 0.8 0.3
v -1 0.8 -0.3
v -0.9 0.8 -0.3
v 0.9 0.8 -0.3
v 1 0.8 -0.3
v -1 0.8 -0.4
v -0.9 0.8 -0.4
v 0.9 0.8 -0.4
v 1 0.8 -0.4
v -0.7 0.9 1.3
v -0.6 0.9 1.3
v 0.6 0.9 1.3
v 0.7 0.9 1.3
v -0.7 0.9 1.2
v -0.6 0.9 1.2
v 0.6 0.9 1.2
v 0.7 0.9 1.2
v -0.7 0.9 -1.2
v -0.6 0.9 -1.2
v 0.6 0.9 -1.2
v 0.7 0.9 -1.2
v -0.7 0.9 -1.3
v -0.6 0.9 -1.3
v 0.6 0.9 -1.3
v 0.7 0.9 -1.3
v -0.5 1.2 1.7
v -0.4 1.2 1.7
v 0.4 1.2 1.7
v 0.5 1.2 1.7
v -0.5 1.2 1.6
v -0.4 1.2 1.6
v 0.4 1.2 1.6
v 0.5 1.2 1.6
v -1.1 1.2 0.4
v -1 1.2 0.4
v 1 1.2 0.4
v 1.1 1.2 0.4
v -1.1 1.2 0.3
v -1 1.2 0.3
v 1 1.2 0.3
v 1.1 1.2 0.3
v -0.6 1.2 0.0999999
v -0.5 1.2 0.0999999
v 0.5 1.2 0.0999999
v 0.6 1.2 0.0999999
v -0.6 1.2 0
v -0.5 1.2 0
v 0.5 1.2 0
v 0.6 1.2 0
v -1.1 1.2 -0.3
v -1 1.2 -0.3
v 1 1.2 -0.3
v 1.1 1.2 -0.3
v -1.1 1.2 -0.4
v -1 1.2 -0.4
v 1 1.2 -0.4
v 1.1 1.2 -0.4
v -0.5 1.2 -1.6
v -0.4 1.2 -1.6
v 0.4 1.2 -1.6
v 0.5 1.2 -1.6
v -0.5 1.2 -1.7
v -0.4 1.2 -1.7
v 0.4 1.2 -1.7
v 0.5 1.2 -1.7
v -0.8 1.3 1.4
v -0.7 1.3 1.4
v 0.7 1.3 1.4
v 0.8 1.3 1.4
v -0.8 1.3 1.3
v -0.7 1.3 1.3
v 0.7 1.3 1.3
v 0.8 1.3 1.3
v -0.6 1.3 0
v -0.5 1.3 0
v 0.5 1.3 0
v 0.6 1.3 0
v -0.6 1.3 -0.1
v -0.5 1.3 -0.1
v 0.5 1.3 -0.1
v 0.6 1.3 -0.1
v -0.8 1.3 -1.3
v -0.7 1.3 -1.3
v 0.7 1.3 -1.3
v 0.8 1.3 -1.3
v -0.8 1.3 -1.4
v -0.7 1.3 -1.4
v 0.7 1.3 -1.4
v 0.8 1.3 -1.4
v -0.4 1.4 1.7
v -0.3 1.4 1.7
v 0.3 1.4 1.7
v 0.4 1.4 1.7
v -0.4 1.4 1.6
v -0.3 1.4 1.6
v 0.3 1.4 1.6
v 0.4 1.4 1.6
v -0.4 1.4 -1.6
v -0.3 1.4 -1.6
v 0.3 1.4 -1.6
v 0.4 1.4 -1.6
v -0.4 1.4 -1.7
v -0.3 1.4 -1.7
v 0.3 1.4 -1.7
v 0.4 1.4 -1.7
v -0.6 1.5 -0.1
v -0.5 1.5 -0.1
v 0.5 1.5 -0.1
v 0.6 1.5 -0.1
v -0.6 1.5 -0.2
v -0.5 1.5 -0.2
v 0.5 1.5 -0.2
v 0.6 1.5 -0.2
v -0.6 1.6 0.0999999
v -0.5 1.6 0.0999999
v 0.5 1.6 0.0999999
v 0.6 1.6 0.0999999
v -0.6 1.6 0
v -0.5 1.6 0
v 0.5 1.6 0
v 0.6 1.6 0
v -0.4 1.7 1.8
v -0.3 1.7 1.8
v 0.3 1.7 1.8
v 0.4 1.7 1.8
v -0.4 1.7 1.7
v -0.3 1.7 1.7
v 0.3 1.7 1.7
v 0.4 1.7 1.7
v -1.2 1.7 0.5
v -1.1 1.7 0.5
v 1.1 1.7 0.5
v 1.2 1.7 0.5
v -1.2 1.7 0.4
v -1.1 1.7 0.4
v 1.1 1.7 0.4
v 1.2 1.7 0.4
v -1.2 1.7 -0.4
v -1.1 1.7 -0.4
v 1.1 1.7 -0.4
v 1.2 1.7 -0.4
v -1.2 1.7 -0.5
v -1.1 1.7 -0.5
v 1.1 1.7 -0.5
v 1.2 1.7 -0.5
v -0.4 1.7 -1.7
v -0.3 1.7 -1.7
v 0.3 1.7 -1.7
v 0.4 1.7 -1.7
v -0.4 1.7 -1.8
v -0.3 1.7 -1.8
v 0.3 1.7 -1.8
v 0.4 1.7 -1.8
v -0.6 1.8 0.2
v -0.5 1.8 0.2
v 0.5 1.8 0.2
v 0.6 1.8 0.2
v -0.6 1.8 0.0999999
v -0.5 1.8 0.0999999
v 0.5 1.8 0.0999999
v 0.6 1.8 0.0999999
v -0.4 2.1 1.7
v -0.3 2.1 1.7
v 0.3 2.1 1.7
v 0.4 2.1 1.7
v -0.4 2.1 1.6
v -0.3 2.1 1.6
v 0.3 2.1 1.6
v 0.4 2.1 1.6
v -0.9 2.1 1.4
v -0.8 2.1 1.4
v 0.8 2.1 1.4
v 0.9 2.1 1.4
v -0.9 2.1 1.3
v -0.8 2.1 1.3
v 0.8 2.1 1.3
v 0.9 2.1 1.3
v -0.6 2.1 0
v -0.5 2.1 0
v 0.5 2.1 0
v 0.6 2.1 0
v -0.6 2.1 -0.1
v -0.5 2.1 -0.1
v 0.5 2.1 -0.1
v 0.6 2.1 -0.1
v -0.9 2.1 -1.3
v -0.8 2.1 -1.3
v 0.8 2.1 -1.3
v 0.9 2.1 -1.3
v -0.9 2.1 -1.4
v -0.8 2.1 -1.4
v 0.8 2.1 -1.4
v 0.9 2.1 -1.4
v -0.4 2.1 -1.6
v -0.3 2.1 -1.6
v 0.3 2.1 -1.6
v 0.4 2.1 -1.6
v -0.4 2.1 -1.7
v -0.3 2.1 -1.7
v 0.3 2.1 -1.7
v 0.4 2.1 -1.7
v -0.7 2.3 0.0999999
v -0.6 2.3 0.0999999
v 0.6 2.3 0.0999999
v 0.7 2.3 0.0999999
v -0.7 2.3 -0.1
v -0.6 2.3 -0.1
v 0.6 2.3 -0.1
v 0.7 2.3 -0.1
v -0.6 2.4 0.2
v -0.5 2.4 0.2
v 0.5 2.4 0.2
v 0.6 2.4 0.2
v -0.6 2.4 0.0999999
v 0.6 2.4 0.0999999
v -0.6 2.4 0
v -0.5 2.4 0
v 0.5 2.4 0
v 0.6 2.4 0
v -0.6 2.4 -0.1
v -0.5 2.4 -0.1
v 0.5 2.4 -0.1
v 0.6 2.4 -0.1
v -0.6 2.4 -0.2
v -0.5 2.4 -0.2
v 0.5 2.4 -0.2
v 0.6 2.4 -0.2
v -0.9 2.5 1.3
v -0.8 2.5 1.3
v 0.8 2.5 1.3
v 0.9 2.5 1.3
v -0.9 2.5 1.2
v -0.8 2.5 1.2
v 0.8 2.5 1.2
v 0.9 2.5 1.2
v -0.1 2.5 0.8
v 0 2.5 0.8
v -0.1 2.5 0.7
v 0 2.5 0.7
v -1.3 2.5 0.5
v -1.2 2.5 0.5
v 1.2 2.5 0.5
v 1.3 2.5 0.5
v -1.3 2.5 0.4
v -1.2 2.5 0.4
v 1.2 2.5 0.4
v 1.3 2.5 0.4
v -1.3 2.5 -0.4
v -1.2 2.5 -0.4
v 1.2 2.5 -0.4
v 1.3 2.5 -0.4
v -1.3 2.5 -0.5
v -1.2 2.5 -0.5
v 1.2 2.5 -0.5
v 1.3 2.5 -0.5
v -0.1 2.5 -0.7
v 0 2.5 -0.7
v -0.1 2.5 -0.8
v 0 2.5 -0.8
v -0.9 2.5 -1.2
v -0.8 2.5 -1.2
v 0.8 2.5 -1.2
v 0.9 2.5 -1.2
v -0.9 2.5 -1.3
v -0.8 2.5 -1.3
v 0.8 2.5 -1.3
v 0.9 2.5 -1.3
v 0 2.6 0.8
v 0.1 2.6 0.8
v 0 2.6 0.7
v 0.1 2.6 0.7
v -1.3 2.6 0.4
v -1.2 2.6 0.4
v 1.2 2.6 0.4
v 1.3 2.6 0.4
v -1.3 2.6 0.3
v -1.2 2.6 0.3
v 1.2 2.6 0.3
v 1.3 2.6 0.3
v -0.6 2.6 0.0999999
v -0.5 2.6 0.0999999
v 0.5 2.6 0.0999999
v 0.6 2.6 0.0999999
v -0.6 2.6 0
v -0.5 2.6 0
v 0.5 2.6 0
v 0.6 2.6 0
v -1.3 2.6 -0.3
v -1.2 2.6 -0.3
v 1.2 2.6 -0.3
v 1.3 2.6 -0.3
v -1.3 2.6 -0.4
v -1.2 2.6 -0.4
v 1.2 2.6 -0.4
v 1.3 2.6 -0.4
v 0 2.6 -0.7
v 0.1 2.6 -0.7
v 0 2.6 -0.8
v 0 2.6 -0.9
v 0.1 2.6 -0.9
v -0.4 2.7 1.6
v -0.3 2.7 1.6
v 0.3 2.7 1.6
v 0.4 2.7 1.6
v -0.4 2.7 1.5
v -0.3 2.7 1.5
v 0.3 2.7 1.5
v 0.4 2.7 1.5
v -0.6 2.7 0.2
v -0.5 2.7 0.2
v 0.5 2.7 0.2
v 0.6 2.7 0.2
v -0.6 2.7 0.0999999
v -0.5 2.7 0.0999999
v 0.5 2.7 0.0999999
v 0.6 2.7 0.0999999
v -0.4 2.7 -1.5
v -0.3 2.7 -1.5
v 0.3 2.7 -1.5
v 0.4 2.7 -1.5
v -0.4 2.7 -1.6
v -0.3 2.7 -1.6
v 0.3 2.7 -1.6
v 0.4 2.7 -1.6
v -1.4 2.8 0.4
v -1.3 2.8 0.4
v 1.3 2.8 0.4
v 1.4 2.8 0.4
v -1.4 2.8 0.3
v -1.3 2.8 0.3
v 1.3 2.8 0.3
v 1.4 2.8 0.3
v -0.7 2.8 0.2
v -0.6 2.8 0.2
v 0.6 2.8 0.2
v 0.7 2.8 0.2
v -0.7 2.8 0.0999999
v -0.6 2.8 0.0999999
v 0.6 2.8 0.0999999
v 0.7 2.8 0.0999999
v -0.7 2.8 -0.1
v -0.6 2.8 -0.1
v 0.6 2.8 -0.1
v 0.7 2.8 -0.1
v -0.7 2.8 -0.2
v -0.6 2.8 -0.2
v 0.6 2.8 -0.2
v 0.7 2.8 -0.2
v -1.4 2.8 -0.3
v -1.3 2.8 -0.3
v 1.3 2.8 -0.3
v 1.4 2.8 -0.3
v -1.4 2.8 -0.4
v -1.3 2.8 -0.4
v 1.3 2.8 -0.4
v 1.4 2.8 -0.4
v -1 2.9 1.3
v -0.9 2.9 1.3
v 0.9 2.9 1.3
v 1 2.9 1.3
v -1 2.9 1.2
v -0.9 2.9 1.2
v 0.9 2.9 1.2
v 1 2.9 1.2
v -0.1 2.9 0.9
v 0.1 2.9 0.9
v 0 2.9 0.8
v 0.1 2.9 0.8
v -0.1 2.9 0.7
v 0 2.9 0.7
v -0.6 2.9 -0.1
v -0.5 2.9 -0.1
v 0.5 2.9 -0.1
v 0.6 2.9 -0.1
v -0.6 2.9 -0.2
v -0.5 2.9 -0.2
v 0.5 2.9 -0.2
v 0.6 2.9 -0.2
v -0.1 2.9 -0.7
v 0 2.9 -0.7
v 0 2.9 -0.8
v 0.1 2.9 -0.8
v -0.1 2.9 -0.9
v 0.1 2.9 -0.9
v -1 2.9 -1.2
v -0.9 2.9 -1.2
v 0.9 2.9 -1.2
v 1 2.9 -1.2
v -1 2.9 -1.3
v -0.9 2.9 -1.3
v 0.9 2.9 -1.3
v 1 2.9 -1.3
v -0.1 3 1
v 0.1 3 1
v -0.1 3 0.9
v 0.1 3 0.9
v -0.7 3 0.2
v -0.6 3 0.2
v 0.6 3 0.2
v 0.7 3 0.2
v -0.7 3 0.0999999
v -0.6 3 0.0999999
v 0.6 3 0.0999999
v 0.7 3 0.0999999
v -0.7 3 -0.1
v -0.6 3 -0.1
v 0.6 3 -0.1
v 0.7 3 -0.1
v -0.7 3 -0.2
v -0.6 3 -0.2
v 0.6 3 -0.2
v 0.7 3 -0.2
v -0.1 3 -0.9
v 0.1 3 -0.9
v -0.1 3 -1
v 0.1 3 -1
v -0.1 3.1 0.9
v 0 3.1 0.9
v -0.1 3.1 0.8
v 0 3.1 0.8
v -0.7 3.1 0
v -0.6 3.1 0
v 0.6 3.1 0
v 0.7 3.1 0
v -0.7 3.1 -0.1
v -0.6 3.1 -0.1
v 0.6 3.1 -0.1
v 0.7 3.1 -0.1
v -0.1 3.1 -0.8
v 0 3.1 -0.8
v -0.1 3.1 -0.9
v 0 3.1 -0.9
v -0.3 3.2 1.6
v -0.2 3.2 1.6
v 0.2 3.2 1.6
v 0.3 3.2 1.6
v -0.3 3.2 1.5
v -0.2 3.2 1.5
v 0.2 3.2 1.5
v 0.3 3.2 1.5
v -0.1 3.2 0.8
v 0 3.2 0.8
v -0.1 3.2 0.7
v 0 3.2 0.7
v -0.1 3.2 -0.7
v 0 3.2 -0.7
v -0.1 3.2 -0.8
v 0 3.2 -0.8
v -0.3 3.2 -1.5
v -0.2 3.2 -1.5
v 0.2 3.2 -1.5
v 0.3 3.2 -1.5
v -0.3 3.2 -1.6
v -0.2 3.2 -1.6
v 0.2 3.2 -1.6
v 0.3 3.2 -1.6
v -0.9 3.3 1.3
v -0.8 3.3 1.3
v 0.8 3.3 1.3
v 0.9 3.3 1.3
v -0.9 3.3 1.2
v -0.8 3.3 1.2
v 0.8 3.3 1.2
v 0.9 3.3 1.2
v -0.2 3.3 1
v -0.1 3.3 1
v 0 3.3 1
v 0.1 3.3 1
v 0 3.3 0.9
v 0.1 3.3 0.9
v 0.2 3.3 0.9
v -0.2 3.3 0.7
v -0.1 3.3 0.7
v 0.1 3.3 0.7
v 0.2 3.3 0.7
v -0.1 3.3 0.6
v 0.1 3.3 0.6
v -0.6 3.3 0.3
v -0.5 3.3 0.3
v 0.5 3.3 0.3
v 0.6 3.3 0.3
v -0.6 3.3 0.2
v -0.5 3.3 0.2
v 0.5 3.3 0.2
v 0.6 3.3 0.2
v -0.7 3.3 0.0999999
v -0.6 3.3 0.0999999
v 0.6 3.3 0.0999999
v 0.7 3.3 0.0999999
v -0.7 3.3 0
v -0.6 3.3 0
v 0.6 3.3 0
v 0.7 3.3 0
v -0.6 3.3 -0.2
v -0.5 3.3 -0.2
v 0.5 3.3 -0.2
v 0.6 3.3 -0.2
v -0.6 3.3 -0.3
v -0.5 3.3 -0.3
v 0.5 3.3 -0.3
v 0.6 3.3 -0.3
v -0.1 3.3 -0.6
v 0.1 3.3 -0.6
v -0.2 3.3 -0.7
v -0.1 3.3 -0.7
v 0.1 3.3 -0.7
v 0.2 3.3 -0.7
v 0 3.3 -0.9
v 0.1 3.3 -0.9
v 0.2 3.3 -0.9
v -0.2 3.3 -1
v -0.1 3.3 -1
v 0 3.3 -1
v 0.1 3.3 -1
v -0.9 3.3 -1.2
v -0.8 3.3 -1.2
v 0.8 3.3 -1.2
v 0.9 3.3 -1.2
v -0.9 3.3 -1.3
v -0.8 3.3 -1.3
v 0.8 3.3 -1.3
v 0.9 3.3 -1.3
v 0.1 3.4 1
v 0.2 3.4 1
v 0.1 3.4 0.9
v 0.2 3.4 0.9
v -0.7 3.4 0.2
v -0.6 3.4 0.2
v 0.6 3.4 0.2
v 0.7 3.4 0.2
v -0.7 3.4 0.0999999
v -0.6 3.4 0.0999999
v 0.6 3.4 0.0999999
v 0.7 3.4 0.0999999
v -0.7 3.4 -0.1
v -0.6 3.4 -0.1
v 0.6 3.4 -0.1
v 0.7 3.4 -0.1
v -0.7 3.4 -0.2
v -0.6 3.4 -0.2
v 0.6 3.4 -0.2
v 0.7 3.4 -0.2
v 0.1 3.4 -0.9
v 0.2 3.4 -0.9
v 0.1 3.4 -1
v 0.2 3.4 -1
v -0.3 3.5 1.5
v -0.2 3.5 1.5
v 0.2 3.5 1.5
v 0.3 3.5 1.5
v -0.3 3.5 1.4
v -0.2 3.5 1.4
v 0.2 3.5 1.4
v 0.3 3.5 1.4
v -0.7 3.5 0.3
v -0.6 3.5 0.3
v 0.6 3.5 0.3
v 0.7 3.5 0.3
v -0.7 3.5 0.2
v -0.6 3.5 0.2
v 0.6 3.5 0.2
v 0.7 3.5 0.2
v -0.7 3.5 -0.2
v -0.6 3.5 -0.2
v 0.6 3.5 -0.2
v 0.7 3.5 -0.2
v -0.7 3.5 -0.3
v -0.6 3.5 -0.3
v 0.6 3.5 -0.3
v 0.7 3.5 -0.3
v -0.3 3.5 -1.4
v -0.2 3.5 -1.4
v 0.2 3.5 -1.4
v 0.3 3.5 -1.4
v -0.3 3.5 -1.5
v -0.2 3.5 -1.5
v 0.2 3.5 -1.5
v 0.3 3.5 -1.5
v -0.8 3.6 1.2
v -0.7 3.6 1.2
v 0.7 3.6 1.2
v 0.8 3.6 1.2
v -0.8 3.6 1.1
v -0.7 3.6 1.1
v 0.7 3.6 1.1
v 0.8 3.6 1.1
v -0.1 3.6 1
v 0 3.6 1
v -0.1 3.6 0.9
v 0 3.6 0.9
v -0.1 3.6 0.6
v 0.1 3.6 0.6
v -0.1 3.6 0.5
v 0.1 3.6 0.5
v -1.4 3.6 0.3
v -1.3 3.6 0.3
v -0.8 3.6 0.3
v -0.7 3.6 0.3
v 0.7 3.6 0.3
v 0.8 3.6 0.3
v 1.3 3.6 0.3
v 1.4 3.6 0.3
v -1.4 3.6 0.2
v -1.3 3.6 0.2
v -0.8 3.6 0.2
v -0.7 3.6 0.2
v 0.7 3.6 0.2
v 0.8 3.6 0.2
v 1.3 3.6 0.2
v 1.4 3.6 0.2
v -1.4 3.6 -0.2
v -1.3 3.6 -0.2
v -0.8 3.6 -0.2
v -0.7 3.6 -0.2
v 0.7 3.6 -0.2
v 0.8 3.6 -0.2
v 1.3 3.6 -0.2
v 1.4 3.6 -0.2
v -1.4 3.6 -0.3
v -1.3 3.6 -0.3
v -0.8 3.6 -0.3
v -0.7 3.6 -0.3
v 0.7 3.6 -0.3
v 0.8 3.6 -0.3
v 1.3 3.6 -0.3
v 1.4 3.6 -0.3
v -0.1 3.6 -0.5
v 0.1 3.6 -0.5
v -0.1 3.6 -0.6
v 0.1 3.6 -0.6
v -0.1 3.6 -0.9
v 0 3.6 -0.9
v -0.1 3.6 -1
v 0 3.6 -1
v -0.8 3.6 -1.1
v -0.7 3.6 -1.1
v 0.7 3.6 -1.1
v 0.8 3.6 -1.1
v -0.8 3.6 -1.2
v -0.7 3.6 -1.2
v 0.7 3.6 -1.2
v 0.8 3.6 -1.2
v -0.3 3.8 0.6
v -0.2 3.8 0.6
v 0.2 3.8 0.6
v 0.3 3.8 0.6
v -0.3 3.8 0.5
v -0.2 3.8 0.5
v -0.1 3.8 0.5
v 0.1 3.8 0.5
v 0.2 3.8 0.5
v 0.3 3.8 0.5
v -0.1 3.8 0.4
v 0.1 3.8 0.4
v -0.1 3.8 -0.4
v 0.1 3.8 -0.4
v -0.3 3.8 -0.5
v -0.2 3.8 -0.5
v -0.1 3.8 -0.5
v 0.1 3.8 -0.5
v 0.2 3.8 -0.5
v 0.3 3.8 -0.5
v -0.3 3.8 -0.6
v -0.2 3.8 -0.6
v 0.2 3.8 -0.6
v 0.3 3.8 -0.6
v -0.3 3.9 0.7
v -0.2 3.9 0.7
v -0.1 3.9 0.7
v 0.1 3.9 0.7
v 0.2 3.9 0.7
v 0.3 3.9 0.7
v -0.3 3.9 0.6
v -0.2 3.9 0.6
v 0.2 3.9 0.6
v 0.3 3.9 0.6
v -0.2 3.9 0.5
v -0.1 3.9 0.5
v 0.1 3.9 0.5
v 0.2 3.9 0.5
v -0.2 3.9 -0.5
v -0.1 3.9 -0.5
v 0.1 3.9 -0.5
v 0.2 3.9 -0.5
v -0.3 3.9 -0.6
v -0.2 3.9 -0.6
v 0.2 3.9 -0.6
v 0.3 3.9 -0.6
v -0.3 3.9 -0.7
v -0.2 3.9 -0.7
v -0.1 3.9 -0.7
v 0.1 3.9 -0.7
v 0.2 3.9 -0.7
v 0.3 3.9 -0.7
v -0.2 4 0.5
v -0.1 4 0.5
v 0.1 4 0.5
v 0.2 4 0.5
v -0.7 4 0.4
v -0.6 4 0.4
v -0.2 4 0.4
v -0.1 4 0.4
v 0.1 4 0.4
v 0.2 4 0.4
v 0.6 4 0.4
v 0.7 4 0.4
v -0.7 4 0.3
v -0.6 4 0.3
v 0.6 4 0.3
v 0.7 4 0.3
v -0.7 4 -0.3
v -0.6 4 -0.3
v 0.6 4 -0.3
v 0.7 4 -0.3
v -0.7 4 -0.4
v -0.6 4 -0.4
v -0.2 4 -0.4
v -0.1 4 -0.4
v 0.1 4 -0.4
v 0.2 4 -0.4
v 0.6 4 -0.4
v 0.7 4 -0.4
v -0.2 4 -0.5
v -0.1 4 -0.5
v 0.1 4 -0.5
v 0.2 4 -0.5
v -1.3 4.1 0.3
v -1.2 4.1 0.3
v 1.2 4.1 0.3
v 1.3 4.1 0.3
v -1.3 4.1 0.2
v -1.2 4.1 0.2
v 1.2 4.1 0.2
v 1.3 4.1 0.2
v -0.8 4.1 0.0999999
v -0.7 4.1 0.0999999
v 0.7 4.1 0.0999999
v 0.8 4.1 0.0999999
v -0.8 4.1 -0.1
v -0.7 4.1 -0.1
v 0.7 4.1 -0.1
v 0.8 4.1 -0.1
v -1.3 4.1 -0.2
v -1.2 4.1 -0.2
v 1.2 4.1 -0.2
v 1.3 4.1 -0.2
v -1.3 4.1 -0.3
v -1.2 4.1 -0.3
v 1.2 4.1 -0.3
v 1.3 4.1 -0.3
v -0.3 4.2 1.4
v -0.2 4.2 1.4
v 0.2 4.2 1.4
v 0.3 4.2 1.4
v -0.3 4.2 1.3
v -0.2 4.2 1.3
v 0.2 4.2 1.3
v 0.3 4.2 1.3
v -0.8 4.2 1.1
v -0.7 4.2 1.1
v 0.7 4.2 1.1
v 0.8 4.2 1.1
v -0.8 4.2 1
v -0.7 4.2 1
v 0.7 4.2 1
v 0.8 4.2 1
v -0.7 4.2 0.3
v -0.5 4.2 0.3
v 0.5 4.2 0.3
v 0.7 4.2 0.3
v -0.8 4.2 0.2
v -0.7 4.2 0.2
v -0.5 4.2 0.2
v 0.5 4.2 0.2
v 0.7 4.2 0.2
v 0.8 4.2 0.2
v -0.9 4.2 0.0999999
v -0.8 4.2 0.0999999
v -0.7 4.2 0.0999999
v -0.5 4.2 0.0999999
v -0.4 4.2 0.0999999
v 0.4 4.2 0.0999999
v 0.5 4.2 0.0999999
v 0.7 4.2 0.0999999
v 0.8 4.2 0.0999999
v 0.9 4.2 0.0999999
v -0.9 4.2 -0.1
v -0.8 4.2 -0.1
v -0.7 4.2 -0.1
v -0.5 4.2 -0.1
v -0.4 4.2 -0.1
v 0.4 4.2 -0.1
v 0.5 4.2 -0.1
v 0.7 4.2 -0.1
v 0.8 4.2 -0.1
v 0.9 4.2 -0.1
v -0.8 4.2 -0.2
v -0.7 4.2 -0.2
v -0.5 4.2 -0.2
v 0.5 4.2 -0.2
v 0.7 4.2 -0.2
v 0.8 4.2 -0.2
v -0.7 4.2 -0.3
v -0.5 4.2 -0.3
v 0.5 4.2 -0.3
v 0.7 4.2 -0.3
v -0.8 4.2 -1
v -0.7 4.2 -1
v 0.7 4.2 -1
v 0.8 4.2 -1
v -0.8 4.2 -1.1
v -0.7 4.2 -1.1
v 0.7 4.2 -1.1
v 0.8 4.2 -1.1
v -0.3 4.2 -1.3
v -0.2 4.2 -1.3
v 0.2 4.2 -1.3
v 0.3 4.2 -1.3
v -0.3 4.2 -1.4
v -0.2 4.2 -1.4
v 0.2 4.2 -1.4
v 0.3 4.2 -1.4
v -0.2 4.3 0.4
v -0.1 4.3 0.4
v 0.1 4.3 0.4
v 0.2 4.3 0.4
v -0.2 4.3 0.3
v -0.1 4.3 0.3
v 0.1 4.3 0.3
v 0.2 4.3 0.3
v -0.2 4.3 -0.3
v -0.1 4.3 -0.3
v 0.1 4.3 -0.3
v 0.2 4.3 -0.3
v -0.2 4.3 -0.4
v -0.1 4.3 -0.4
v 0.1 4.3 -0.4
v 0.2 4.3 -0.4
v -0.1 4.4 0.4
v 0.1 4.4 0.4
v -1.2 4.4 0.3
v -1.1 4.4 0.3
v -0.1 4.4 0.3
v 0.1 4.4 0.3
v 1.1 4.4 0.3
v 1.2 4.4 0.3
v -1.2 4.4 0.2
v -1.1 4.4 0.2
v -0.7 4.4 0.2
v -0.6 4.4 0.2
v 0.6 4.4 0.2
v 0.7 4.4 0.2
v 1.1 4.4 0.2
v 1.2 4.4 0.2
v -0.7 4.4 0.0999999
v -0.6 4.4 0.0999999
v 0.6 4.4 0.0999999
v 0.7 4.4 0.0999999
v -0.7 4.4 -0.1
v -0.6 4.4 -0.1
v 0.6 4.4 -0.1
v 0.7 4.4 -0.1
v -1.2 4.4 -0.2
v -1.1 4.4 -0.2
v -0.7 4.4 -0.2
v -0.6 4.4 -0.2
v 0.6 4.4 -0.2
v 0.7 4.4 -0.2
v 1.1 4.4 -0.2
v 1.2 4.4 -0.2
v -1.2 4.4 -0.3
v -1.1 4.4 -0.3
v -0.1 4.4 -0.3
v 0.1 4.4 -0.3
v 1.1 4.4 -0.3
v 1.2 4.4 -0.3
v -0.1 4.4 -0.4
v 0.1 4.4 -0.4
v -0.4 4.5 1.4
v -0.3 4.5 1.4
v 0.3 4.5 1.4
v 0.4 4.5 1.4
v -0.4 4.5 1.3
v -0.3 4.5 1.3
v 0.3 4.5 1.3
v 0.4 4.5 1.3
v -0.8 4.5 1
v -0.7 4.5 1
v 0.7 4.5 1
v 0.8 4.5 1
v -0.8 4.5 0.9
v -0.7 4.5 0.9
v 0.7 4.5 0.9
v 0.8 4.5 0.9
v -0.8 4.5 0.0999999
v -0.7 4.5 0.0999999
v 0.7 4.5 0.0999999
v 0.8 4.5 0.0999999
v -0.8 4.5 -0.1
v -0.7 4.5 -0.1
v 0.7 4.5 -0.1
v 0.8 4.5 -0.1
v -0.8 4.5 -0.9
v -0.7 4.5 -0.9
v 0.7 4.5 -0.9
v 0.8 4.5 -0.9
v -0.8 4.5 -1
v -0.7 4.5 -1
v 0.7 4.5 -1
v 0.8 4.5 -1
v -0.4 4.5 -1.3
v -0.3 4.5 -1.3
v 0.3 4.5 -1.3
v 0.4 4.5 -1.3
v -0.4 4.5 -1.4
v -0.3 4.5 -1.4
v 0.3 4.5 -1.4
v 0.4 4.5 -1.4
v -0.4 4.7 1.3
v -0.3 4.7 1.3
v 0.3 4.7 1.3
v 0.4 4.7 1.3
v -0.4 4.7 1.2
v -0.3 4.7 1.2
v 0.3 4.7 1.2
v 0.4 4.7 1.2
v -1.1 4.7 0.3
v -1 4.7 0.3
v 1 4.7 0.3
v 1.1 4.7 0.3
v -1.1 4.7 0.2
v -1 4.7 0.2
v 1 4.7 0.2
v 1.1 4.7 0.2
v -1.1 4.7 -0.2
v -1 4.7 -0.2
v 1 4.7 -0.2
v 1.1 4.7 -0.2
v -1.1 4.7 -0.3
v -1 4.7 -0.3
v 1 4.7 -0.3
v 1.1 4.7 -0.3
v -0.4 4.7 -1.2
v -0.3 4.7 -1.2
v 0.3 4.7 -1.2
v 0.4 4.7 -1.2
v -0.4 4.7 -1.3
v -0.3 4.7 -1.3
v 0.3 4.7 -1.3
v 0.4 4.7 -1.3
v -0.4 4.9 1.2
v -0.3 4.9 1.2
v 0.3 4.9 1.2
v 0.4 4.9 1.2
v -0.4 4.9 1.1
v -0.3 4.9 1.1
v 0.3 4.9 1.1
v 0.4 4.9 1.1
v -0.4 4.9 -1.1
v -0.3 4.9 -1.1
v 0.3 4.9 -1.1
v 0.4 4.9 -1.1
v -0.4 4.9 -1.2
v -0.3 4.9 -1.2
v 0.3 4.9 -1.2
v 0.4 4.9 -1.2
v -1.1 5 0.4
v -1 5 0.4
v 1 5 0.4
v 1.1 5 0.4
v -1.1 5 0.3
v -1 5 0.3
v 1 5 0.3
v 1.1 5 0.3
v -0.7 5 0.2
v -0.4 5 0.2
v 0.4 5 0.2
v 0.7 5 0.2
v -0.7 5 0.0999999
v -0.6 5 0.0999999
v -0.4 5 0.0999999
v -0.3 5 0.0999999
v 0.3 5 0.0999999
v 0.4 5 0.0999999
v 0.6 5 0.0999999
v 0.7 5 0.0999999
v -0.7 5 -0.1
v -0.6 5 -0.1
v -0.4 5 -0.1
v -0.3 5 -0.1
v 0.3 5 -0.1
v 0.4 5 -0.1
v 0.6 5 -0.1
v 0.7 5 -0.1
v -0.7 5 -0.2
v -0.4 5 -0.2
v 0.4 5 -0.2
v 0.7 5 -0.2
v -1.1 5 -0.3
v -1 5 -0.3
v 1 5 -0.3
v 1.1 5 -0.3
v -1.1 5 -0.4
v -1 5 -0.4
v 1 5 -0.4
v 1.1 5 -0.4
v -0.7 5.1 1
v -0.6 5.1 1
v 0.6 5.1 1
v 0.7 5.1 1
v -0.7 5.1 0.9
v 0.7 5.1 0.9
v -0.7 5.1 0.8
v -0.6 5.1 0.8
v 0.6 5.1 0.8
v 0.7 5.1 0.8
v -0.3 5.1 0.0999999
v -0.2 5.1 0.0999999
v 0.2 5.1 0.0999999
v 0.3 5.1 0.0999999
v -0.3 5.1 -0.1
v -0.2 5.1 -0.1
v 0.2 5.1 -0.1
v 0.3 5.1 -0.1
v -0.7 5.1 -0.8
v -0.6 5.1 -0.8
v 0.6 5.1 -0.8
v 0.7 5.1 -0.8
v -0.7 5.1 -0.9
v 0.7 5.1 -0.9
v -0.7 5.1 -1
v -0.6 5.1 -1
v 0.6 5.1 -1
v 0.7 5.1 -1
v -0.4 5.2 1.1
v -0.3 5.2 1.1
v 0.3 5.2 1.1
v 0.4 5.2 1.1
v -0.4 5.2 1
v -0.3 5.2 1
v 0.3 5.2 1
v 0.4 5.2 1
v -0.1 5.2 0.7
v 0.1 5.2 0.7
v -0.3 5.2 0.6
v -0.2 5.2 0.6
v -0.1 5.2 0.6
v 0.1 5.2 0.6
v 0.2 5.2 0.6
v 0.3 5.2 0.6
v -0.3 5.2 0.4
v -0.2 5.2 0.4
v 0.2 5.2 0.4
v 0.3 5.2 0.4
v -0.4 5.2 0.2
v -0.3 5.2 0.2
v -0.2 5.2 0.2
v 0.2 5.2 0.2
v 0.3 5.2 0.2
v 0.4 5.2 0.2
v -0.4 5.2 0.0999999
v -0.3 5.2 0.0999999
v -0.2 5.2 0.0999999
v 0.2 5.2 0.0999999
v 0.3 5.2 0.0999999
v 0.4 5.2 0.0999999
v -0.4 5.2 -0.1
v -0.3 5.2 -0.1
v -0.2 5.2 -0.1
v 0.2 5.2 -0.1
v 0.3 5.2 -0.1
v 0.4 5.2 -0.1
v -0.4 5.2 -0.2
v -0.3 5.2 -0.2
v -0.2 5.2 -0.2
v 0.2 5.2 -0.2
v 0.3 5.2 -0.2
v 0.4 5.2 -0.2
v -0.3 5.2 -0.4
v -0.2 5.2 -0.4
v 0.2 5.2 -0.4
v 0.3 5.2 -0.4
v -0.3 5.2 -0.6
v -0.2 5.2 -0.6
v -0.1 5.2 -0.6
v 0.1 5.2 -0.6
v 0.2 5.2 -0.6
v 0.3 5.2 -0.6
v -0.1 5.2 -0.7
v 0.1 5.2 -0.7
v -0.4 5.2 -1
v -0.3 5.2 -1
v 0.3 5.2 -1
v 0.4 5.2 -1
v -0.4 5.2 -1.1
v -0.3 5.2 -1.1
v 0.3 5.2 -1.1
v 0.4 5.2 -1.1
v -0.3 5.4 1.1
v -0.2 5.4 1.1
v 0.2 5.4 1.1
v 0.3 5.4 1.1
v -0.3 5.4 1
v -0.2 5.4 1
v 0.2 5.4 1
v 0.3 5.4 1
v -0.2 5.4 0.4
v -0.1 5.4 0.4
v 0.1 5.4 0.4
v 0.2 5.4 0.4
v -0.2 5.4 0.2
v -0.1 5.4 0.2
v 0.1 5.4 0.2
v 0.2 5.4 0.2
v -0.7 5.4 0.0999999
v -0.6 5.4 0.0999999
v 0.6 5.4 0.0999999
v 0.7 5.4 0.0999999
v -0.7 5.4 -0.1
v -0.6 5.4 -0.1
v 0.6 5.4 -0.1
v 0.7 5.4 -0.1
v -0.2 5.4 -0.2
v -0.1 5.4 -0.2
v 0.1 5.4 -0.2
v 0.2 5.4 -0.2
v -0.2 5.4 -0.4
v -0.1 5.4 -0.4
v 0.1 5.4 -0.4
v 0.2 5.4 -0.4
v -0.3 5.4 -1
v -0.2 5.4 -1
v 0.2 5.4 -1
v 0.3 5.4 -1
v -0.3 5.4 -1.1
v -0.2 5.4 -1.1
v 0.2 5.4 -1.1
v 0.3 5.4 -1.1
v -0.8 5.5 0.9
v -0.7 5.5 0.9
v 0.7 5.5 0.9
v 0.8 5.5 0.9
v -0.8 5.5 0.8
v -0.7 5.5 0.8
v 0.7 5.5 0.8
v 0.8 5.5 0.8
v -0.1 5.5 0.7
v 0.1 5.5 0.7
v -0.1 5.5 0.6
v 0.1 5.5 0.6
v -0.1 5.5 0.4
v 0.1 5.5 0.4
v -0.1 5.5 0.3
v 0.1 5.5 0.3
v -0.7 5.5 0.2
v -0.6 5.5 0.2
v 0.6 5.5 0.2
v 0.7 5.5 0.2
v -0.7 5.5 0.0999999
v -0.6 5.5 0.0999999
v 0.6 5.5 0.0999999
v 0.7 5.5 0.0999999
v -0.7 5.5 -0.1
v -0.6 5.5 -0.1
v 0.6 5.5 -0.1
v 0.7 5.5 -0.1
v -0.7 5.5 -0.2
v -0.6 5.5 -0.2
v 0.6 5.5 -0.2
v 0.7 5.5 -0.2
v -0.1 5.5 -0.3
v 0.1 5.5 -0.3
v -0.1 5.5 -0.4
v 0.1 5.5 -0.4
v -0.1 5.5 -0.6
v 0.1 5.5 -0.6
v -0.1 5.5 -0.7
v 0.1 5.5 -0.7
v -0.8 5.5 -0.8
v -0.7 5.5 -0.8
v 0.7 5.5 -0.8
v 0.8 5.5 -0.8
v -0.8 5.5 -0.9
v -0.7 5.5 -0.9
v 0.7 5.5 -0.9
v 0.8 5.5 -0.9
v -0.1 5.6 0.3
v 0.1 5.6 0.3
v -0.4 5.6 0.2
v -0.3 5.6 0.2
v -0.2 5.6 0.2
v -0.1 5.6 0.2
v 0.1 5.6 0.2
v 0.2 5.6 0.2
v 0.3 5.6 0.2
v 0.4 5.6 0.2
v -0.4 5.6 0.0999999
v -0.3 5.6 0.0999999
v -0.2 5.6 0.0999999
v 0.2 5.6 0.0999999
v 0.3 5.6 0.0999999
v 0.4 5.6 0.0999999
v -0.4 5.6 -0.1
v -0.3 5.6 -0.1
v -0.2 5.6 -0.1
v 0.2 5.6 -0.1
v 0.3 5.6 -0.1
v 0.4 5.6 -0.1
v -0.4 5.6 -0.2
v -0.3 5.6 -0.2
v -0.2 5.6 -0.2
v -0.1 5.6 -0.2
v 0.1 5.6 -0.2
v 0.2 5.6 -0.2
v 0.3 5.6 -0.2
v 0.4 5.6 -0.2
v -0.1 5.6 -0.3
v 0.1 5.6 -0.3
v -1.1 5.7 0.3
v -1 5.7 0.3
v 1 5.7 0.3
v 1.1 5.7 0.3
v -1.1 5.7 0.2
v -1 5.7 0.2
v 1 5.7 0.2
v 1.1 5.7 0.2
v -1.1 5.7 -0.2
v -1 5.7 -0.2
v 1 5.7 -0.2
v 1.1 5.7 -0.2
v -1.1 5.7 -0.3
v -1 5.7 -0.3
v 1 5.7 -0.3
v 1.1 5.7 -0.3
v -0.8 5.8 0.8
v -0.7 5.8 0.8
v 0.7 5.8 0.8
v 0.8 5.8 0.8
v -0.8 5.8 0.7
v -0.7 5.8 0.7
v 0.7 5.8 0.7
v 0.8 5.8 0.7
v -0.5 5.8 0.2
v -0.4 5.8 0.2
v 0.4 5.8 0.2
v 0.5 5.8 0.2
v -0.5 5.8 0.0999999
v -0.4 5.8 0.0999999
v 0.4 5.8 0.0999999
v 0.5 5.8 0.0999999
v -0.5 5.8 -0.1
v -0.4 5.8 -0.1
v 0.4 5.8 -0.1
v 0.5 5.8 -0.1
v -0.5 5.8 -0.2
v -0.4 5.8 -0.2
v 0.4 5.8 -0.2
v 0.5 5.8 -0.2
v -0.8 5.8 -0.7
v -0.7 5.8 -0.7
v 0.7 5.8 -0.7
v 0.8 5.8 -0.7
v -0.8 5.8 -0.8
v -0.7 5.8 -0.8
v 0.7 5.8 -0.8
v 0.8 5.8 -0.8
v -0.3 5.9 0.6
v -0.2 5.9 0.6
v 0.2 5.9 0.6
v 0.3 5.9 0.6
v -0.3 5.9 0.5
v -0.2 5.9 0.5
v 0.2 5.9 0.5
v 0.3 5.9 0.5
v -0.1 5.9 0.2
v 0.1 5.9 0.2
v -0.1 5.9 0.0999999
v 0.1 5.9 0.0999999
v -0.1 5.9 -0.1
v 0.1 5.9 -0.1
v -0.1 5.9 -0.2
v 0.1 5.9 -0.2
v -0.3 5.9 -0.5
v -0.2 5.9 -0.5
v 0.2 5.9 -0.5
v 0.3 5.9 -0.5
v -0.3 5.9 -0.6
v -0.2 5.9 -0.6
v 0.2 5.9 -0.6
v 0.3 5.9 -0.6
v -0.6 6 0.4
v -0.5 6 0.4
v 0.5 6 0.4
v 0.6 6 0.4
v -1 6 0.3
v -0.9 6 0.3
v -0.6 6 0.3
v -0.5 6 0.3
v 0.5 6 0.3
v 0.6 6 0.3
v 0.9 6 0.3
v 1 6 0.3
v -1 6 0.2
v -0.9 6 0.2
v -0.3 6 0.2
v -0.2 6 0.2
v 0.2 6 0.2
v 0.3 6 0.2
v 0.9 6 0.2
v 1 6 0.2
v -1 6 -0.2
v -0.9 6 -0.2
v -0.3 6 -0.2
v -0.2 6 -0.2
v 0.2 6 -0.2
v 0.3 6 -0.2
v 0.9 6 -0.2
v 1 6 -0.2
v -1 6 -0.3
v -0.9 6 -0.3
v -0.6 6 -0.3
v -0.5 6 -0.3
v 0.5 6 -0.3
v 0.6 6 -0.3
v 0.9 6 -0.3
v 1 6 -0.3
v -0.6 6 -0.4
v -0.5 6 -0.4
v 0.5 6 -0.4
v 0.6 6 -0.4
v -0.4 6.1 1
v -0.3 6.1 1
v -0.2 6.1 1
v 0.2 6.1 1
v 0.3 6.1 1
v 0.4 6.1 1
v -0.4 6.1 0.9
v -0.3 6.1 0.9
v -0.2 6.1 0.9
v 0.2 6.1 0.9
v 0.3 6.1 0.9
v 0.4 6.1 0.9
v -0.3 6.1 0.8
v -0.2 6.1 0.8
v 0.2 6.1 0.8
v 0.3 6.1 0.8
v -0.2 6.1 0.7
v -0.1 6.1 0.7
v 0.1 6.1 0.7
v 0.2 6.1 0.7
v -0.2 6.1 0.6
v -0.1 6.1 0.6
v 0.1 6.1 0.6
v 0.2 6.1 0.6
v -0.4 6.1 0.5
v -0.3 6.1 0.5
v -0.2 6.1 0.5
v 0.2 6.1 0.5
v 0.3 6.1 0.5
v 0.4 6.1 0.5
v -0.3 6.1 0.3
v -0.2 6.1 0.3
v -0.1 6.1 0.3
v 0.1 6.1 0.3
v 0.2 6.1 0.3
v 0.3 6.1 0.3
v -1 6.1 0.2
v -0.9 6.1 0.2
v -0.5 6.1 0.2
v -0.4 6.1 0.2
v -0.3 6.1 0.2
v -0.2 6.1 0.2
v -0.1 6.1 0.2
v 0.1 6.1 0.2
v 0.2 6.1 0.2
v 0.3 6.1 0.2
v 0.4 6.1 0.2
v 0.5 6.1 0.2
v 0.9 6.1 0.2
v 1 6.1 0.2
v -1 6.1 0.0999999
v -0.9 6.1 0.0999999
v -0.5 6.1 0.0999999
v -0.3 6.1 0.0999999
v -0.2 6.1 0.0999999
v -0.1 6.1 0.0999999
v 0.1 6.1 0.0999999
v 0.2 6.1 0.0999999
v 0.3 6.1 0.0999999
v 0.5 6.1 0.0999999
v 0.9 6.1 0.0999999
v 1 6.1 0.0999999
v -1 6.1 -0.1
v -0.9 6.1 -0.1
v -0.5 6.1 -0.1
v -0.3 6.1 -0.1
v -0.2 6.1 -0.1
v -0.1 6.1 -0.1
v 0.1 6.1 -0.1
v 0.2 6.1 -0.1
v 0.3 6.1 -0.1
v 0.5 6.1 -0.1
v 0.9 6.1 -0.1
v 1 6.1 -0.1
v -1 6.1 -0.2
v -0.9 6.1 -0.2
v -0.5 6.1 -0.2
v -0.4 6.1 -0.2
v -0.3 6.1 -0.2
v -0.2 6.1 -0.2
v -0.1 6.1 -0.2
v 0.1 6.1 -0.2
v 0.2 6.1 -0.2
v 0.3 6.1 -0.2
v 0.4 6.1 -0.2
v 0.5 6.1 -0.2
v 0.9 6.1 -0.2
v 1 6.1 -0.2
v -0.3 6.1 -0.3
v -0.2 6.1 -0.3
v -0.1 6.1 -0.3
v 0.1 6.1 -0.3
v 0.2 6.1 -0.3
v 0.3 6.1 -0.3
v -0.4 6.1 -0.5
v -0.3 6.1 -0.5
v -0.2 6.1 -0.5
v 0.2 6.1 -0.5
v 0.3 6.1 -0.5
v 0.4 6.1 -0.5
v -0.2 6.1 -0.6
v -0.1 6.1 -0.6
v 0.1 6.1 -0.6
v 0.2 6.1 -0.6
v -0.2 6.1 -0.7
v -0.1 6.1 -0.7
v 0.1 6.1 -0.7
v 0.2 6.1 -0.7
v -0.3 6.1 -0.8
v -0.2 6.1 -0.8
v 0.2 6.1 -0.8
v 0.3 6.1 -0.8
v -0.4 6.1 -0.9
v -0.3 6.1 -0.9
v -0.2 6.1 -0.9
v 0.2 6.1 -0.9
v 0.3 6.1 -0.9
v 0.4 6.1 -0.9
v -0.4 6.1 -1
v -0.3 6.1 -1
v -0.2 6.1 -1
v 0.2 6.1 -1
v 0.3 6.1 -1
v 0.4 6.1 -1
v -0.4 6.2 0.8
v -0.3 6.2 0.8
v 0.3 6.2 0.8
v 0.4 6.2 0.8
v -0.8 6.2 0.7
v -0.7 6.2 0.7
v 0.7 6.2 0.7
v 0.8 6.2 0.7
v -0.8 6.2 0.6
v -0.7 6.2 0.6
v -0.3 6.2 0.6
v 0.3 6.2 0.6
v 0.7 6.2 0.6
v 0.8 6.2 0.6
v -0.7 6.2 0.5
v -0.4 6.2 0.5
v -0.3 6.2 0.5
v 0.3 6.2 0.5
v 0.4 6.2 0.5
v 0.7 6.2 0.5
v -0.7 6.2 0.4
v -0.6 6.2 0.4
v -0.5 6.2 0.4
v 0.5 6.2 0.4
v 0.6 6.2 0.4
v 0.7 6.2 0.4
v -0.6 6.2 0.3
v -0.5 6.2 0.3
v -0.4 6.2 0.3
v -0.3 6.2 0.3
v -0.2 6.2 0.3
v 0.2 6.2 0.3
v 0.3 6.2 0.3
v 0.4 6.2 0.3
v 0.5 6.2 0.3
v 0.6 6.2 0.3
v -0.8 6.2 0.2
v -0.7 6.2 0.2
v -0.6 6.2 0.2
v -0.5 6.2 0.2
v -0.3 6.2 0.2
v -0.2 6.2 0.2
v 0.2 6.2 0.2
v 0.3 6.2 0.2
v 0.5 6.2 0.2
v 0.6 6.2 0.2
v 0.7 6.2 0.2
v 0.8 6.2 0.2
v -0.2 6.2 0.0999999
v -0.1 6.2 0.0999999
v 0.1 6.2 0.0999999
v 0.2 6.2 0.0999999
v -0.2 6.2 -0.1
v -0.1 6.2 -0.1
v 0.1 6.2 -0.1
v 0.2 6.2 -0.1
v -0.8 6.2 -0.2
v -0.7 6.2 -0.2
v -0.6 6.2 -0.2
v -0.5 6.2 -0.2
v -0.3 6.2 -0.2
v -0.2 6.2 -0.2
v 0.2 6.2 -0.2
v 0.3 6.2 -0.2
v 0.5 6.2 -0.2
v 0.6 6.2 -0.2
v 0.7 6.2 -0.2
v 0.8 6.2 -0.2
v -0.6 6.2 -0.3
v -0.5 6.2 -0.3
v -0.4 6.2 -0.3
v -0.3 6.2 -0.3
v -0.2 6.2 -0.3
v 0.2 6.2 -0.3
v 0.3 6.2 -0.3
v 0.4 6.2 -0.3
v 0.5 6.2 -0.3
v 0.6 6.2 -0.3
v -0.7 6.2 -0.4
v -0.6 6.2 -0.4
v -0.5 6.2 -0.4
v 0.5 6.2 -0.4
v 0.6 6.2 -0.4
v 0.7 6.2 -0.4
v -0.7 6.2 -0.5
v -0.4 6.2 -0.5
v -0.3 6.2 -0.5
v 0.3 6.2 -0.5
v 0.4 6.2 -0.5
v 0.7 6.2 -0.5
v -0.8 6.2 -0.6
v -0.7 6.2 -0.6
v -0.3 6.2 -0.6
v 0.3 6.2 -0.6
v 0.7 6.2 -0.6
v 0.8 6.2 -0.6
v -0.8 6.2 -0.7
v -0.7 6.2 -0.7
v 0.7 6.2 -0.7
v 0.8 6.2 -0.7
v -0.4 6.2 -0.8
v -0.3 6.2 -0.8
v 0.3 6.2 -0.8
v 0.4 6.2 -0.8
v -0.5 6.3 0.8
v -0.4 6.3 0.8
v 0.4 6.3 0.8
v 0.5 6.3 0.8
v -0.7 6.3 0.6
v -0.6 6.3 0.6
v -0.5 6.3 0.6
v -0.4 6.3 0.6
v 0.4 6.3 0.6
v 0.5 6.3 0.6
v 0.6 6.3 0.6
v 0.7 6.3 0.6
v -0.9 6.3 0.5
v -0.7 6.3 0.5
v -0.6 6.3 0.5
v -0.5 6.3 0.5
v -0.4 6.3 0.5
v 0.4 6.3 0.5
v 0.5 6.3 0.5
v 0.6 6.3 0.5
v 0.7 6.3 0.5
v 0.9 6.3 0.5
v -0.9 6.3 0.4
v -0.8 6.3 0.4
v -0.7 6.3 0.4
v -0.6 6.3 0.4
v 0.6 6.3 0.4
v 0.7 6.3 0.4
v 0.8 6.3 0.4
v 0.9 6.3 0.4
v -0.8 6.3 0.3
v -0.6 6.3 0.3
v -0.5 6.3 0.3
v -0.4 6.3 0.3
v 0.4 6.3 0.3
v 0.5 6.3 0.3
v 0.6 6.3 0.3
v 0.8 6.3 0.3
v -0.5 6.3 0.2
v -0.4 6.3 0.2
v -0.3 6.3 0.2
v 0.3 6.3 0.2
v 0.4 6.3 0.2
v 0.5 6.3 0.2
v -0.5 6.3 -0.2
v -0.4 6.3 -0.2
v -0.3 6.3 -0.2
v 0.3 6.3 -0.2
v 0.4 6.3 -0.2
v 0.5 6.3 -0.2
v -0.8 6.3 -0.3
v -0.6 6.3 -0.3
v -0.5 6.3 -0.3
v -0.4 6.3 -0.3
v 0.4 6.3 -0.3
v 0.5 6.3 -0.3
v 0.6 6.3 -0.3
v 0.8 6.3 -0.3
v -0.9 6.3 -0.4
v -0.8 6.3 -0.4
v -0.7 6.3 -0.4
v -0.6 6.3 -0.4
v 0.6 6.3 -0.4
v 0.7 6.3 -0.4
v 0.8 6.3 -0.4
v 0.9 6.3 -0.4
v -0.9 6.3 -0.5
v -0.7 6.3 -0.5
v -0.6 6.3 -0.5
v -0.5 6.3 -0.5
v -0.4 6.3 -0.5
v 0.4 6.3 -0.5
v 0.5 6.3 -0.5
v 0.6 6.3 -0.5
v 0.7 6.3 -0.5
v 0.9 6.3 -0.5
v -0.7 6.3 -0.6
v -0.6 6.3 -0.6
v -0.5 6.3 -0.6
v -0.4 6.3 -0.6
v 0.4 6.3 -0.6
v 0.5 6.3 -0.6
v 0.6 6.3 -0.6
v 0.7 6.3 -0.6
v -0.5 6.3 -0.8
v -0.4 6.3 -0.8
v 0.4 6.3 -0.8
v 0.5 6.3 -0.8
v -0.2 6.4 1.2
v 0.2 6.4 1.2
v -0.5 6.4 1.1
v -0.4 6.4 1.1
v -0.2 6.4 1.1
v 0.2 6.4 1.1
v 0.4 6.4 1.1
v 0.5 6.4 1.1
v -0.6 6.4 1
v -0.5 6.4 1
v -0.4 6.4 1
v -0.3 6.4 1
v -0.2 6.4 1
v 0.2 6.4 1
v 0.3 6.4 1
v 0.4 6.4 1
v 0.5 6.4 1
v 0.6 6.4 1
v -0.6 6.4 0.8
v -0.5 6.4 0.8
v -0.4 6.4 0.8
v -0.3 6.4 0.8
v -0.1 6.4 0.8
v 0.1 6.4 0.8
v 0.3 6.4 0.8
v 0.4 6.4 0.8
v 0.5 6.4 0.8
v 0.6 6.4 0.8
v -0.9 6.4 0.7
v -0.8 6.4 0.7
v -0.3 6.4 0.7
v -0.1 6.4 0.7
v 0.1 6.4 0.7
v 0.3 6.4 0.7
v 0.8 6.4 0.7
v 0.9 6.4 0.7
v -1.1 6.4 0.6
v -0.9 6.4 0.6
v -0.8 6.4 0.6
v -0.6 6.4 0.6
v -0.5 6.4 0.6
v -0.3 6.4 0.6
v -0.2 6.4 0.6
v 0.2 6.4 0.6
v 0.3 6.4 0.6
v 0.5 6.4 0.6
v 0.6 6.4 0.6
v 0.8 6.4 0.6
v 0.9 6.4 0.6
v 1.1 6.4 0.6
v -1.1 6.4 0.5
v -0.9 6.4 0.5
v -0.8 6.4 0.5
v -0.6 6.4 0.5
v -0.5 6.4 0.5
v -0.3 6.4 0.5
v -0.2 6.4 0.5
v 0.2 6.4 0.5
v 0.3 6.4 0.5
v 0.5 6.4 0.5
v 0.6 6.4 0.5
v 0.8 6.4 0.5
v 0.9 6.4 0.5
v 1.1 6.4 0.5
v -1.1 6.4 0.4
v -0.9 6.4 0.4
v -0.5 6.4 0.4
v -0.4 6.4 0.4
v 0.4 6.4 0.4
v 0.5 6.4 0.4
v 0.9 6.4 0.4
v 1.1 6.4 0.4
v -0.7 6.4 0.3
v -0.6 6.4 0.3
v -0.5 6.4 0.3
v -0.4 6.4 0.3
v 0.4 6.4 0.3
v 0.5 6.4 0.3
v 0.6 6.4 0.3
v 0.7 6.4 0.3
v -0.7 6.4 0.2
v -0.6 6.4 0.2
v 0.6 6.4 0.2
v 0.7 6.4 0.2
v -0.7 6.4 -0.2
v -0.6 6.4 -0.2
v 0.6 6.4 -0.2
v 0.7 6.4 -0.2
v -0.7 6.4 -0.3
v -0.6 6.4 -0.3
v -0.5 6.4 -0.3
v -0.4 6.4 -0.3
v 0.4 6.4 -0.3
v 0.5 6.4 -0.3
v 0.6 6.4 -0.3
v 0.7 6.4 -0.3
v -1.1 6.4 -0.4
v -0.9 6.4 -0.4
v -0.5 6.4 -0.4
v -0.4 6.4 -0.4
v 0.4 6.4 -0.4
v 0.5 6.4 -0.4
v 0.9 6.4 -0.4
v 1.1 6.4 -0.4
v -1.1 6.4 -0.5
v -0.9 6.4 -0.5
v -0.8 6.4 -0.5
v -0.6 6.4 -0.5
v -0.5 6.4 -0.5
v -0.3 6.4 -0.5
v -0.2 6.4 -0.5
v 0.2 6.4 -0.5
v 0.3 6.4 -0.5
v 0.5 6.4 -0.5
v 0.6 6.4 -0.5
v 0.8 6.4 -0.5
v 0.9 6.4 -0.5
v 1.1 6.4 -0.5
v -1.1 6.4 -0.6
v -0.9 6.4 -0.6
v -0.8 6.4 -0.6
v -0.6 6.4 -0.6
v -0.5 6.4 -0.6
v -0.3 6.4 -0.6
v -0.2 6.4 -0.6
v 0.2 6.4 -0.6
v 0.3 6.4 -0.6
v 0.5 6.4 -0.6
v 0.6 6.4 -0.6
v 0.8 6.4 -0.6
v 0.9 6.4 -0.6
v 1.1 6.4 -0.6
v -0.9 6.4 -0.7
v -0.8 6.4 -0.7
v -0.3 6.4 -0.7
v -0.1 6.4 -0.7
v 0.1 6.4 -0.7
v 0.3 6.4 -0.7
v 0.8 6.4 -0.7
v 0.9 6.4 -0.7
v -0.6 6.4 -0.8
v -0.5 6.4 -0.8
v -0.4 6.4 -0.8
v -0.3 6.4 -0.8
v -0.1 6.4 -0.8
v 0.1 6.4 -0.8
v 0.3 6.4 -0.8
v 0.4 6.4 -0.8
v 0.5 6.4 -0.8
v 0.6 6.4 -0.8
v -0.6 6.4 -1
v -0.5 6.4 -1
v -0.4 6.4 -1
v -0.3 6.4 -1
v -0.2 6.4 -1
v 0.2 6.4 -1
v 0.3 6.4 -1
v 0.4 6.4 -1
v 0.5 6.4 -1
v 0.6 6.4 -1
v -0.5 6.4 -1.1
v -0.4 6.4 -1.1
v -0.2 6.4 -1.1
v 0.2 6.4 -1.1
v 0.4 6.4 -1.1
v 0.5 6.4 -1.1
v -0.2 6.4 -1.2
v 0.2 6.4 -1.2
v -0.4 6.5 1
v -0.3 6.5 1
v -0.2 6.5 1
v -0.1 6.5 1
v 0.1 6.5 1
v 0.2 6.5 1
v 0.3 6.5 1
v 0.4 6.5 1
v -0.7 6.5 0.9
v -0.6 6.5 0.9
v -0.4 6.5 0.9
v -0.3 6.5 0.9
v -0.2 6.5 0.9
v -0.1 6.5 0.9
v 0.1 6.5 0.9
v 0.2 6.5 0.9
v 0.3 6.5 0.9
v 0.4 6.5 0.9
v 0.6 6.5 0.9
v 0.7 6.5 0.9
v -0.8 6.5 0.8
v -0.7 6.5 0.8
v -0.6 6.5 0.8
v -0.5 6.5 0.8
v -0.4 6.5 0.8
v -0.3 6.5 0.8
v -0.2 6.5 0.8
v -0.1 6.5 0.8
v 0.1 6.5 0.8
v 0.2 6.5 0.8
v 0.3 6.5 0.8
v 0.4 6.5 0.8
v 0.5 6.5 0.8
v 0.6 6.5 0.8
v 0.7 6.5 0.8
v 0.8 6.5 0.8
v -1 6.5 0.7
v -0.9 6.5 0.7
v -0.8 6.5 0.7
v -0.7 6.5 0.7
v -0.3 6.5 0.7
v -0.1 6.5 0.7
v 0.1 6.5 0.7
v 0.3 6.5 0.7
v 0.7 6.5 0.7
v 0.8 6.5 0.7
v 0.9 6.5 0.7
v 1 6.5 0.7
v -1 6.5 0.6
v -0.9 6.5 0.6
v -0.8 6.5 0.6
v -0.7 6.5 0.6
v -0.6 6.5 0.6
v -0.5 6.5 0.6
v -0.3 6.5 0.6
v -0.1 6.5 0.6
v 0.1 6.5 0.6
v 0.3 6.5 0.6
v 0.5 6.5 0.6
v 0.6 6.5 0.6
v 0.7 6.5 0.6
v 0.8 6.5 0.6
v 0.9 6.5 0.6
v 1 6.5 0.6
v -0.8 6.5 0.5
v -0.7 6.5 0.5
v 0.7 6.5 0.5
v 0.8 6.5 0.5
v -1.1 6.5 0.4
v -1 6.5 0.4
v -0.9 6.5 0.4
v -0.8 6.5 0.4
v 0.8 6.5 0.4
v 0.9 6.5 0.4
v 1 6.5 0.4
v 1.1 6.5 0.4
v -1.1 6.5 0.3
v -1 6.5 0.3
v -0.9 6.5 0.3
v -0.8 6.5 0.3
v -0.7 6.5 0.3
v 0.7 6.5 0.3
v 0.8 6.5 0.3
v 0.9 6.5 0.3
v 1 6.5 0.3
v 1.1 6.5 0.3
v -1.2 6.5 0.2
v -1.1 6.5 0.2
v -1 6.5 0.2
v -0.9 6.5 0.2
v -0.8 6.5 0.2
v -0.7 6.5 0.2
v 0.7 6.5 0.2
v 0.8 6.5 0.2
v 0.9 6.5 0.2
v 1 6.5 0.2
v 1.1 6.5 0.2
v 1.2 6.5 0.2
v -1 6.5 0.0999999
v -0.9 6.5 0.0999999
v 0.9 6.5 0.0999999
v 1 6.5 0.0999999
v -1 6.5 -0.1
v -0.9 6.5 -0.1
v 0.9 6.5 -0.1
v 1 6.5 -0.1
v -1.2 6.5 -0.2
v -1.1 6.5 -0.2
v -1 6.5 -0.2
v -0.9 6.5 -0.2
v -0.8 6.5 -0.2
v -0.7 6.5 -0.2
v 0.7 6.5 -0.2
v 0.8 6.5 -0.2
v 0.9 6.5 -0.2
v 1 6.5 -0.2
v 1.1 6.5 -0.2
v 1.2 6.5 -0.2
v -1.1 6.5 -0.3
v -1 6.5 -0.3
v -0.9 6.5 -0.3
v -0.8 6.5 -0.3
v -0.7 6.5 -0.3
v 0.7 6.5 -0.3
v 0.8 6.5 -0.3
v 0.9 6.5 -0.3
v 1 6.5 -0.3
v 1.1 6.5 -0.3
v -1.1 6.5 -0.4
v -1 6.5 -0.4
v -0.9 6.5 -0.4
v -0.8 6.5 -0.4
v 0.8 6.5 -0.4
v 0.9 6.5 -0.4
v 1 6.5 -0.4
v 1.1 6.5 -0.4
v -0.8 6.5 -0.5
v -0.7 6.5 -0.5
v 0.7 6.5 -0.5
v 0.8 6.5 -0.5
v -1 6.5 -0.6
v -0.9 6.5 -0.6
v -0.8 6.5 -0.6
v -0.7 6.5 -0.6
v -0.6 6.5 -0.6
v -0.5 6.5 -0.6
v -0.3 6.5 -0.6
v -0.1 6.5 -0.6
v 0.1 6.5 -0.6
v 0.3 6.5 -0.6
v 0.5 6.5 -0.6
v 0.6 6.5 -0.6
v 0.7 6.5 -0.6
v 0.8 6.5 -0.6
v 0.9 6.5 -0.6
v 1 6.5 -0.6
v -1 6.5 -0.7
v -0.9 6.5 -0.7
v -0.8 6.5 -0.7
v -0.7 6.5 -0.7
v -0.3 6.5 -0.7
v -0.1 6.5 -0.7
v 0.1 6.5 -0.7
v 0.3 6.5 -0.7
v 0.7 6.5 -0.7
v 0.8 6.5 -0.7
v 0.9 6.5 -0.7
v 1 6.5 -0.7
v -0.8 6.5 -0.8
v -0.7 6.5 -0.8
v -0.6 6.5 -0.8
v -0.5 6.5 -0.8
v -0.4 6.5 -0.8
v -0.3 6.5 -0.8
v -0.2 6.5 -0.8
v -0.1 6.5 -0.8
v 0.1 6.5 -0.8
v 0.2 6.5 -0.8
v 0.3 6.5 -0.8
v 0.4 6.5 -0.8
v 0.5 6.5 -0.8
v 0.6 6.5 -0.8
v 0.7 6.5 -0.8
v 0.8 6.5 -0.8
v -0.7 6.5 -0.9
v -0.6 6.5 -0.9
v -0.4 6.5 -0.9
v -0.3 6.5 -0.9
v -0.2 6.5 -0.9
v -0.1 6.5 -0.9
v 0.1 6.5 -0.9
v 0.2 6.5 -0.9
v 0.3 6.5 -0.9
v 0.4 6.5 -0.9
v 0.6 6.5 -0.9
v 0.7 6.5 -0.9
v -0.4 6.5 -1
v -0.3 6.5 -1
v -0.2 6.5 -1
v -0.1 6.5 -1
v 0.1 6.5 -1
v 0.2 6.5 -1
v 0.3 6.5 -1
v 0.4 6.5 -1
v -0.3 6.7 1.3
v -0.1 6.7 1.3
v 0.1 6.7 1.3
v 0.3 6.7 1.3
v -0.4 6.7 1.2
v -0.3 6.7 1.2
v -0.2 6.7 1.2
v -0.1 6.7 1.2
v 0.1 6.7 1.2
v 0.2 6.7 1.2
v 0.3 6.7 1.2
v 0.4 6.7 1.2
v -0.6 6.7 1.1
v -0.5 6.7 1.1
v -0.4 6.7 1.1
v -0.3 6.7 1.1
v -0.2 6.7 1.1
v 0.2 6.7 1.1
v 0.3 6.7 1.1
v 0.4 6.7 1.1
v 0.5 6.7 1.1
v 0.6 6.7 1.1
v -0.7 6.7 1
v -0.6 6.7 1
v -0.5 6.7 1
v 0.5 6.7 1
v 0.6 6.7 1
v 0.7 6.7 1
v -0.9 6.7 0.9
v -0.7 6.7 0.9
v -0.6 6.7 0.9
v 0.6 6.7 0.9
v 0.7 6.7 0.9
v 0.9 6.7 0.9
v -1 6.7 0.8
v -0.9 6.7 0.8
v -0.8 6.7 0.8
v -0.7 6.7 0.8
v 0.7 6.7 0.8
v 0.8 6.7 0.8
v 0.9 6.7 0.8
v 1 6.7 0.8
v -1.2 6.7 0.7
v -1 6.7 0.7
v -0.9 6.7 0.7
v -0.8 6.7 0.7
v 0.8 6.7 0.7
v 0.9 6.7 0.7
v 1 6.7 0.7
v 1.2 6.7 0.7
v -1.3 6.7 0.6
v -1.2 6.7 0.6
v -1.1 6.7 0.6
v -1 6.7 0.6
v 1 6.7 0.6
v 1.1 6.7 0.6
v 1.2 6.7 0.6
v 1.3 6.7 0.6
v -1.2 6.7 0.5
v -1.1 6.7 0.5
v 1.1 6.7 0.5
v 1.2 6.7 0.5
v -1.3 6.7 0.4
v -1.2 6.7 0.4
v -1.1 6.7 0.4
v 1.1 6.7 0.4
v 1.2 6.7 0.4
v 1.3 6.7 0.4
v -1.3 6.7 0.3
v -1.1 6.7 0.3
v 1.1 6.7 0.3
v 1.3 6.7 0.3
v -1.3 6.7 0.2
v -1.2 6.7 0.2
v -1.1 6.7 0.2
v 1.1 6.7 0.2
v 1.2 6.7 0.2
v 1.3 6.7 0.2
v -1.3 6.7 -0.2
v -1.2 6.7 -0.2
v -1.1 6.7 -0.2
v 1.1 6.7 -0.2
v 1.2 6.7 -0.2
v 1.3 6.7 -0.2
v -1.3 6.7 -0.3
v -1.1 6.7 -0.3
v 1.1 6.7 -0.3
v 1.3 6.7 -0.3
v -1.3 6.7 -0.4
v -1.2 6.7 -0.4
v -1.1 6.7 -0.4
v 1.1 6.7 -0.4
v 1.2 6.7 -0.4
v 1.3 6.7 -0.4
v -1.2 6.7 -0.5
v -1.1 6.7 -0.5
v 1.1 6.7 -0.5
v 1.2 6.7 -0.5
v -1.3 6.7 -0.6
v -1.2 6.7 -0.6
v -1.1 6.7 -0.6
v -1 6.7 -0.6
v 1 6.7 -0.6
v 1.1 6.7 -0.6
v 1.2 6.7 -0.6
v 1.3 6.7 -0.6
v -1.2 6.7 -0.7
v -1 6.7 -0.7
v -0.9 6.7 -0.7
v -0.8 6.7 -0.7
v 0.8 6.7 -0.7
v 0.9 6.7 -0.7
v 1 6.7 -0.7
v 1.2 6.7 -0.7
v -1 6.7 -0.8
v -0.9 6.7 -0.8
v -0.8 6.7 -0.8
v -0.7 6.7 -0.8
v 0.7 6.7 -0.8
v 0.8 6.7 -0.8
v 0.9 6.7 -0.8
v 1 6.7 -0.8
v -0.9 6.7 -0.9
v -0.7 6.7 -0.9
v -0.6 6.7 -0.9
v 0.6 6.7 -0.9
v 0.7 6.7 -0.9
v 0.9 6.7 -0.9
v -0.7 6.7 -1
v -0.6 6.7 -1
v -0.5 6.7 -1
v 0.5 6.7 -1
v 0.6 6.7 -1
v 0.7 6.7 -1
v -0.6 6.7 -1.1
v -0.5 6.7 -1.1
v -0.4 6.7 -1.1
v -0.3 6.7 -1.1
v -0.2 6.7 -1.1
v 0.2 6.7 -1.1
v 0.3 6.7 -1.1
v 0.4 6.7 -1.1
v 0.5 6.7 -1.1
v 0.6 6.7 -1.1
v -0.4 6.7 -1.2
v -0.3 6.7 -1.2
v -0.2 6.7 -1.2
v -0.1 6.7 -1.2
v 0.1 6.7 -1.2
v 0.2 6.7 -1.2
v 0.3 6.7 -1.2
v 0.4 6.7 -1.2
v -0.3 6.7 -1.3
v -0.1 6.7 -1.3
v 0.1 6.7 -1.3
v 0.3 6.7 -1.3
v -0.7 6.8 1.1
v -0.6 6.8 1.1
v 0.6 6.8 1.1
v 0.7 6.8 1.1
v -0.8 6.8 1
v -0.7 6.8 1
v -0.6 6.8 1
v 0.6 6.8 1
v 0.7 6.8 1
v 0.8 6.8 1
v -0.8 6.8 0.9
v -0.7 6.8 0.9
v 0.7 6.8 0.9
v 0.8 6.8 0.9
v -1.1 6.8 0.8
v -1 6.8 0.8
v 1 6.8 0.8
v 1.1 6.8 0.8
v -1.1 6.8 0.7
v -1 6.8 0.7
v 1 6.8 0.7
v 1.1 6.8 0.7
v -1.1 6.8 -0.7
v -1 6.8 -0.7
v 1 6.8 -0.7
v 1.1 6.8 -0.7
v -1.1 6.8 -0.8
v -1 6.8 -0.8
v 1 6.8 -0.8
v 1.1 6.8 -0.8
v -0.8 6.8 -0.9
v -0.7 6.8 -0.9
v 0.7 6.8 -0.9
v 0.8 6.8 -0.9
v -0.8 6.8 -1
v -0.7 6.8 -1
v -0.6 6.8 -1
v 0.6 6.8 -1
v 0.7 6.8 -1
v 0.8 6.8 -1
v -0.7 6.8 -1.1
v -0.6 6.8 -1.1
v 0.6 6.8 -1.1
v 0.7 6.8 -1.1
v -1.4 6.9 0.3
v -1.3 6.9 0.3
v 1.3 6.9 0.3
v 1.4 6.9 0.3
v -1.3 6.9 0.2
v 1.3 6.9 0.2
v -1.3 6.9 0.0999999
v 1.3 6.9 0.0999999
v -1.3 6.9 -0.1
v 1.3 6.9 -0.1
v -1.3 6.9 -0.2
v 1.3 6.9 -0.2
v -1.4 6.9 -0.3
v -1.3 6.9 -0.3
v 1.3 6.9 -0.3
v 1.4 6.9 -0.3
v -0.9 0.8 0.4
v -0.8 0.8 0.4
v 0.8 0.8 0.4
v 0.9 0.8 0.4
v -0.9 0.8 0.3
v -0.8 0.8 0.3
v 0.8 0.8 0.3
v 0.9 0.8 0.3
v -0.9 0.8 -0.3
v -0.8 0.8 -0.3
v 0.8 0.8 -0.3
v 0.9 0.8 -0.3
v -0.9 0.8 -0.4
v -0.8 0.8 -0.4
v 0.8 0.8 -0.4
v 0.9 0.8 -0.4
v -1 1.2 0.4
v -0.9 1.2 0.4
v 0.9 1.2 0.4
v 1 1.2 0.4
v -1 1.2 0.3
v -0.9 1.2 0.3
v 0.9 1.2 0.3
v 1 1.2 0.3
v -1 1.2 -0.3
v -0.9 1.2 -0.3
v 0.9 1.2 -0.3
v 1 1.2 -0.3
v -1 1.2 -0.4
v -0.9 1.2 -0.4
v 0.9 1.2 -0.4
v 1 1.2 -0.4
v -0.5 1.4 1.7
v -0.4 1.4 1.7
v 0.4 1.4 1.7
v 0.5 1.4 1.7
v -0.5 1.4 1.6
v -0.4 1.4 1.6
v 0.4 1.4 1.6
v 0.5 1.4 1.6
v -0.7 1.4 1.3
v -0.6 1.4 1.3
v 0.6 1.4 1.3
v 0.7 1.4 1.3
v -0.7 1.4 1.2
v -0.6 1.4 1.2
v 0.6 1.4 1.2
v 0.7 1.4 1.2
v -0.6 1.4 0.0999999
v -0.5 1.4 0.0999999
v 0.5 1.4 0.0999999
v 0.6 1.4 0.0999999
v -0.6 1.4 0
v -0.5 1.4 0
v 0.5 1.4 0
v 0.6 1.4 0
v -0.7 1.4 -1.2
v -0.6 1.4 -1.2
v 0.6 1.4 -1.2
v 0.7 1.4 -1.2
v -0.7 1.4 -1.3
v -0.6 1.4 -1.3
v 0.6 1.4 -1.3
v 0.7 1.4 -1.3
v -0.5 1.4 -1.6
v -0.4 1.4 -1.6
v 0.4 1.4 -1.6
v 0.5 1.4 -1.6
v -0.5 1.4 -1.7
v -0.4 1.4 -1.7
v 0.4 1.4 -1.7
v 0.5 1.4 -1.7
v -0.6 1.6 -0.1
v -0.5 1.6 -0.1
v 0.5 1.6 -0.1
v 0.6 1.6 -0.1
v -0.6 1.6 -0.2
v -0.5 1.6 -0.2
v 0.5 1.6 -0.2
v 0.6 1.6 -0.2
v -0.4 1.7 1.7
v -0.3 1.7 1.7
v 0.3 1.7 1.7
v 0.4 1.7 1.7
v -0.4 1.7 1.6
v -0.3 1.7 1.6
v 0.3 1.7 1.6
v 0.4 1.7 1.6
v -0.4 1.7 -1.6
v -0.3 1.7 -1.6
v 0.3 1.7 -1.6
v 0.4 1.7 -1.6
v -0.4 1.7 -1.7
v -0.3 1.7 -1.7
v 0.3 1.7 -1.7
v 0.4 1.7 -1.7
v -1.1 1.8 0.4
v -1 1.8 0.4
v 1 1.8 0.4
v 1.1 1.8 0.4
v -1.1 1.8 0.3
v -1 1.8 0.3
v 1 1.8 0.3
v 1.1 1.8 0.3
v -0.6 1.8 0
v -0.5 1.8 0
v 0.5 1.8 0
v 0.6 1.8 0
v -0.6 1.8 -0.1
v -0.5 1.8 -0.1
v 0.5 1.8 -0.1
v 0.6 1.8 -0.1
v -1.1 1.8 -0.3
v -1 1.8 -0.3
v 1 1.8 -0.3
v 1.1 1.8 -0.3
v -1.1 1.8 -0.4
v -1 1.8 -0.4
v 1 1.8 -0.4
v 1.1 1.8 -0.4
v -0.6 1.9 0.2
v -0.5 1.9 0.2
v 0.5 1.9 0.2
v 0.6 1.9 0.2
v -0.6 1.9 0.0999999
v -0.5 1.9 0.0999999
v 0.5 1.9 0.0999999
v 0.6 1.9 0.0999999
v -0.4 2.1 1.8
v -0.3 2.1 1.8
v 0.3 2.1 1.8
v 0.4 2.1 1.8
v -0.4 2.1 1.7
v -0.3 2.1 1.7
v 0.3 2.1 1.7
v 0.4 2.1 1.7
v -0.8 2.1 1.4
v -0.7 2.1 1.4
v 0.7 2.1 1.4
v 0.8 2.1 1.4
v -0.8 2.1 1.3
v -0.7 2.1 1.3
v 0.7 2.1 1.3
v 0.8 2.1 1.3
v -0.8 2.1 -1.3
v -0.7 2.1 -1.3
v 0.7 2.1 -1.3
v 0.8 2.1 -1.3
v -0.8 2.1 -1.4
v -0.7 2.1 -1.4
v 0.7 2.1 -1.4
v 0.8 2.1 -1.4
v -0.4 2.1 -1.7
v -0.3 2.1 -1.7
v 0.3 2.1 -1.7
v 0.4 2.1 -1.7
v -0.4 2.1 -1.8
v -0.3 2.1 -1.8
v 0.3 2.1 -1.8
v 0.4 2.1 -1.8
v -0.6 2.3 0.0999999
v -0.5 2.3 0.0999999
v 0.5 2.3 0.0999999
v 0.6 2.3 0.0999999
v -0.6 2.3 0
v -0.5 2.3 0
v 0.5 2.3 0
v 0.6 2.3 0
v -0.9 2.5 1.4
v -0.8 2.5 1.4
v 0.8 2.5 1.4
v 0.9 2.5 1.4
v -0.9 2.5 1.3
v -0.8 2.5 1.3
v 0.8 2.5 1.3
v 0.9 2.5 1.3
v -1.2 2.5 0.5
v -1.1 2.5 0.5
v 1.1 2.5 0.5
v 1.2 2.5 0.5
v -1.2 2.5 0.4
v -1.1 2.5 0.4
v 1.1 2.5 0.4
v 1.2 2.5 0.4
v -0.6 2.5 0.2
v -0.5 2.5 0.2
v 0.5 2.5 0.2
v 0.6 2.5 0.2
v -0.6 2.5 0.0999999
v 0.6 2.5 0.0999999
v -0.6 2.5 0
v -0.5 2.5 0
v 0.5 2.5 0
v 0.6 2.5 0
v -0.6 2.5 -0.1
v -0.5 2.5 -0.1
v 0.5 2.5 -0.1
v 0.6 2.5 -0.1
v -0.6 2.5 -0.2
v -0.5 2.5 -0.2
v 0.5 2.5 -0.2
v 0.6 2.5 -0.2
v -1.2 2.5 -0.4
v -1.1 2.5 -0.4
v 1.1 2.5 -0.4
v 1.2 2.5 -0.4
v -1.2 2.5 -0.5
v -1.1 2.5 -0.5
v 1.1 2.5 -0.5
v 1.2 2.5 -0.5
v -0.9 2.5 -1.3
v -0.8 2.5 -1.3
v 0.8 2.5 -1.3
v 0.9 2.5 -1.3
v -0.9 2.5 -1.4
v -0.8 2.5 -1.4
v 0.8 2.5 -1.4
v 0.9 2.5 -1.4
v -0.1 2.6 0.8
v 0 2.6 0.8
v -0.1 2.6 0.7
v 0 2.6 0.7
v -1.3 2.6 0.5
v -1.2 2.6 0.5
v 1.2 2.6 0.5
v 1.3 2.6 0.5
v -1.3 2.6 0.4
v -1.2 2.6 0.4
v 1.2 2.6 0.4
v 1.3 2.6 0.4
v -1.3 2.6 -0.4
v -1.2 2.6 -0.4
v 1.2 2.6 -0.4
v 1.3 2.6 -0.4
v -1.3 2.6 -0.5
v -1.2 2.6 -0.5
v 1.2 2.6 -0.5
v 1.3 2.6 -0.5
v -0.1 2.6 -0.7
v 0 2.6 -0.7
v -0.1 2.6 -0.8
v 0 2.6 -0.8
v -0.4 2.7 1.7
v -0.3 2.7 1.7
v 0.3 2.7 1.7
v 0.4 2.7 1.7
v -0.4 2.7 1.6
v -0.3 2.7 1.6
v 0.3 2.7 1.6
v 0.4 2.7 1.6
v -0.4 2.7 -1.6
v -0.3 2.7 -1.6
v 0.3 2.7 -1.6
v 0.4 2.7 -1.6
v -0.4 2.7 -1.7
v -0.3 2.7 -1.7
v 0.3 2.7 -1.7
v 0.4 2.7 -1.7
v -0.7 2.8 0.0999999
v -0.6 2.8 0.0999999
v 0.6 2.8 0.0999999
v 0.7 2.8 0.0999999
v -0.7 2.8 -0.1
v -0.6 2.8 -0.1
v 0.6 2.8 -0.1
v 0.7 2.8 -0.1
v 0 2.8 -0.8
v 0.1 2.8 -0.8
v 0 2.8 -0.9
v 0.1 2.8 -0.9
v -0.9 2.9 1.3
v -0.8 2.9 1.3
v 0.8 2.9 1.3
v 0.9 2.9 1.3
v -0.9 2.9 1.2
v -0.8 2.9 1.2
v 0.8 2.9 1.2
v 0.9 2.9 1.2
v -1.3 2.9 0.4
v -1.2 2.9 0.4
v 1.2 2.9 0.4
v 1.3 2.9 0.4
v -1.3 2.9 0.3
v -1.2 2.9 0.3
v 1.2 2.9 0.3
v 1.3 2.9 0.3
v -0.7 2.9 0.2
v -0.6 2.9 0.2
v 0.6 2.9 0.2
v 0.7 2.9 0.2
v -0.7 2.9 0.0999999
v -0.6 2.9 0.0999999
v 0.6 2.9 0.0999999
v 0.7 2.9 0.0999999
v -0.7 2.9 -0.1
v -0.6 2.9 -0.1
v 0.6 2.9 -0.1
v 0.7 2.9 -0.1
v -0.7 2.9 -0.2
v -0.6 2.9 -0.2
v 0.6 2.9 -0.2
v 0.7 2.9 -0.2
v -1.3 2.9 -0.3
v -1.2 2.9 -0.3
v 1.2 2.9 -0.3
v 1.3 2.9 -0.3
v -1.3 2.9 -0.4
v -1.2 2.9 -0.4
v 1.2 2.9 -0.4
v 1.3 2.9 -0.4
v -0.9 2.9 -1.2
v -0.8 2.9 -1.2
v 0.8 2.9 -1.2
v 0.9 2.9 -1.2
v -0.9 2.9 -1.3
v -0.8 2.9 -1.3
v 0.8 2.9 -1.3
v 0.9 2.9 -1.3
v -0.1 3 0.9
v 0 3 0.9
v -0.1 3 0.7
v 0 3 0.7
v -0.1 3 -0.7
v 0 3 -0.7
v -0.1 3 -0.9
v 0 3 -0.9
v 0 3.1 1
v 0.1 3.1 1
v 0 3.1 0.9
v 0.1 3.1 0.9
v 0 3.1 -0.9
v 0.1 3.1 -0.9
v 0 3.1 -1
v 0.1 3.1 -1
v -0.4 3.2 1.6
v -0.3 3.2 1.6
v 0.3 3.2 1.6
v 0.4 3.2 1.6
v -0.4 3.2 1.5
v -0.3 3.2 1.5
v 0.3 3.2 1.5
v 0.4 3.2 1.5
v -0.4 3.2 -1.5
v -0.3 3.2 -1.5
v 0.3 3.2 -1.5
v 0.4 3.2 -1.5
v -0.4 3.2 -1.6
v -0.3 3.2 -1.6
v 0.3 3.2 -1.6
v 0.4 3.2 -1.6
v -1 3.3 1.3
v -0.9 3.3 1.3
v 0.9 3.3 1.3
v 1 3.3 1.3
v -1 3.3 1.2
v -0.9 3.3 1.2
v 0.9 3.3 1.2
v 1 3.3 1.2
v -0.7 3.3 0.2
v -0.6 3.3 0.2
v 0.6 3.3 0.2
v 0.7 3.3 0.2
v -0.7 3.3 0.0999999
v -0.6 3.3 0.0999999
v 0.6 3.3 0.0999999
v 0.7 3.3 0.0999999
v -0.7 3.3 -0.1
v -0.6 3.3 -0.1
v 0.6 3.3 -0.1
v 0.7 3.3 -0.1
v -0.7 3.3 -0.2
v -0.6 3.3 -0.2
v 0.6 3.3 -0.2
v 0.7 3.3 -0.2
v -1 3.3 -1.2
v -0.9 3.3 -1.2
v 0.9 3.3 -1.2
v 1 3.3 -1.2
v -1 3.3 -1.3
v -0.9 3.3 -1.3
v 0.9 3.3 -1.3
v 1 3.3 -1.3
v -0.3 3.5 1.6
v -0.2 3.5 1.6
v 0.2 3.5 1.6
v 0.3 3.5 1.6
v -0.3 3.5 1.5
v -0.2 3.5 1.5
v 0.2 3.5 1.5
v 0.3 3.5 1.5
v -0.1 3.5 1
v 0 3.5 1
v -0.1 3.5 0.9
v 0 3.5 0.9
v -0.1 3.5 -0.9
v 0 3.5 -0.9
v -0.1 3.5 -1
v 0 3.5 -1
v -0.3 3.5 -1.5
v -0.2 3.5 -1.5
v 0.2 3.5 -1.5
v 0.3 3.5 -1.5
v -0.3 3.5 -1.6
v -0.2 3.5 -1.6
v 0.2 3.5 -1.6
v 0.3 3.5 -1.6
v -1.4 3.6 0.4
v -1.3 3.6 0.4
v 1.3 3.6 0.4
v 1.4 3.6 0.4
v -1.4 3.6 0.3
v -1.3 3.6 0.3
v 1.3 3.6 0.3
v 1.4 3.6 0.3
v -1.4 3.6 -0.3
v -1.3 3.6 -0.3
v 1.3 3.6 -0.3
v 1.4 3.6 -0.3
v -1.4 3.6 -0.4
v -1.3 3.6 -0.4
v 1.3 3.6 -0.4
v 1.4 3.6 -0.4
v -0.9 3.7 1.3
v -0.8 3.7 1.3
v 0.8 3.7 1.3
v 0.9 3.7 1.3
v -0.9 3.7 1.2
v -0.8 3.7 1.2
v 0.8 3.7 1.2
v 0.9 3.7 1.2
v -0.1 3.7 1
v 0 3.7 1
v -0.1 3.7 0.9
v 0 3.7 0.9
v -0.8 3.7 0.3
v -0.7 3.7 0.3
v 0.7 3.7 0.3
v 0.8 3.7 0.3
v -0.8 3.7 0.2
v -0.7 3.7 0.2
v 0.7 3.7 0.2
v 0.8 3.7 0.2
v -0.8 3.7 -0.2
v -0.7 3.7 -0.2
v 0.7 3.7 -0.2
v 0.8 3.7 -0.2
v -0.8 3.7 -0.3
v -0.7 3.7 -0.3
v 0.7 3.7 -0.3
v 0.8 3.7 -0.3
v -0.1 3.7 -0.9
v 0 3.7 -0.9
v -0.1 3.7 -1
v 0 3.7 -1
v -0.9 3.7 -1.2
v -0.8 3.7 -1.2
v 0.8 3.7 -1.2
v 0.9 3.7 -1.2
v -0.9 3.7 -1.3
v -0.8 3.7 -1.3
v 0.8 3.7 -1.3
v 0.9 3.7 -1.3
v 0 3.9 1
v 0.1 3.9 1
v 0 3.9 0.9
v 0.1 3.9 0.9
v 0 3.9 -0.9
v 0.1 3.9 -0.9
v 0 3.9 -1
v 0.1 3.9 -1
v -0.1 4 0.9
v 0.1 4 0.9
v -0.1 4 0.8
v 0.1 4 0.8
v -0.3 4 0.7
v -0.2 4 0.7
v 0.2 4 0.7
v 0.3 4 0.7
v -0.3 4 0.5
v -0.2 4 0.5
v 0.2 4 0.5
v 0.3 4 0.5
v -0.3 4 -0.5
v -0.2 4 -0.5
v 0.2 4 -0.5
v 0.3 4 -0.5
v -0.3 4 -0.7
v -0.2 4 -0.7
v 0.2 4 -0.7
v 0.3 4 -0.7
v -0.1 4 -0.8
v 0.1 4 -0.8
v -0.1 4 -0.9
v 0.1 4 -0.9
v -0.2 4.1 1
v -0.1 4.1 1
v 0.1 4.1 1
v 0.2 4.1 1
v -0.2 4.1 0.8
v -0.1 4.1 0.8
v 0.1 4.1 0.8
v 0.2 4.1 0.8
v -0.7 4.1 0.4
v -0.6 4.1 0.4
v 0.6 4.1 0.4
v 0.7 4.1 0.4
v -0.6 4.1 0.3
v -0.5 4.1 0.3
v 0.5 4.1 0.3
v 0.6 4.1 0.3
v -0.7 4.1 0.2
v -0.5 4.1 0.2
v 0.5 4.1 0.2
v 0.7 4.1 0.2
v -0.7 4.1 -0.2
v -0.5 4.1 -0.2
v 0.5 4.1 -0.2
v 0.7 4.1 -0.2
v -0.6 4.1 -0.3
v -0.5 4.1 -0.3
v 0.5 4.1 -0.3
v 0.6 4.1 -0.3
v -0.7 4.1 -0.4
v -0.6 4.1 -0.4
v 0.6 4.1 -0.4
v 0.7 4.1 -0.4
v -0.2 4.1 -0.8
v -0.1 4.1 -0.8
v 0.1 4.1 -0.8
v 0.2 4.1 -0.8
v -0.2 4.1 -1
v -0.1 4.1 -1
v 0.1 4.1 -1
v 0.2 4.1 -1
v -0.3 4.2 1.5
v -0.2 4.2 1.5
v 0.2 4.2 1.5
v 0.3 4.2 1.5
v -0.3 4.2 1.4
v -0.2 4.2 1.4
v 0.2 4.2 1.4
v 0.3 4.2 1.4
v -1.4 4.2 0.3
v -1.3 4.2 0.3
v 1.3 4.2 0.3
v 1.4 4.2 0.3
v -1.4 4.2 0.2
v -1.3 4.2 0.2
v 1.3 4.2 0.2
v 1.4 4.2 0.2
v -1.4 4.2 -0.2
v -1.3 4.2 -0.2
v 1.3 4.2 -0.2
v 1.4 4.2 -0.2
v -1.4 4.2 -0.3
v -1.3 4.2 -0.3
v 1.3 4.2 -0.3
v 1.4 4.2 -0.3
v -0.3 4.2 -1.4
v -0.2 4.2 -1.4
v 0.2 4.2 -1.4
v 0.3 4.2 -1.4
v -0.3 4.2 -1.5
v -0.2 4.2 -1.5
v 0.2 4.2 -1.5
v 0.3 4.2 -1.5
v -0.8 4.3 1.2
v -0.7 4.3 1.2
v 0.7 4.3 1.2
v 0.8 4.3 1.2
v -0.8 4.3 1.1
v -0.7 4.3 1.1
v 0.7 4.3 1.1
v 0.8 4.3 1.1
v -0.7 4.3 0.3
v -0.5 4.3 0.3
v 0.5 4.3 0.3
v 0.7 4.3 0.3
v -0.8 4.3 0.2
v -0.7 4.3 0.2
v -0.6 4.3 0.2
v -0.5 4.3 0.2
v 0.5 4.3 0.2
v 0.6 4.3 0.2
v 0.7 4.3 0.2
v 0.8 4.3 0.2
v -0.9 4.3 0.0999999
v -0.8 4.3 0.0999999
v -0.6 4.3 0.0999999
v 0.6 4.3 0.0999999
v 0.8 4.3 0.0999999
v 0.9 4.3 0.0999999
v -0.9 4.3 -0.1
v -0.8 4.3 -0.1
v -0.6 4.3 -0.1
v 0.6 4.3 -0.1
v 0.8 4.3 -0.1
v 0.9 4.3 -0.1
v -0.8 4.3 -0.2
v -0.7 4.3 -0.2
v -0.6 4.3 -0.2
v -0.5 4.3 -0.2
v 0.5 4.3 -0.2
v 0.6 4.3 -0.2
v 0.7 4.3 -0.2
v 0.8 4.3 -0.2
v -0.7 4.3 -0.3
v -0.5 4.3 -0.3
v 0.5 4.3 -0.3
v 0.7 4.3 -0.3
v -0.8 4.3 -1.1
v -0.7 4.3 -1.1
v 0.7 4.3 -1.1
v 0.8 4.3 -1.1
v -0.8 4.3 -1.2
v -0.7 4.3 -1.2
v 0.7 4.3 -1.2
v 0.8 4.3 -1.2
v -1.3 4.4 0.3
v -1.2 4.4 0.3
v 1.2 4.4 0.3
v 1.3 4.4 0.3
v -1.3 4.4 0.2
v -1.2 4.4 0.2
v 1.2 4.4 0.2
v 1.3 4.4 0.2
v -0.8 4.4 0.0999999
v -0.7 4.4 0.0999999
v 0.7 4.4 0.0999999
v 0.8 4.4 0.0999999
v -0.8 4.4 -0.1
v -0.7 4.4 -0.1
v 0.7 4.4 -0.1
v 0.8 4.4 -0.1
v -1.3 4.4 -0.2
v -1.2 4.4 -0.2
v 1.2 4.4 -0.2
v 1.3 4.4 -0.2
v -1.3 4.4 -0.3
v -1.2 4.4 -0.3
v 1.2 4.4 -0.3
v 1.3 4.4 -0.3
v -0.3 4.5 1.4
v -0.2 4.5 1.4
v 0.2 4.5 1.4
v 0.3 4.5 1.4
v -0.3 4.5 1.3
v -0.2 4.5 1.3
v 0.2 4.5 1.3
v 0.3 4.5 1.3
v -0.2 4.5 0.4
v -0.1 4.5 0.4
v 0.1 4.5 0.4
v 0.2 4.5 0.4
v -0.2 4.5 0.3
v -0.1 4.5 0.3
v 0.1 4.5 0.3
v 0.2 4.5 0.3
v -0.2 4.5 -0.3
v -0.1 4.5 -0.3
v 0.1 4.5 -0.3
v 0.2 4.5 -0.3
v -0.2 4.5 -0.4
v -0.1 4.5 -0.4
v 0.1 4.5 -0.4
v 0.2 4.5 -0.4
v -0.3 4.5 -1.3
v -0.2 4.5 -1.3
v 0.2 4.5 -1.3
v 0.3 4.5 -1.3
v -0.3 4.5 -1.4
v -0.2 4.5 -1.4
v 0.2 4.5 -1.4
v 0.3 4.5 -1.4
v -0.8 4.6 1.1
v -0.7 4.6 1.1
v 0.7 4.6 1.1
v 0.8 4.6 1.1
v -0.8 4.6 1
v -0.7 4.6 1
v 0.7 4.6 1
v 0.8 4.6 1
v -0.2 4.6 0.8
v -0.1 4.6 0.8
v 0.1 4.6 0.8
v 0.2 4.6 0.8
v -0.2 4.6 0.6
v -0.1 4.6 0.6
v 0.1 4.6 0.6
v 0.2 4.6 0.6
v -0.1 4.6 0.4
v 0.1 4.6 0.4
v -0.1 4.6 0.3
v 0.1 4.6 0.3
v -0.1 4.6 -0.3
v 0.1 4.6 -0.3
v -0.1 4.6 -0.4
v 0.1 4.6 -0.4
v -0.2 4.6 -0.6
v -0.1 4.6 -0.6
v 0.1 4.6 -0.6
v 0.2 4.6 -0.6
v -0.2 4.6 -0.8
v -0.1 4.6 -0.8
v 0.1 4.6 -0.8
v 0.2 4.6 -0.8
v -0.8 4.6 -1
v -0.7 4.6 -1
v 0.7 4.6 -1
v 0.8 4.6 -1
v -0.8 4.6 -1.1
v -0.7 4.6 -1.1
v 0.7 4.6 -1.1
v 0.8 4.6 -1.1
v -0.4 4.7 1.4
v -0.3 4.7 1.4
v 0.3 4.7 1.4
v 0.4 4.7 1.4
v -0.4 4.7 1.3
v -0.3 4.7 1.3
v 0.3 4.7 1.3
v 0.4 4.7 1.3
v -0.7 4.7 0.2
v -0.5 4.7 0.2
v 0.5 4.7 0.2
v 0.7 4.7 0.2
v -0.8 4.7 0.0999999
v -0.7 4.7 0.0999999
v -0.5 4.7 0.0999999
v 0.5 4.7 0.0999999
v 0.7 4.7 0.0999999
v 0.8 4.7 0.0999999
v -0.8 4.7 -0.1
v -0.7 4.7 -0.1
v -0.5 4.7 -0.1
v 0.5 4.7 -0.1
v 0.7 4.7 -0.1
v 0.8 4.7 -0.1
v -0.7 4.7 -0.2
v -0.5 4.7 -0.2
v 0.5 4.7 -0.2
v 0.7 4.7 -0.2
v -0.4 4.7 -1.3
v -0.3 4.7 -1.3
v 0.3 4.7 -1.3
v 0.4 4.7 -1.3
v -0.4 4.7 -1.4
v -0.3 4.7 -1.4
v 0.3 4.7 -1.4
v 0.4 4.7 -1.4
v -1.2 4.8 0.3
v -1.1 4.8 0.3
v 1.1 4.8 0.3
v 1.2 4.8 0.3
v -1.2 4.8 0.2
v -1.1 4.8 0.2
v 1.1 4.8 0.2
v 1.2 4.8 0.2
v -1.2 4.8 -0.2
v -1.1 4.8 -0.2
v 1.1 4.8 -0.2
v 1.2 4.8 -0.2
v -1.2 4.8 -0.3
v -1.1 4.8 -0.3
v 1.1 4.8 -0.3
v 1.2 4.8 -0.3
v -0.4 4.9 1.3
v -0.3 4.9 1.3
v 0.3 4.9 1.3
v 0.4 4.9 1.3
v -0.4 4.9 1.2
v -0.3 4.9 1.2
v 0.3 4.9 1.2
v 0.4 4.9 1.2
v -0.7 4.9 0.0999999
v -0.6 4.9 0.0999999
v 0.6 4.9 0.0999999
v 0.7 4.9 0.0999999
v -0.7 4.9 -0.1
v -0.6 4.9 -0.1
v 0.6 4.9 -0.1
v 0.7 4.9 -0.1
v -0.4 4.9 -1.2
v -0.3 4.9 -1.2
v 0.3 4.9 -1.2
v 0.4 4.9 -1.2
v -0.4 4.9 -1.3
v -0.3 4.9 -1.3
v 0.3 4.9 -1.3
v 0.4 4.9 -1.3
v -0.1 5.1 0.8
v 0.1 5.1 0.8
v -0.1 5.1 0.6
v 0.1 5.1 0.6
v -1.1 5.1 0.3
v -1 5.1 0.3
v 1 5.1 0.3
v 1.1 5.1 0.3
v -1.1 5.1 0.2
v -1 5.1 0.2
v -0.7 5.1 0.2
v -0.6 5.1 0.2
v 0.6 5.1 0.2
v 0.7 5.1 0.2
v 1 5.1 0.2
v 1.1 5.1 0.2
v -0.7 5.1 0.0999999
v -0.6 5.1 0.0999999
v 0.6 5.1 0.0999999
v 0.7 5.1 0.0999999
v -0.7 5.1 -0.1
v -0.6 5.1 -0.1
v 0.6 5.1 -0.1
v 0.7 5.1 -0.1
v -1.1 5.1 -0.2
v -1 5.1 -0.2
v -0.7 5.1 -0.2
v -0.6 5.1 -0.2
v 0.6 5.1 -0.2
v 0.7 5.1 -0.2
v 1 5.1 -0.2
v 1.1 5.1 -0.2
v -1.1 5.1 -0.3
v -1 5.1 -0.3
v 1 5.1 -0.3
v 1.1 5.1 -0.3
v -0.1 5.1 -0.6
v 0.1 5.1 -0.6
v -0.1 5.1 -0.8
v 0.1 5.1 -0.8
v -0.4 5.2 1.2
v -0.3 5.2 1.2
v 0.3 5.2 1.2
v 0.4 5.2 1.2
v -0.4 5.2 1.1
v -0.3 5.2 1.1
v 0.3 5.2 1.1
v 0.4 5.2 1.1
v -0.8 5.2 1
v -0.6 5.2 1
v 0.6 5.2 1
v 0.8 5.2 1
v -0.8 5.2 0.9
v -0.7 5.2 0.9
v -0.6 5.2 0.9
v 0.6 5.2 0.9
v 0.7 5.2 0.9
v 0.8 5.2 0.9
v -0.8 5.2 -0.9
v -0.7 5.2 -0.9
v -0.6 5.2 -0.9
v 0.6 5.2 -0.9
v 0.7 5.2 -0.9
v 0.8 5.2 -0.9
v -0.8 5.2 -1
v -0.6 5.2 -1
v 0.6 5.2 -1
v 0.8 5.2 -1
v -0.4 5.2 -1.1
v -0.3 5.2 -1.1
v 0.3 5.2 -1.1
v 0.4 5.2 -1.1
v -0.4 5.2 -1.2
v -0.3 5.2 -1.2
v 0.3 5.2 -1.2
v 0.4 5.2 -1.2
v -0.3 5.3 0.6
v -0.2 5.3 0.6
v 0.2 5.3 0.6
v 0.3 5.3 0.6
v -0.3 5.3 0.4
v -0.2 5.3 0.4
v 0.2 5.3 0.4
v 0.3 5.3 0.4
v -0.3 5.3 0.0999999
v -0.2 5.3 0.0999999
v 0.2 5.3 0.0999999
v 0.3 5.3 0.0999999
v -0.3 5.3 -0.1
v -0.2 5.3 -0.1
v 0.2 5.3 -0.1
v 0.3 5.3 -0.1
v -0.3 5.3 -0.4
v -0.2 5.3 -0.4
v 0.2 5.3 -0.4
v 0.3 5.3 -0.4
v -0.3 5.3 -0.6
v -0.2 5.3 -0.6
v 0.2 5.3 -0.6
v 0.3 5.3 -0.6
v -0.4 5.4 1.1
v -0.3 5.4 1.1
v 0.3 5.4 1.1
v 0.4 5.4 1.1
v -0.4 5.4 1
v -0.3 5.4 1
v 0.3 5.4 1
v 0.4 5.4 1
v -0.1 5.4 0.7
v 0.1 5.4 0.7
v -0.1 5.4 0.6
v 0.1 5.4 0.6
v -0.4 5.4 0.2
v -0.3 5.4 0.2
v -0.2 5.4 0.2
v 0.2 5.4 0.2
v 0.3 5.4 0.2
v 0.4 5.4 0.2
v -0.4 5.4 0.0999999
v -0.3 5.4 0.0999999
v -0.2 5.4 0.0999999
v 0.2 5.4 0.0999999
v 0.3 5.4 0.0999999
v 0.4 5.4 0.0999999
v -0.4 5.4 -0.1
v -0.3 5.4 -0.1
v -0.2 5.4 -0.1
v 0.2 5.4 -0.1
v 0.3 5.4 -0.1
v 0.4 5.4 -0.1
v -0.4 5.4 -0.2
v -0.3 5.4 -0.2
v -0.2 5.4 -0.2
v 0.2 5.4 -0.2
v 0.3 5.4 -0.2
v 0.4 5.4 -0.2
v -0.1 5.4 -0.6
v 0.1 5.4 -0.6
v -0.1 5.4 -0.7
v 0.1 5.4 -0.7
v -0.4 5.4 -1
v -0.3 5.4 -1
v 0.3 5.4 -1
v 0.4 5.4 -1
v -0.4 5.4 -1.1
v -0.3 5.4 -1.1
v 0.3 5.4 -1.1
v 0.4 5.4 -1.1
v -0.7 5.6 0.9
v -0.6 5.6 0.9
v 0.6 5.6 0.9
v 0.7 5.6 0.9
v -0.7 5.6 0.8
v -0.6 5.6 0.8
v 0.6 5.6 0.8
v 0.7 5.6 0.8
v -0.7 5.6 -0.8
v -0.6 5.6 -0.8
v 0.6 5.6 -0.8
v 0.7 5.6 -0.8
v -0.7 5.6 -0.9
v -0.6 5.6 -0.9
v 0.6 5.6 -0.9
v 0.7 5.6 -0.9
v -0.2 5.7 0.3
v -0.1 5.7 0.3
v 0.1 5.7 0.3
v 0.2 5.7 0.3
v -0.5 5.7 0.2
v -0.4 5.7 0.2
v -0.3 5.7 0.2
v -0.2 5.7 0.2
v -0.1 5.7 0.2
v 0.1 5.7 0.2
v 0.2 5.7 0.2
v 0.3 5.7 0.2
v 0.4 5.7 0.2
v 0.5 5.7 0.2
v -0.5 5.7 0.0999999
v -0.4 5.7 0.0999999
v -0.3 5.7 0.0999999
v -0.2 5.7 0.0999999
v 0.2 5.7 0.0999999
v 0.3 5.7 0.0999999
v 0.4 5.7 0.0999999
v 0.5 5.7 0.0999999
v -0.5 5.7 -0.1
v -0.4 5.7 -0.1
v -0.3 5.7 -0.1
v -0.2 5.7 -0.1
v 0.2 5.7 -0.1
v 0.3 5.7 -0.1
v 0.4 5.7 -0.1
v 0.5 5.7 -0.1
v -0.5 5.7 -0.2
v -0.4 5.7 -0.2
v -0.3 5.7 -0.2
v -0.2 5.7 -0.2
v -0.1 5.7 -0.2
v 0.1 5.7 -0.2
v 0.2 5.7 -0.2
v 0.3 5.7 -0.2
v 0.4 5.7 -0.2
v 0.5 5.7 -0.2
v -0.2 5.7 -0.3
v -0.1 5.7 -0.3
v 0.1 5.7 -0.3
v 0.2 5.7 -0.3
v -1.1 5.8 0.4
v -1 5.8 0.4
v 1 5.8 0.4
v 1.1 5.8 0.4
v -1.1 5.8 0.3
v -1 5.8 0.3
v 1 5.8 0.3
v 1.1 5.8 0.3
v -1.1 5.8 -0.3
v -1 5.8 -0.3
v 1 5.8 -0.3
v 1.1 5.8 -0.3
v -1.1 5.8 -0.4
v -1 5.8 -0.4
v 1 5.8 -0.4
v 1.1 5.8 -0.4
v -0.8 5.9 0.9
v -0.7 5.9 0.9
v 0.7 5.9 0.9
v 0.8 5.9 0.9
v -0.8 5.9 0.8
v -0.7 5.9 0.8
v 0.7 5.9 0.8
v 0.8 5.9 0.8
v -0.8 5.9 -0.8
v -0.7 5.9 -0.8
v 0.7 5.9 -0.8
v 0.8 5.9 -0.8
v -0.8 5.9 -0.9
v -0.7 5.9 -0.9
v 0.7 5.9 -0.9
v 0.8 5.9 -0.9
v -0.5 6 0.2
v -0.3 6 0.2
v 0.3 6 0.2
v 0.5 6 0.2
v -0.5 6 0.0999999
v -0.3 6 0.0999999
v 0.3 6 0.0999999
v 0.5 6 0.0999999
v -0.5 6 -0.1
v -0.3 6 -0.1
v 0.3 6 -0.1
v 0.5 6 -0.1
v -0.5 6 -0.2
v -0.3 6 -0.2
v 0.3 6 -0.2
v 0.5 6 -0.2
v -0.3 6.1 1.1
v -0.2 6.1 1.1
v 0.2 6.1 1.1
v 0.3 6.1 1.1
v -0.3 6.1 1
v -0.2 6.1 1
v 0.2 6.1 1
v 0.3 6.1 1
v -1.1 6.1 0.3
v -1 6.1 0.3
v 1 6.1 0.3
v 1.1 6.1 0.3
v -1.1 6.1 0.2
v -1 6.1 0.2
v 1 6.1 0.2
v 1.1 6.1 0.2
v -1.1 6.1 -0.2
v -1 6.1 -0.2
v 1 6.1 -0.2
v 1.1 6.1 -0.2
v -1.1 6.1 -0.3
v -1 6.1 -0.3
v 1 6.1 -0.3
v 1.1 6.1 -0.3
v -0.3 6.1 -1
v -0.2 6.1 -1
v 0.2 6.1 -1
v 0.3 6.1 -1
v -0.3 6.1 -1.1
v -0.2 6.1 -1.1
v 0.2 6.1 -1.1
v 0.3 6.1 -1.1
v -0.3 6.2 0.9
v -0.2 6.2 0.9
v 0.2 6.2 0.9
v 0.3 6.2 0.9
v -0.3 6.2 0.8
v -0.2 6.2 0.8
v 0.2 6.2 0.8
v 0.3 6.2 0.8
v -0.3 6.2 0.6
v -0.2 6.2 0.6
v 0.2 6.2 0.6
v 0.3 6.2 0.6
v -0.3 6.2 0.5
v -0.2 6.2 0.5
v 0.2 6.2 0.5
v 0.3 6.2 0.5
v -1 6.2 0.3
v -0.9 6.2 0.3
v 0.9 6.2 0.3
v 1 6.2 0.3
v -1 6.2 0.2
v -0.9 6.2 0.2
v -0.4 6.2 0.2
v -0.3 6.2 0.2
v 0.3 6.2 0.2
v 0.4 6.2 0.2
v 0.9 6.2 0.2
v 1 6.2 0.2
v -1 6.2 -0.2
v -0.9 6.2 -0.2
v -0.4 6.2 -0.2
v -0.3 6.2 -0.2
v 0.3 6.2 -0.2
v 0.4 6.2 -0.2
v 0.9 6.2 -0.2
v 1 6.2 -0.2
v -1 6.2 -0.3
v -0.9 6.2 -0.3
v 0.9 6.2 -0.3
v 1 6.2 -0.3
v -0.3 6.2 -0.5
v -0.2 6.2 -0.5
v 0.2 6.2 -0.5
v 0.3 6.2 -0.5
v -0.3 6.2 -0.6
v -0.2 6.2 -0.6
v 0.2 6.2 -0.6
v 0.3 6.2 -0.6
v -0.3 6.2 -0.8
v -0.2 6.2 -0.8
v 0.2 6.2 -0.8
v 0.3 6.2 -0.8
v -0.3 6.2 -0.9
v -0.2 6.2 -0.9
v 0.2 6.2 -0.9
v 0.3 6.2 -0.9
v -0.4 6.3 1
v -0.3 6.3 1
v 0.3 6.3 1
v 0.4 6.3 1
v -0.4 6.3 0.9
v -0.3 6.3 0.9
v 0.3 6.3 0.9
v 0.4 6.3 0.9
v -0.8 6.3 0.8
v -0.7 6.3 0.8
v 0.7 6.3 0.8
v 0.8 6.3 0.8
v -0.8 6.3 0.7
v -0.7 6.3 0.7
v -0.2 6.3 0.7
v -0.1 6.3 0.7
v 0.1 6.3 0.7
v 0.2 6.3 0.7
v 0.7 6.3 0.7
v 0.8 6.3 0.7
v -0.2 6.3 0.6
v -0.1 6.3 0.6
v 0.1 6.3 0.6
v 0.2 6.3 0.6
v -0.5 6.3 0.4
v -0.4 6.3 0.4
v 0.4 6.3 0.4
v 0.5 6.3 0.4
v -0.5 6.3 0.3
v -0.4 6.3 0.3
v 0.4 6.3 0.3
v 0.5 6.3 0.3
v -0.5 6.3 -0.3
v -0.4 6.3 -0.3
v 0.4 6.3 -0.3
v 0.5 6.3 -0.3
v -0.5 6.3 -0.4
v -0.4 6.3 -0.4
v 0.4 6.3 -0.4
v 0.5 6.3 -0.4
v -0.2 6.3 -0.6
v -0.1 6.3 -0.6
v 0.1 6.3 -0.6
v 0.2 6.3 -0.6
v -0.8 6.3 -0.7
v -0.7 6.3 -0.7
v -0.2 6.3 -0.7
v -0.1 6.3 -0.7
v 0.1 6.3 -0.7
v 0.2 6.3 -0.7
v 0.7 6.3 -0.7
v 0.8 6.3 -0.7
v -0.8 6.3 -0.8
v -0.7 6.3 -0.8
v 0.7 6.3 -0.8
v 0.8 6.3 -0.8
v -0.4 6.3 -0.9
v -0.3 6.3 -0.9
v 0.3 6.3 -0.9
v 0.4 6.3 -0.9
v -0.4 6.3 -1
v -0.3 6.3 -1
v 0.3 6.3 -1
v 0.4 6.3 -1
v -0.3 6.8 1.3
v -0.2 6.8 1.3
v 0.2 6.8 1.3
v 0.3 6.8 1.3
v -0.3 6.8 1.2
v -0.2 6.8 1.2
v 0.2 6.8 1.2
v 0.3 6.8 1.2
v -0.3 6.8 -1.2
v -0.2 6.8 -1.2
v 0.2 6.8 -1.2
v 0.3 6.8 -1.2
v -0.3 6.8 -1.3
v -0.2 6.8 -1.3
v 0.2 6.8 -1.3
v 0.3 6.8 -1.3
v -0.2 6.9 1.3
v -0.1 6.9 1.3
v 0.1 6.9 1.3
v 0.2 6.9 1.3
v -0.4 6.9 1.2
v -0.3 6.9 1.2
v -0.2 6.9 1.2
v -0.1 6.9 1.2
v 0.1 6.9 1.2
v 0.2 6.9 1.2
v 0.3 6.9 1.2
v 0.4 6.9 1.2
v -0.7 6.9 1.1
v -0.6 6.9 1.1
v -0.4 6.9 1.1
v -0.3 6.9 1.1
v 0.3 6.9 1.1
v 0.4 6.9 1.1
v 0.6 6.9 1.1
v 0.7 6.9 1.1
v -0.8 6.9 1
v -0.7 6.9 1
v -0.6 6.9 1
v 0.6 6.9 1
v 0.7 6.9 1
v 0.8 6.9 1
v -0.8 6.9 0.9
v -0.7 6.9 0.9
v 0.7 6.9 0.9
v 0.8 6.9 0.9
v -1.1 6.9 0.8
v -1 6.9 0.8
v 1 6.9 0.8
v 1.1 6.9 0.8
v -1.1 6.9 0.7
v -1 6.9 0.7
v 1 6.9 0.7
v 1.1 6.9 0.7
v -1.1 6.9 -0.7
v -1 6.9 -0.7
v 1 6.9 -0.7
v 1.1 6.9 -0.7
v -1.1 6.9 -0.8
v -1 6.9 -0.8
v 1 6.9 -0.8
v 1.1 6.9 -0.8
v -0.8 6.9 -0.9
v -0.7 6.9 -0.9
v 0.7 6.9 -0.9
v 0.8 6.9 -0.9
v -0.8 6.9 -1
v -0.7 6.9 -1
v -0.6 6.9 -1
v 0.6 6.9 -1
v 0.7 6.9 -1
v 0.8 6.9 -1
v -0.7 6.9 -1.1
v -0.6 6.9 -1.1
v -0.4 6.9 -1.1
v -0.3 6.9 -1.1
v 0.3 6.9 -1.1
v 0.4 6.9 -1.1
v 0.6 6.9 -1.1
v 0.7 6.9 -1.1
v -0.4 6.9 -1.2
v -0.3 6.9 -1.2
v -0.2 6.9 -1.2
v -0.1 6.9 -1.2
v 0.1 6.9 -1.2
v 0.2 6.9 -1.2
v 0.3 6.9 -1.2
v 0.4 6.9 -1.2
v -0.2 6.9 -1.3
v -0.1 6.9 -1.3
v 0.1 6.9 -1.3
v 0.2 6.9 -1.3
v -0.3 7 1.2
v 0.3 7 1.2
v -0.6 7 1.1
v -0.5 7 1.1
v -0.3 7 1.1
v 0.3 7 1.1
v 0.5 7 1.1
v 0.6 7 1.1
v -0.7 7 1
v -0.6 7 1
v -0.5 7 1
v 0.5 7 1
v 0.6 7 1
v 0.7 7 1
v -0.7 7 0.9
v -0.6 7 0.9
v 0.6 7 0.9
v 0.7 7 0.9
v -0.7 7 -0.9
v -0.6 7 -0.9
v 0.6 7 -0.9
v 0.7 7 -0.9
v -0.7 7 -1
v -0.6 7 -1
v -0.5 7 -1
v 0.5 7 -1
v 0.6 7 -1
v 0.7 7 -1
v -0.6 7 -1.1
v -0.5 7 -1.1
v -0.3 7 -1.1
v 0.3 7 -1.1
v 0.5 7 -1.1
v 0.6 7 -1.1
v -0.3 7 -1.2
v 0.3 7 -1.2
v -0.5 7.1 1.1
v -0.4 7.1 1.1
v 0.4 7.1 1.1
v 0.5 7.1 1.1
v -0.5 7.1 1
v -0.4 7.1 1
v 0.4 7.1 1
v 0.5 7.1 1
v -0.9 7.1 0.9
v -0.6 7.1 0.9
v 0.6 7.1 0.9
v 0.9 7.1 0.9
v -1 7.1 0.8
v -0.9 7.1 0.8
v -0.6 7.1 0.8
v 0.6 7.1 0.8
v 0.9 7.1 0.8
v 1 7.1 0.8
v -1.2 7.1 0.7
v -1 7.1 0.7
v 1 7.1 0.7
v 1.2 7.1 0.7
v -1.3 7.1 0.6
v -1.2 7.1 0.6
v -0.9 7.1 0.6
v 0.9 7.1 0.6
v 1.2 7.1 0.6
v 1.3 7.1 0.6
v -1.4 7.1 0.3
v -1.3 7.1 0.3
v -1.2 7.1 0.3
v 1.2 7.1 0.3
v 1.3 7.1 0.3
v 1.4 7.1 0.3
v -1.4 7.1 -0.3
v -1.3 7.1 -0.3
v -1.2 7.1 -0.3
v 1.2 7.1 -0.3
v 1.3 7.1 -0.3
v 1.4 7.1 -0.3
v -1.3 7.1 -0.6
v -1.2 7.1 -0.6
v -0.9 7.1 -0.6
v 0.9 7.1 -0.6
v 1.2 7.1 -0.6
v 1.3 7.1 -0.6
v -1.2 7.1 -0.7
v -1 7.1 -0.7
v 1 7.1 -0.7
v 1.2 7.1 -0.7
v -1 7.1 -0.8
v -0.9 7.1 -0.8
v -0.6 7.1 -0.8
v 0.6 7.1 -0.8
v 0.9 7.1 -0.8
v 1 7.1 -0.8
v -0.9 7.1 -0.9
v -0.6 7.1 -0.9
v 0.6 7.1 -0.9
v 0.9 7.1 -0.9
v -0.5 7.1 -1
v -0.4 7.1 -1
v 0.4 7.1 -1
v 0.5 7.1 -1
v -0.5 7.1 -1.1
v -0.4 7.1 -1.1
v 0.4 7.1 -1.1
v 0.5 7.1 -1.1
v -0.4 7.2 1.1
v 0.4 7.2 1.1
v -0.6 7.2 1
v -0.4 7.2 1
v 0.4 7.2 1
v 0.6 7.2 1
v -0.9 7.2 0.8
v -0.6 7.2 0.8
v -0.4 7.2 0.8
v 0.4 7.2 0.8
v 0.6 7.2 0.8
v 0.9 7.2 0.8
v -0.8 7.2 0.7
v -0.6 7.2 0.7
v 0.6 7.2 0.7
v 0.8 7.2 0.7
v -1.2 7.2 0.6
v -0.9 7.2 0.6
v -0.8 7.2 0.6
v 0.8 7.2 0.6
v 0.9 7.2 0.6
v 1.2 7.2 0.6
v -1 7.2 0.5
v -0.9 7.2 0.5
v 0.9 7.2 0.5
v 1 7.2 0.5
v -1.1 7.2 0.4
v -1 7.2 0.4
v 1 7.2 0.4
v 1.1 7.2 0.4
v -1.3 7.2 0.3
v -1.2 7.2 0.3
v 1.2 7.2 0.3
v 1.3 7.2 0.3
v -1.3 7.2 -0.3
v -1.2 7.2 -0.3
v 1.2 7.2 -0.3
v 1.3 7.2 -0.3
v -1.1 7.2 -0.4
v -1 7.2 -0.4
v 1 7.2 -0.4
v 1.1 7.2 -0.4
v -1 7.2 -0.5
v -0.9 7.2 -0.5
v 0.9 7.2 -0.5
v 1 7.2 -0.5
v -1.2 7.2 -0.6
v -0.9 7.2 -0.6
v -0.8 7.2 -0.6
v 0.8 7.2 -0.6
v 0.9 7.2 -0.6
v 1.2 7.2 -0.6
v -0.8 7.2 -0.7
v -0.6 7.2 -0.7
v 0.6 7.2 -0.7
v 0.8 7.2 -0.7
v -0.9 7.2 -0.8
v -0.6 7.2 -0.8
v -0.4 7.2 -0.8
v 0.4 7.2 -0.8
v 0.6 7.2 -0.8
v 0.9 7.2 -0.8
v -0.6 7.2 -1
v -0.4 7.2 -1
v 0.4 7.2 -1
v 0.6 7.2 -1
v -0.4 7.2 -1.1
v 0.4 7.2 -1.1
v -0.4 7.3 1
v -0.3 7.3 1
v 0.3 7.3 1
v 0.4 7.3 1
v -0.4 7.3 0.9
v -0.3 7.3 0.9
v 0.3 7.3 0.9
v 0.4 7.3 0.9
v -0.6 7.3 0.8
v -0.5 7.3 0.8
v 0.5 7.3 0.8
v 0.6 7.3 0.8
v -0.8 7.3 0.7
v -0.7 7.3 0.7
v -0.6 7.3 0.7
v -0.5 7.3 0.7
v 0.5 7.3 0.7
v 0.6 7.3 0.7
v 0.7 7.3 0.7
v 0.8 7.3 0.7
v -0.9 7.3 0.6
v -0.8 7.3 0.6
v -0.7 7.3 0.6
v 0.7 7.3 0.6
v 0.8 7.3 0.6
v 0.9 7.3 0.6
v -1 7.3 0.5
v -0.9 7.3 0.5
v -0.8 7.3 0.5
v 0.8 7.3 0.5
v 0.9 7.3 0.5
v 1 7.3 0.5
v -1.1 7.3 0.4
v -1 7.3 0.4
v -0.9 7.3 0.4
v 0.9 7.3 0.4
v 1 7.3 0.4
v 1.1 7.3 0.4
v -1.1 7.3 0.3
v -1 7.3 0.3
v 1 7.3 0.3
v 1.1 7.3 0.3
v -1.1 7.3 -0.3
v -1 7.3 -0.3
v 1 7.3 -0.3
v 1.1 7.3 -0.3
v -1.1 7.3 -0.4
v -1 7.3 -0.4
v -0.9 7.3 -0.4
v 0.9 7.3 -0.4
v 1 7.3 -0.4
v 1.1 7.3 -0.4
v -1 7.3 -0.5
v -0.9 7.3 -0.5
v -0.8 7.3 -0.5
v 0.8 7.3 -0.5
v 0.9 7.3 -0.5
v 1 7.3 -0.5
v -0.9 7.3 -0.6
v -0.8 7.3 -0.6
v -0.7 7.3 -0.6
v 0.7 7.3 -0.6
v 0.8 7.3 -0.6
v 0.9 7.3 -0.6
v -0.8 7.3 -0.7
v -0.7 7.3 -0.7
v -0.6 7.3 -0.7
v -0.5 7.3 -0.7
v 0.5 7.3 -0.7
v 0.6 7.3 -0.7
v 0.7 7.3 -0.7
v 0.8 7.3 -0.7
v -0.6 7.3 -0.8
v -0.5 7.3 -0.8
v 0.5 7.3 -0.8
v 0.6 7.3 -0.8
v -0.4 7.3 -0.9
v -0.3 7.3 -0.9
v 0.3 7.3 -0.9
v 0.4 7.3 -0.9
v -0.4 7.3 -1
v -0.3 7.3 -1
v 0.3 7.3 -1
v 0.4 7.3 -1
v -0.3 7.4 1
v 0.3 7.4 1
v -0.4 7.4 0.9
v -0.3 7.4 0.9
v 0.3 7.4 0.9
v 0.4 7.4 0.9
v -0.5 7.4 0.8
v -0.4 7.4 0.8
v -0.3 7.4 0.8
v 0.3 7.4 0.8
v 0.4 7.4 0.8
v 0.5 7.4 0.8
v -0.7 7.4 0.7
v -0.6 7.4 0.7
v -0.5 7.4 0.7
v -0.4 7.4 0.7
v 0.4 7.4 0.7
v 0.5 7.4 0.7
v 0.6 7.4 0.7
v 0.7 7.4 0.7
v -0.7 7.4 0.6
v -0.6 7.4 0.6
v 0.6 7.4 0.6
v 0.7 7.4 0.6
v -1.1 7.4 0.3
v -1 7.4 0.3
v 1 7.4 0.3
v 1.1 7.4 0.3
v -1.1 7.4 -0.3
v -1 7.4 -0.3
v 1 7.4 -0.3
v 1.1 7.4 -0.3
v -0.7 7.4 -0.6
v -0.6 7.4 -0.6
v 0.6 7.4 -0.6
v 0.7 7.4 -0.6
v -0.7 7.4 -0.7
v -0.6 7.4 -0.7
v -0.5 7.4 -0.7
v -0.4 7.4 -0.7
v 0.4 7.4 -0.7
v 0.5 7.4 -0.7
v 0.6 7.4 -0.7
v 0.7 7.4 -0.7
v -0.5 7.4 -0.8
v -0.4 7.4 -0.8
v -0.3 7.4 -0.8
v 0.3 7.4 -0.8
v 0.4 7.4 -0.8
v 0.5 7.4 -0.8
v -0.4 7.4 -0.9
v -0.3 7.4 -0.9
v 0.3 7.4 -0.9
v 0.4 7.4 -0.9
v -0.3 7.4 -1
v 0.3 7.4 -1
v -0.3 7.5 0.9
v -0.2 7.5 0.9
v 0.2 7.5 0.9
v 0.3 7.5 0.9
v -0.3 7.5 0.8
v -0.2 7.5 0.8
v 0.2 7.5 0.8
v 0.3 7.5 0.8
v -0.6 7.5 0.7
v -0.5 7.5 0.7
v 0.5 7.5 0.7
v 0.6 7.5 0.7
v -0.8 7.5 0.6
v -0.7 7.5 0.6
v -0.6 7.5 0.6
v -0.5 7.5 0.6
v 0.5 7.5 0.6
v 0.6 7.5 0.6
v 0.7 7.5 0.6
v 0.8 7.5 0.6
v -0.9 7.5 0.5
v -0.8 7.5 0.5
v -0.7 7.5 0.5
v 0.7 7.5 0.5
v 0.8 7.5 0.5
v 0.9 7.5 0.5
v -1 7.5 0.4
v -0.9 7.5 0.4
v 0.9 7.5 0.4
v 1 7.5 0.4
v -0.9 7.5 0.3
v -0.8 7.5 0.3
v 0.8 7.5 0.3
v 0.9 7.5 0.3
v -1 7.5 0.2
v -0.9 7.5 0.2
v 0.9 7.5 0.2
v 1 7.5 0.2
v -1 7.5 -0.2
v -0.9 7.5 -0.2
v 0.9 7.5 -0.2
v 1 7.5 -0.2
v -0.9 7.5 -0.3
v -0.8 7.5 -0.3
v 0.8 7.5 -0.3
v 0.9 7.5 -0.3
v -1 7.5 -0.4
v -0.9 7.5 -0.4
v 0.9 7.5 -0.4
v 1 7.5 -0.4
v -0.9 7.5 -0.5
v -0.8 7.5 -0.5
v -0.7 7.5 -0.5
v 0.7 7.5 -0.5
v 0.8 7.5 -0.5
v 0.9 7.5 -0.5
v -0.8 7.5 -0.6
v -0.7 7.5 -0.6
v -0.6 7.5 -0.6
v -0.5 7.5 -0.6
v 0.5 7.5 -0.6
v 0.6 7.5 -0.6
v 0.7 7.5 -0.6
v 0.8 7.5 -0.6
v -0.6 7.5 -0.7
v -0.5 7.5 -0.7
v 0.5 7.5 -0.7
v 0.6 7.5 -0.7
v -0.3 7.5 -0.8
v -0.2 7.5 -0.8
v 0.2 7.5 -0.8
v 0.3 7.5 -0.8
v -0.3 7.5 -0.9
v -0.2 7.5 -0.9
v 0.2 7.5 -0.9
v 0.3 7.5 -0.9
v -0.2 7.6 0.9
v 0.2 7.6 0.9
v -0.4 7.6 0.8
v -0.2 7.6 0.8
v 0.2 7.6 0.8
v 0.4 7.6 0.8
v -0.5 7.6 0.7
v -0.4 7.6 0.7
v 0.4 7.6 0.7
v 0.5 7.6 0.7
v -0.7 7.6 0.6
v -0.5 7.6 0.6
v 0.5 7.6 0.6
v 0.7 7.6 0.6
v -0.8 7.6 0.5
v -0.7 7.6 0.5
v 0.7 7.6 0.5
v 0.8 7.6 0.5
v -0.9 7.6 0.3
v -0.8 7.6 0.3
v 0.8 7.6 0.3
v 0.9 7.6 0.3
v -1 7.6 0.2
v -0.9 7.6 0.2
v 0.9 7.6 0.2
v 1 7.6 0.2
v -1 7.6 -0.2
v -0.9 7.6 -0.2
v 0.9 7.6 -0.2
v 1 7.6 -0.2
v -0.9 7.6 -0.3
v -0.8 7.6 -0.3
v 0.8 7.6 -0.3
v 0.9 7.6 -0.3
v -0.8 7.6 -0.5
v -0.7 7.6 -0.5
v 0.7 7.6 -0.5
v 0.8 7.6 -0.5
v -0.7 7.6 -0.6
v -0.5 7.6 -0.6
v 0.5 7.6 -0.6
v 0.7 7.6 -0.6
v -0.5 7.6 -0.7
v -0.4 7.6 -0.7
v 0.4 7.6 -0.7
v 0.5 7.6 -0.7
v -0.4 7.6 -0.8
v -0.2 7.6 -0.8
v 0.2 7.6 -0.8
v 0.4 7.6 -0.8
v -0.2 7.6 -0.9
v 0.2 7.6 -0.9

# faces
f 5/7/1 2/7/1 1/7/1
f 6/7/1 2/7/1 5/7/1
f 9/7/1 4/7/1 3/7/1
f 10/7/1 4/7/1 9/7/1
f 11/7/1 7/7/1 6/7/1
f 12/7/1 7/7/1 11/7/1
f 13/7/1 9/7/1 8/7/1
f 14/7/1 9/7/1 13/7/1
f 17/3/1 16/3/1 15/3/1
f 18/3/1 16/3/1 17/3/1
f 23/7/1 20/7/1 19/7/1
f 24/7/1 20/7/1 23/7/1
f 27/7/1 22/7/1 21/7/1
f 28/7/1 22/7/1 27/7/1
f 29/7/1 25/7/1 24/7/1
f 30/7/1 25/7/1 29/7/1
f 31/7/1 27/7/1 26/7/1
f 32/7/1 27/7/1 31/7/1
f 37/7/1 34/7/1 33/7/1
f 38/7/1 34/7/1 37/7/1
f 39/7/1 36/7/1 35/7/1
f 40/7/1 36/7/1 39/7/1
f 49/3/1 42/3/1 41/3/1
f 49/6/1 43/6/1 42/6/1
f 50/3/1 44/3/1 43/3/1
f 50/6/1 43/6/1 49/6/1
f 51/5/1 45/5/1 44/5/1
f 52/5/1 45/5/1 51/5/1
f 53/6/1 47/6/1 46/6/1
f 53/3/1 46/3/1 45/3/1
f 54/3/1 48/3/1 47/3/1
f 54/6/1 47/6/1 53/6/1
f 55/3/1 44/3/1 50/3/1
f 55/3/1 50/3/1 49/3/1
f 56/5/1 51/5/1 44/5/1
f 56/3/1 44/3/1 55/3/1
f 57/3/1 52/3/1 51/3/1
f 57/5/1 51/5/1 56/5/1
f 58/5/1 45/5/1 52/5/1
f 58/3/1 52/3/1 57/3/1
f 59/3/1 53/3/1 45/3/1
f 59/5/1 45/5/1 58/5/1
f 59/3/1 54/3/1 53/3/1
f 60/3/1 54/3/1 59/3/1
f 61/3/1 55/3/1 49/3/1
f 61/3/1 49/3/1 41/3/1
f 62/3/1 55/3/1 61/3/1
f 63/3/1 54/3/1 60/3/1
f 64/3/1 48/3/1 54/3/1
f 64/3/1 54/3/1 63/3/1
f 65/3/1 63/3/1 62/3/1
f 66/3/1 63/3/1 65/3/1
f 71/7/1 68/7/1 67/7/1
f 72/7/1 68/7/1 71/7/1
f 73/7/1 70/7/1 69/7/1
f 74/7/1 70/7/1 73/7/1
f 79/7/1 76/7/1 75/7/1
f 80/7/1 76/7/1 79/7/1
f 81/7/1 78/7/1 77/7/1
f 82/7/1 78/7/1 81/7/1
f 87/5/1 84/5/1 83/5/1
f 88/5/1 84/5/1 87/5/1
f 91/5/1 86/5/1 85/5/1
f 92/5/1 86/5/1 91/5/1
f 93/5/1 90/5/1 89/5/1
f 94/5/1 90/5/1 93/5/1
f 95/3/1 92/3/1 91/3/1
f 96/3/1 92/3/1 95/3/1
f 99/3/1 94/3/1 93/3/1
f 100/3/1 94/3/1 99/3/1
f 101/3/1 97/3/1 96/3/1
f 102/3/1 97/3/1 101/3/1
f 103/3/1 99/3/1 98/3/1
f 104/3/1 99/3/1 103/3/1
f 109/7/1 106/7/1 105/7/1
f 110/7/1 108/7/1 107/7/1
f 111/7/1 106/7/1 109/7/1
f 112/7/1 106/7/1 111/7/1
f 113/7/1 110/7/1 107/7/1
f 114/7/1 110/7/1 113/7/1
f 120/7/1 116/7/1 115/7/1
f 121/7/1 118/7/1 117/7/1
f 123/7/1 120/7/1 119/7/1
f 123/7/1 116/7/1 120/7/1
f 124/7/1 116/7/1 123/7/1
f 125/7/1 122/7/1 121/7/1
f 125/7/1 121/7/1 117/7/1
f 126/7/1 122/7/1 125/7/1
f 127/7/1 123/7/1 119/7/1
f 130/7/1 122/7/1 126/7/1
f 131/7/1 128/7/1 127/7/1
f 131/7/1 127/7/1 119/7/1
f 132/7/1 128/7/1 131/7/1
f 133/7/1 130/7/1 129/7/1
f 133/7/1 122/7/1 130/7/1
f 134/7/1 122/7/1 133/7/1
f 135/7/1 128/7/1 132/7/1
f 136/7/1 128/7/1 135/7/1
f 137/7/1 133/7/1 129/7/1
f 138/7/1 133/7/1 137/7/1
f 145/6/1 141/6/1 140/6/1
f 150/6/1 143/6/1 142/6/1
f 151/6/1 145/6/1 140/6/1
f 151/5/1 146/5/1 145/5/1
f 152/6/1 147/6/1 146/6/1
f 152/5/1 146/5/1 151/5/1
f 153/6/1 147/6/1 152/6/1
f 154/6/1 149/6/1 148/6/1
f 155/5/1 150/5/1 149/5/1
f 155/6/1 149/6/1 154/6/1
f 156/6/1 143/6/1 150/6/1
f 156/5/1 150/5/1 155/5/1
f 157/5/1 140/5/1 139/5/1
f 158/6/1 151/6/1 140/6/1
f 158/5/1 140/5/1 157/5/1
f 159/3/1 153/3/1 152/3/1
f 159/6/1 151/6/1 158/6/1
f 159/3/1 152/3/1 151/3/1
f 160/3/1 153/3/1 159/3/1
f 161/3/1 153/3/1 160/3/1
f 162/3/1 155/3/1 154/3/1
f 162/3/1 156/3/1 155/3/1
f 163/3/1 156/3/1 162/3/1
f 164/6/1 143/6/1 156/6/1
f 164/3/1 156/3/1 163/3/1
f 165/5/1 144/5/1 143/5/1
f 165/6/1 143/6/1 164/6/1
f 166/5/1 144/5/1 165/5/1
f 171/3/1 168/3/1 167/3/1
f 172/3/1 168/3/1 171/3/1
f 173/3/1 170/3/1 169/3/1
f 174/3/1 170/3/1 173/3/1
f 177/3/1 176/3/1 175/3/1
f 178/3/1 176/3/1 177/3/1
f 179/3/1 176/3/1 178/3/1
f 180/3/1 176/3/1 179/3/1
f 181/3/1 179/3/1 178/3/1
f 182/3/1 179/3/1 181/3/1
f 187/7/1 184/7/1 183/7/1
f 188/7/1 184/7/1 187/7/1
f 189/7/1 186/7/1 185/7/1
f 190/7/1 186/7/1 189/7/1
f 195/7/1 192/7/1 191/7/1
f 196/7/1 192/7/1 195/7/1
f 197/7/1 194/7/1 193/7/1
f 198/7/1 194/7/1 197/7/1
f 205/7/1 200/7/1 199/7/1
f 205/7/1 201/7/1 200/7/1
f 206/7/1 201/7/1 205/7/1
f 207/7/1 204/7/1 203/7/1
f 207/7/1 203/7/1 202/7/1
f 208/7/1 204/7/1 207/7/1
f 211/7/1 201/7/1 206/7/1
f 212/7/1 201/7/1 211/7/1
f 213/7/1 207/7/1 202/7/1
f 214/7/1 207/7/1 213/7/1
f 217/5/1 210/5/1 209/5/1
f 218/5/1 210/5/1 217/5/1
f 219/5/1 216/5/1 215/5/1
f 220/5/1 216/5/1 219/5/1
f 222/3/1 218/3/1 217/3/1
f 223/3/1 218/3/1 222/3/1
f 224/3/1 220/3/1 219/3/1
f 225/3/1 220/3/1 224/3/1
f 227/5/1 222/5/1 221/5/1
f 228/5/1 222/5/1 227/5/1
f 229/5/1 226/5/1 225/5/1
f 230/5/1 226/5/1 229/5/1
f 235/3/1 232/3/1 231/3/1
f 236/3/1 232/3/1 235/3/1
f 237/3/1 234/3/1 233/3/1
f 238/3/1 234/3/1 237/3/1
f 243/3/1 240/3/1 239/3/1
f 244/3/1 240/3/1 243/3/1
f 247/3/1 242/3/1 241/3/1
f 248/3/1 242/3/1 247/3/1
f 249/3/1 245/3/1 244/3/1
f 250/3/1 247/3/1 246/3/1
f 251/3/1 249/3/1 244/3/1
f 251/3/1 250/3/1 249/3/1
f 252/3/1 250/3/1 251/3/1
f 253/3/1 250/3/1 252/3/1
f 254/3/1 247/3/1 250/3/1
f 254/3/1 250/3/1 253/3/1
f 255/3/1 253/3/1 252/3/1
f 256/3/1 253/3/1 255/3/1
f 261/7/1 258/7/1 257/7/1
f 262/7/1 258/7/1 261/7/1
f 263/7/1 260/7/1 259/7/1
f 264/7/1 260/7/1 263/7/1
f 269/7/1 266/7/1 265/7/1
f 270/7/1 266/7/1 269/7/1
f 273/7/1 268/7/1 267/7/1
f 274/7/1 268/7/1 273/7/1
f 275/7/1 271/7/1 270/7/1
f 276/7/1 271/7/1 275/7/1
f 277/7/1 273/7/1 272/7/1
f 278/7/1 273/7/1 277/7/1
f 283/7/1 280/7/1 279/7/1
f 284/7/1 280/7/1 283/7/1
f 285/7/1 282/7/1 281/7/1
f 286/7/1 282/7/1 285/7/1
f 289/1/1 288/1/1 287/1/1
f 290/1/1 288/1/1 289/1/1
f 297/4/1 292/4/1 291/4/1
f 298/4/1 292/4/1 297/4/1
f 299/4/1 294/4/1 293/4/1
f 300/4/1 294/4/1 299/4/1
f 303/5/1 296/5/1 295/5/1
f 304/5/1 296/5/1 303/5/1
f 305/5/1 302/5/1 301/5/1
f 306/5/1 302/5/1 305/5/1
f 311/6/1 308/6/1 307/6/1
f 312/6/1 308/6/1 311/6/1
f 313/6/1 310/6/1 309/6/1
f 314/6/1 310/6/1 313/6/1
f 315/3/1 312/3/1 311/3/1
f 316/3/1 312/3/1 315/3/1
f 319/3/1 314/3/1 313/3/1
f 320/3/1 314/3/1 319/3/1
f 321/3/1 317/3/1 316/3/1
f 322/3/1 317/3/1 321/3/1
f 325/3/1 319/3/1 318/3/1
f 326/3/1 319/3/1 325/3/1
f 327/3/1 323/3/1 322/3/1
f 328/3/1 323/3/1 327/3/1
f 331/3/1 325/3/1 324/3/1
f 332/3/1 325/3/1 331/3/1
f 333/3/1 329/3/1 328/3/1
f 334/3/1 329/3/1 333/3/1
f 339/3/1 331/3/1 330/3/1
f 340/3/1 331/3/1 339/3/1
f 341/3/1 336/3/1 335/3/1
f 342/3/1 336/3/1 341/3/1
f 343/3/1 338/3/1 337/3/1
f 344/3/1 338/3/1 343/3/1
f 349/7/1 346/7/1 345/7/1
f 350/7/1 346/7/1 349/7/1
f 351/7/1 348/7/1 347/7/1
f 352/7/1 348/7/1 351/7/1
f 361/7/1 354/7/1 353/7/1
f 362/1/1 356/1/1 355/1/1
f 363/1/1 356/1/1 362/1/1
f 364/1/1 358/1/1 357/1/1
f 365/1/1 358/1/1 364/1/1
f 366/7/1 360/7/1 359/7/1
f 369/7/1 354/7/1 361/7/1
f 372/1/1 368/1/1 367/1/1
f 373/1/1 368/1/1 372/1/1
f 376/7/1 366/7/1 359/7/1
f 377/7/1 370/7/1 369/7/1
f 377/7/1 369/7/1 361/7/1
f 378/7/1 370/7/1 377/7/1
f 379/1/1 372/1/1 371/1/1
f 380/1/1 372/1/1 379/1/1
f 381/1/1 374/1/1 373/1/1
f 382/1/1 374/1/1 381/1/1
f 383/7/1 376/7/1 375/7/1
f 383/7/1 366/7/1 376/7/1
f 384/7/1 366/7/1 383/7/1
f 385/1/1 381/1/1 380/1/1
f 386/1/1 381/1/1 385/1/1
f 387/7/1 370/7/1 378/7/1
f 392/7/1 383/7/1 375/7/1
f 393/7/1 388/7/1 387/7/1
f 393/7/1 387/7/1 378/7/1
f 394/7/1 388/7/1 393/7/1
f 395/7/1 392/7/1 391/7/1
f 395/7/1 383/7/1 392/7/1
f 396/7/1 383/7/1 395/7/1
f 397/1/1 390/1/1 389/1/1
f 398/1/1 390/1/1 397/1/1
f 399/7/1 388/7/1 394/7/1
f 400/7/1 388/7/1 399/7/1
f 401/7/1 395/7/1 391/7/1
f 402/7/1 395/7/1 401/7/1
f 407/7/1 404/7/1 403/7/1
f 410/7/1 406/7/1 405/7/1
f 411/7/1 408/7/1 407/7/1
f 411/7/1 407/7/1 403/7/1
f 412/7/1 408/7/1 411/7/1
f 413/7/1 410/7/1 409/7/1
f 413/7/1 406/7/1 410/7/1
f 414/7/1 406/7/1 413/7/1
f 415/7/1 408/7/1 412/7/1
f 420/7/1 413/7/1 409/7/1
f 421/7/1 415/7/1 412/7/1
f 421/7/1 416/7/1 415/7/1
f 422/7/1 416/7/1 421/7/1
f 427/7/1 420/7/1 419/7/1
f 427/7/1 413/7/1 420/7/1
f 428/7/1 413/7/1 427/7/1
f 429/7/1 416/7/1 422/7/1
f 430/7/1 416/7/1 429/7/1
f 431/4/1 424/4/1 423/4/1
f 432/4/1 424/4/1 431/4/1
f 433/4/1 426/4/1 425/4/1
f 434/4/1 426/4/1 433/4/1
f 435/7/1 427/7/1 419/7/1
f 436/7/1 427/7/1 435/7/1
f 439/1/1 432/1/1 431/1/1
f 440/1/1 432/1/1 439/1/1
f 441/1/1 418/1/1 417/1/1
f 442/1/1 418/1/1 441/1/1
f 443/1/1 434/1/1 433/1/1
f 444/1/1 434/1/1 443/1/1
f 447/6/1 438/6/1 437/6/1
f 448/6/1 438/6/1 447/6/1
f 449/6/1 446/6/1 445/6/1
f 450/6/1 446/6/1 449/6/1
f 455/3/1 452/3/1 451/3/1
f 456/3/1 452/3/1 455/3/1
f 457/3/1 454/3/1 453/3/1
f 458/3/1 454/3/1 457/3/1
f 463/3/1 460/3/1 459/3/1
f 464/3/1 460/3/1 463/3/1
f 467/3/1 462/3/1 461/3/1
f 468/3/1 462/3/1 467/3/1
f 469/3/1 465/3/1 464/3/1
f 470/3/1 465/3/1 469/3/1
f 473/3/1 467/3/1 466/3/1
f 474/3/1 467/3/1 473/3/1
f 475/3/1 471/3/1 470/3/1
f 476/3/1 471/3/1 475/3/1
f 477/3/1 473/3/1 472/3/1
f 478/3/1 473/3/1 477/3/1
f 483/7/1 480/7/1 479/7/1
f 484/7/1 482/7/1 481/7/1
f 485/7/1 480/7/1 483/7/1
f 486/7/1 480/7/1 485/7/1
f 487/7/1 484/7/1 481/7/1
f 488/7/1 484/7/1 487/7/1
f 492/1/1 490/1/1 489/1/1
f 493/1/1 490/1/1 492/1/1
f 495/1/1 492/1/1 491/1/1
f 496/1/1 492/1/1 495/1/1
f 497/1/1 494/1/1 493/1/1
f 498/1/1 494/1/1 497/1/1
f 504/1/1 502/1/1 501/1/1
f 505/1/1 500/1/1 499/1/1
f 506/1/1 500/1/1 505/1/1
f 507/1/1 504/1/1 503/1/1
f 508/1/1 502/1/1 504/1/1
f 508/1/1 504/1/1 507/1/1
f 509/1/1 502/1/1 508/1/1
f 511/1/1 507/1/1 506/1/1
f 511/1/1 508/1/1 507/1/1
f 512/1/1 508/1/1 511/1/1
f 515/1/1 511/1/1 510/1/1
f 515/1/1 513/1/1 512/1/1
f 515/1/1 512/1/1 511/1/1
f 516/1/1 513/1/1 515/1/1
f 518/1/1 516/1/1 515/1/1
f 518/1/1 517/1/1 516/1/1
f 518/1/1 515/1/1 514/1/1
f 519/1/1 517/1/1 518/1/1
f 520/1/1 517/1/1 519/1/1
f 521/1/1 517/1/1 520/1/1
f 523/1/1 520/1/1 519/1/1
f 524/1/1 520/1/1 523/1/1
f 527/1/1 523/1/1 522/1/1
f 527/1/1 525/1/1 524/1/1
f 527/1/1 524/1/1 523/1/1
f 528/1/1 525/1/1 527/1/1
f 530/1/1 528/1/1 527/1/1
f 530/1/1 529/1/1 528/1/1
f 530/1/1 527/1/1 526/1/1
f 531/1/1 529/1/1 530/1/1
f 532/1/1 529/1/1 531/1/1
f 533/1/1 529/1/1 532/1/1
f 534/1/1 529/1/1 533/1/1
f 535/1/1 529/1/1 534/1/1
f 537/1/1 532/1/1 531/1/1
f 538/1/1 532/1/1 537/1/1
f 539/1/1 534/1/1 533/1/1
f 540/1/1 534/1/1 539/1/1
f 542/1/1 537/1/1 536/1/1
f 543/1/1 537/1/1 542/1/1
f 544/1/1 541/1/1 540/1/1
f 545/1/1 541/1/1 544/1/1
f 550/1/1 547/1/1 546/1/1
f 550/1/1 549/1/1 548/1/1
f 550/1/1 548/1/1 547/1/1
f 551/1/1 549/1/1 550/1/1
f 552/1/1 550/1/1 546/1/1
f 553/1/1 550/1/1 552/1/1
f 554/1/1 549/1/1 551/1/1
f 555/1/1 549/1/1 554/1/1
f 556/1/1 554/1/1 553/1/1
f 557/1/1 554/1/1 556/1/1
f 564/1/1 559/1/1 558/1/1
f 565/1/1 559/1/1 564/1/1
f 566/1/1 561/1/1 560/1/1
f 567/1/1 561/1/1 566/1/1
f 570/7/1 563/7/1 562/7/1
f 571/7/1 569/7/1 568/7/1
f 574/7/1 563/7/1 570/7/1
f 575/7/1 563/7/1 574/7/1
f 577/1/1 573/1/1 572/1/1
f 578/1/1 573/1/1 577/1/1
f 580/7/1 571/7/1 568/7/1
f 581/7/1 571/7/1 580/7/1
f 584/1/1 579/1/1 578/1/1
f 584/1/1 577/1/1 576/1/1
f 584/1/1 578/1/1 577/1/1
f 585/1/1 579/1/1 584/1/1
f 589/4/1 583/4/1 582/4/1
f 590/4/1 583/4/1 589/4/1
f 591/4/1 587/4/1 586/4/1
f 592/4/1 587/4/1 591/4/1
f 600/4/1 589/4/1 588/4/1
f 601/4/1 589/4/1 600/4/1
f 602/4/1 595/4/1 594/4/1
f 603/4/1 595/4/1 602/4/1
f 604/4/1 597/4/1 596/4/1
f 605/4/1 597/4/1 604/4/1
f 606/4/1 593/4/1 592/4/1
f 607/4/1 593/4/1 606/4/1
f 611/5/1 599/5/1 598/5/1
f 612/5/1 599/5/1 611/5/1
f 613/5/1 609/5/1 608/5/1
f 614/5/1 609/5/1 613/5/1
f 617/5/1 611/5/1 610/5/1
f 618/5/1 611/5/1 617/5/1
f 619/5/1 615/5/1 614/5/1
f 620/5/1 615/5/1 619/5/1
f 622/3/1 617/3/1 616/3/1
f 623/3/1 617/3/1 622/3/1
f 626/3/1 621/3/1 620/3/1
f 627/3/1 621/3/1 626/3/1
f 628/3/1 624/3/1 623/3/1
f 629/3/1 624/3/1 628/3/1
f 630/3/1 626/3/1 625/3/1
f 631/3/1 626/3/1 630/3/1
f 636/3/1 633/3/1 632/3/1
f 637/3/1 633/3/1 636/3/1
f 638/3/1 635/3/1 634/3/1
f 639/3/1 635/3/1 638/3/1
f 644/3/1 641/3/1 640/3/1
f 645/3/1 641/3/1 644/3/1
f 646/3/1 643/3/1 642/3/1
f 647/3/1 643/3/1 646/3/1
f 650/1/1 649/1/1 648/1/1
f 652/1/1 650/1/1 648/1/1
f 652/1/1 651/1/1 650/1/1
f 653/1/1 651/1/1 652/1/1
f 654/1/1 651/1/1 653/1/1
f 657/1/1 654/1/1 653/1/1
f 657/1/1 655/1/1 654/1/1
f 658/1/1 655/1/1 657/1/1
f 659/1/1 655/1/1 658/1/1
f 661/1/1 657/1/1 656/1/1
f 661/1/1 658/1/1 657/1/1
f 662/1/1 658/1/1 661/1/1
f 663/1/1 658/1/1 662/1/1
f 664/1/1 661/1/1 660/1/1
f 664/1/1 662/1/1 661/1/1
f 665/1/1 662/1/1 664/1/1
f 666/1/1 662/1/1 665/1/1
f 668/1/1 666/1/1 665/1/1
f 668/1/1 667/1/1 666/1/1
f 669/1/1 667/1/1 668/1/1
f 674/1/1 671/1/1 670/1/1
f 675/1/1 671/1/1 674/1/1
f 676/1/1 673/1/1 672/1/1
f 677/1/1 673/1/1 676/1/1
f 680/1/1 679/1/1 678/1/1
f 681/1/1 679/1/1 680/1/1
f 684/1/1 682/1/1 681/1/1
f 685/1/1 682/1/1 684/1/1
f 687/1/1 684/1/1 683/1/1
f 687/1/1 686/1/1 685/1/1
f 687/1/1 685/1/1 684/1/1
f 688/1/1 686/1/1 687/1/1
f 689/1/1 686/1/1 688/1/1
f 690/1/1 686/1/1 689/1/1
f 691/1/1 689/1/1 688/1/1
f 692/1/1 689/1/1 691/1/1
f 695/1/1 691/1/1 688/1/1
f 696/1/1 691/1/1 695/1/1
f 700/1/1 695/1/1 694/1/1
f 700/1/1 694/1/1 693/1/1
f 701/1/1 695/1/1 700/1/1
f 702/1/1 698/1/1 697/1/1
f 702/1/1 699/1/1 698/1/1
f 703/1/1 699/1/1 702/1/1
f 704/1/1 700/1/1 693/1/1
f 705/1/1 700/1/1 704/1/1
f 706/1/1 699/1/1 703/1/1
f 707/1/1 699/1/1 706/1/1
f 712/1/1 709/1/1 708/1/1
f 713/1/1 709/1/1 712/1/1
f 714/1/1 711/1/1 710/1/1
f 715/1/1 711/1/1 714/1/1
f 718/1/1 717/1/1 716/1/1
f 719/1/1 717/1/1 718/1/1
f 721/1/1 719/1/1 718/1/1
f 722/1/1 719/1/1 721/1/1
f 724/1/1 722/1/1 721/1/1
f 724/1/1 723/1/1 722/1/1
f 724/1/1 721/1/1 720/1/1
f 725/1/1 723/1/1 724/1/1
f 726/1/1 724/1/1 720/1/1
f 727/1/1 724/1/1 726/1/1
f 728/1/1 723/1/1 725/1/1
f 729/1/1 723/1/1 728/1/1
f 734/4/1 731/4/1 730/4/1
f 735/4/1 731/4/1 734/4/1
f 736/4/1 733/4/1 732/4/1
f 737/4/1 733/4/1 736/4/1
f 738/1/1 735/1/1 734/1/1
f 739/1/1 735/1/1 738/1/1
f 742/1/1 737/1/1 736/1/1
f 743/1/1 737/1/1 742/1/1
f 744/1/1 739/1/1 738/1/1
f 745/4/1 740/4/1 739/4/1
f 745/1/1 739/1/1 744/1/1
f 746/4/1 742/4/1 741/4/1
f 746/1/1 743/1/1 742/1/1
f 747/1/1 743/1/1 746/1/1
f 750/4/1 740/4/1 745/4/1
f 751/4/1 740/4/1 750/4/1
f 752/4/1 746/4/1 741/4/1
f 753/4/1 746/4/1 752/4/1
f 756/6/1 749/6/1 748/6/1
f 757/6/1 749/6/1 756/6/1
f 758/6/1 749/6/1 757/6/1
f 759/6/1 755/6/1 754/6/1
f 760/6/1 755/6/1 759/6/1
f 761/6/1 755/6/1 760/6/1
f 763/5/1 757/5/1 756/5/1
f 764/5/1 757/5/1 763/5/1
f 765/5/1 761/5/1 760/5/1
f 766/5/1 761/5/1 765/5/1
f 768/6/1 763/6/1 762/6/1
f 769/6/1 763/6/1 768/6/1
f 770/6/1 767/6/1 766/6/1
f 771/6/1 767/6/1 770/6/1
f 776/3/1 773/3/1 772/3/1
f 777/3/1 773/3/1 776/3/1
f 780/3/1 775/3/1 774/3/1
f 781/3/1 775/3/1 780/3/1
f 782/3/1 778/3/1 777/3/1
f 785/3/1 780/3/1 779/3/1
f 786/3/1 783/3/1 782/3/1
f 786/3/1 782/3/1 777/3/1
f 787/3/1 783/3/1 786/3/1
f 790/3/1 785/3/1 784/3/1
f 791/3/1 780/3/1 785/3/1
f 791/3/1 785/3/1 790/3/1
f 792/3/1 788/3/1 787/3/1
f 793/3/1 788/3/1 792/3/1
f 794/3/1 790/3/1 789/3/1
f 795/3/1 790/3/1 794/3/1
f 800/3/1 797/3/1 796/3/1
f 801/3/1 797/3/1 800/3/1
f 802/3/1 799/3/1 798/3/1
f 803/3/1 799/3/1 802/3/1
f 808/7/1 805/7/1 804/7/1
f 809/7/1 805/7/1 808/7/1
f 810/7/1 807/7/1 806/7/1
f 811/7/1 807/7/1 810/7/1
f 820/4/1 813/4/1 812/4/1
f 821/2/1 814/2/1 813/2/1
f 821/4/1 813/4/1 820/4/1
f 822/2/1 814/2/1 821/2/1
f 823/2/1 816/2/1 815/2/1
f 824/4/1 817/4/1 816/4/1
f 824/2/1 816/2/1 823/2/1
f 825/4/1 817/4/1 824/4/1
f 828/6/1 819/6/1 818/6/1
f 829/4/1 821/4/1 820/4/1
f 830/4/1 821/4/1 829/4/1
f 831/4/1 825/4/1 824/4/1
f 832/4/1 825/4/1 831/4/1
f 833/6/1 827/6/1 826/6/1
f 834/6/1 828/6/1 818/6/1
f 835/6/1 828/6/1 834/6/1
f 836/6/1 827/6/1 833/6/1
f 837/6/1 827/6/1 836/6/1
f 842/3/1 839/3/1 838/3/1
f 843/3/1 839/3/1 842/3/1
f 844/3/1 841/3/1 840/3/1
f 845/3/1 841/3/1 844/3/1
f 850/3/1 847/3/1 846/3/1
f 851/3/1 847/3/1 850/3/1
f 852/3/1 849/3/1 848/3/1
f 853/3/1 849/3/1 852/3/1
f 858/3/1 855/3/1 854/3/1
f 859/3/1 855/3/1 858/3/1
f 860/3/1 857/3/1 856/3/1
f 861/3/1 857/3/1 860/3/1
f 867/7/1 863/7/1 862/7/1
f 868/7/1 863/7/1 867/7/1
f 869/7/1 865/7/1 864/7/1
f 870/7/1 865/7/1 869/7/1
f 872/7/1 867/7/1 866/7/1
f 873/7/1 867/7/1 872/7/1
f 876/7/1 871/7/1 870/7/1
f 877/7/1 871/7/1 876/7/1
f 878/7/1 874/7/1 873/7/1
f 879/7/1 874/7/1 878/7/1
f 882/7/1 876/7/1 875/7/1
f 883/7/1 876/7/1 882/7/1
f 884/7/1 880/7/1 879/7/1
f 885/7/1 880/7/1 884/7/1
f 886/7/1 882/7/1 881/7/1
f 887/7/1 882/7/1 886/7/1
f 892/7/1 889/7/1 888/7/1
f 893/7/1 889/7/1 892/7/1
f 896/7/1 891/7/1 890/7/1
f 897/7/1 891/7/1 896/7/1
f 898/7/1 894/7/1 893/7/1
f 899/7/1 894/7/1 898/7/1
f 902/7/1 896/7/1 895/7/1
f 903/7/1 896/7/1 902/7/1
f 904/7/1 900/7/1 899/7/1
f 905/7/1 900/7/1 904/7/1
f 908/7/1 902/7/1 901/7/1
f 909/7/1 902/7/1 908/7/1
f 910/7/1 906/7/1 905/7/1
f 911/7/1 906/7/1 910/7/1
f 912/7/1 908/7/1 907/7/1
f 913/7/1 908/7/1 912/7/1
f 918/1/1 915/1/1 914/1/1
f 919/1/1 915/1/1 918/1/1
f 920/1/1 917/1/1 916/1/1
f 921/1/1 917/1/1 920/1/1
f 931/4/1 925/4/1 924/4/1
f 932/4/1 925/4/1 931/4/1
f 933/4/1 925/4/1 932/4/1
f 934/4/1 927/4/1 926/4/1
f 935/4/1 927/4/1 934/4/1
f 936/4/1 927/4/1 935/4/1
f 938/4/1 923/4/1 922/4/1
f 939/4/1 923/4/1 938/4/1
f 940/1/1 931/1/1 930/1/1
f 941/1/1 931/1/1 940/1/1
f 942/1/1 931/1/1 941/1/1
f 944/2/1 933/2/1 932/2/1
f 945/2/1 933/2/1 944/2/1
f 946/2/1 935/2/1 934/2/1
f 947/2/1 935/2/1 946/2/1
f 949/1/1 937/1/1 936/1/1
f 950/1/1 937/1/1 949/1/1
f 951/1/1 937/1/1 950/1/1
f 952/4/1 929/4/1 928/4/1
f 953/4/1 929/4/1 952/4/1
f 954/2/1 944/2/1 943/2/1
f 955/2/1 944/2/1 954/2/1
f 956/2/1 948/2/1 947/2/1
f 957/2/1 948/2/1 956/2/1
f 962/5/1 959/5/1 958/5/1
f 963/5/1 959/5/1 962/5/1
f 964/5/1 961/5/1 960/5/1
f 965/5/1 961/5/1 964/5/1
f 966/3/1 963/3/1 962/3/1
f 967/3/1 963/3/1 966/3/1
f 968/3/1 965/3/1 964/3/1
f 969/3/1 965/3/1 968/3/1
f 974/3/1 971/3/1 970/3/1
f 975/3/1 971/3/1 974/3/1
f 978/3/1 973/3/1 972/3/1
f 979/3/1 973/3/1 978/3/1
f 980/3/1 976/3/1 975/3/1
f 981/3/1 976/3/1 980/3/1
f 982/3/1 978/3/1 977/3/1
f 983/3/1 978/3/1 982/3/1
f 984/3/1 976/3/1 981/3/1
f 985/3/1 976/3/1 984/3/1
f 988/3/1 982/3/1 977/3/1
f 989/3/1 982/3/1 988/3/1
f 990/3/1 986/3/1 985/3/1
f 991/3/1 986/3/1 990/3/1
f 992/3/1 988/3/1 987/3/1
f 993/3/1 988/3/1 992/3/1
f 998/7/1 995/7/1 994/7/1
f 999/7/1 995/7/1 998/7/1
f 1002/7/1 997/7/1 996/7/1
f 1003/7/1 997/7/1 1002/7/1
f 1009/1/1 1005/1/1 1004/1/1
f 1010/1/1 1007/1/1 1006/1/1
f 1012/1/1 1009/1/1 1008/1/1
f 1013/1/1 1005/1/1 1009/1/1
f 1013/1/1 1009/1/1 1012/1/1
f 1014/1/1 1011/1/1 1010/1/1
f 1014/1/1 1010/1/1 1006/1/1
f 1015/1/1 1011/1/1 1014/1/1
f 1016/7/1 1000/7/1 999/7/1
f 1017/7/1 1000/7/1 1016/7/1
f 1020/7/1 1002/7/1 1001/7/1
f 1021/7/1 1002/7/1 1020/7/1
f 1022/7/1 1018/7/1 1017/7/1
f 1023/7/1 1018/7/1 1022/7/1
f 1024/7/1 1020/7/1 1019/7/1
f 1025/7/1 1020/7/1 1024/7/1
f 1030/1/1 1027/1/1 1026/1/1
f 1031/1/1 1027/1/1 1030/1/1
f 1032/1/1 1029/1/1 1028/1/1
f 1033/1/1 1029/1/1 1032/1/1
f 1046/7/1 1035/7/1 1034/7/1
f 1047/7/1 1035/7/1 1046/7/1
f 1050/4/1 1039/4/1 1038/4/1
f 1051/4/1 1043/4/1 1042/4/1
f 1052/4/1 1043/4/1 1051/4/1
f 1053/4/1 1045/4/1 1044/4/1
f 1054/4/1 1045/4/1 1053/4/1
f 1055/4/1 1041/4/1 1040/4/1
f 1058/7/1 1037/7/1 1036/7/1
f 1059/7/1 1037/7/1 1058/7/1
f 1060/1/1 1049/1/1 1048/1/1
f 1061/1/1 1049/1/1 1060/1/1
f 1062/4/1 1050/4/1 1038/4/1
f 1063/4/1 1050/4/1 1062/4/1
f 1066/4/1 1041/4/1 1055/4/1
f 1067/4/1 1041/4/1 1066/4/1
f 1068/1/1 1057/1/1 1056/1/1
f 1069/1/1 1057/1/1 1068/1/1
f 1072/2/1 1065/2/1 1064/2/1
f 1073/2/1 1065/2/1 1072/2/1
f 1076/7/1 1071/7/1 1070/7/1
f 1077/7/1 1075/7/1 1074/7/1
f 1078/7/1 1071/7/1 1076/7/1
f 1079/7/1 1071/7/1 1078/7/1
f 1080/7/1 1077/7/1 1074/7/1
f 1081/7/1 1077/7/1 1080/7/1
f 1086/3/1 1083/3/1 1082/3/1
f 1087/3/1 1083/3/1 1086/3/1
f 1088/3/1 1085/3/1 1084/3/1
f 1089/3/1 1085/3/1 1088/3/1
f 1094/3/1 1091/3/1 1090/3/1
f 1095/3/1 1091/3/1 1094/3/1
f 1096/3/1 1093/3/1 1092/3/1
f 1097/3/1 1093/3/1 1096/3/1
f 1102/3/1 1099/3/1 1098/3/1
f 1103/3/1 1099/3/1 1102/3/1
f 1106/3/1 1101/3/1 1100/3/1
f 1107/3/1 1101/3/1 1106/3/1
f 1108/3/1 1104/3/1 1103/3/1
f 1109/3/1 1104/3/1 1108/3/1
f 1110/3/1 1106/3/1 1105/3/1
f 1111/3/1 1106/3/1 1110/3/1
f 1116/1/1 1113/1/1 1112/1/1
f 1117/1/1 1115/1/1 1114/1/1
f 1118/1/1 1116/1/1 1112/1/1
f 1123/1/1 1115/1/1 1117/1/1
f 1124/1/1 1118/1/1 1112/1/1
f 1124/1/1 1119/1/1 1118/1/1
f 1124/1/1 1120/1/1 1119/1/1
f 1125/1/1 1120/1/1 1124/1/1
f 1126/1/1 1122/1/1 1121/1/1
f 1126/1/1 1123/1/1 1122/1/1
f 1126/1/1 1115/1/1 1123/1/1
f 1127/1/1 1115/1/1 1126/1/1
f 1128/1/1 1120/1/1 1125/1/1
f 1131/1/1 1126/1/1 1121/1/1
f 1132/1/1 1129/1/1 1128/1/1
f 1132/1/1 1128/1/1 1125/1/1
f 1133/1/1 1129/1/1 1132/1/1
f 1134/1/1 1131/1/1 1130/1/1
f 1135/1/1 1126/1/1 1131/1/1
f 1135/1/1 1131/1/1 1134/1/1
f 1136/1/1 1132/1/1 1125/1/1
f 1137/1/1 1132/1/1 1136/1/1
f 1138/1/1 1126/1/1 1135/1/1
f 1139/1/1 1126/1/1 1138/1/1
f 1140/1/1 1132/1/1 1137/1/1
f 1141/1/1 1132/1/1 1140/1/1
f 1142/1/1 1138/1/1 1135/1/1
f 1143/1/1 1138/1/1 1142/1/1
f 1148/1/1 1145/1/1 1144/1/1
f 1151/1/1 1147/1/1 1146/1/1
f 1152/2/1 1149/2/1 1148/2/1
f 1152/1/1 1148/1/1 1144/1/1
f 1153/2/1 1149/2/1 1152/2/1
f 1154/2/1 1149/2/1 1153/2/1
f 1155/2/1 1151/2/1 1150/2/1
f 1156/2/1 1151/2/1 1155/2/1
f 1157/1/1 1147/1/1 1151/1/1
f 1157/2/1 1151/2/1 1156/2/1
f 1158/2/1 1154/2/1 1153/2/1
f 1158/1/1 1153/1/1 1152/1/1
f 1159/2/1 1154/2/1 1158/2/1
f 1160/2/1 1156/2/1 1155/2/1
f 1161/1/1 1157/1/1 1156/1/1
f 1161/2/1 1156/2/1 1160/2/1
f 1162/1/1 1152/1/1 1144/1/1
f 1162/1/1 1158/1/1 1152/1/1
f 1163/1/1 1158/1/1 1162/1/1
f 1164/1/1 1147/1/1 1157/1/1
f 1164/1/1 1157/1/1 1161/1/1
f 1165/1/1 1147/1/1 1164/1/1
f 1168/1/1 1158/1/1 1163/1/1
f 1169/1/1 1158/1/1 1168/1/1
f 1172/1/1 1164/1/1 1161/1/1
f 1173/1/1 1164/1/1 1172/1/1
f 1176/1/1 1167/1/1 1166/1/1
f 1178/4/1 1170/4/1 1169/4/1
f 1179/4/1 1170/4/1 1178/4/1
f 1180/4/1 1172/4/1 1171/4/1
f 1181/4/1 1172/4/1 1180/4/1
f 1183/1/1 1175/1/1 1174/1/1
f 1184/1/1 1177/1/1 1176/1/1
f 1184/1/1 1176/1/1 1166/1/1
f 1185/1/1 1177/1/1 1184/1/1
f 1186/1/1 1177/1/1 1185/1/1
f 1187/1/1 1183/1/1 1182/1/1
f 1188/1/1 1175/1/1 1183/1/1
f 1188/1/1 1183/1/1 1187/1/1
f 1189/1/1 1175/1/1 1188/1/1
f 1192/1/1 1186/1/1 1185/1/1
f 1193/1/1 1186/1/1 1192/1/1
f 1194/1/1 1188/1/1 1187/1/1
f 1195/1/1 1188/1/1 1194/1/1
f 1198/5/1 1191/5/1 1190/5/1
f 1199/5/1 1191/5/1 1198/5/1
f 1200/5/1 1197/5/1 1196/5/1
f 1201/5/1 1197/5/1 1200/5/1
f 1202/3/1 1199/3/1 1198/3/1
f 1203/3/1 1199/3/1 1202/3/1
f 1204/3/1 1201/3/1 1200/3/1
f 1205/3/1 1201/3/1 1204/3/1
f 1210/3/1 1207/3/1 1206/3/1
f 1211/3/1 1207/3/1 1210/3/1
f 1212/3/1 1209/3/1 1208/3/1
f 1213/3/1 1209/3/1 1212/3/1
f 1218/3/1 1215/3/1 1214/3/1
f 1219/3/1 1215/3/1 1218/3/1
f 1220/3/1 1217/3/1 1216/3/1
f 1221/3/1 1217/3/1 1220/3/1
f 1226/1/1 1223/1/1 1222/1/1
f 1227/1/1 1223/1/1 1226/1/1
f 1228/1/1 1225/1/1 1224/1/1
f 1229/1/1 1225/1/1 1228/1/1
f 1235/1/1 1231/1/1 1230/1/1
f 1236/1/1 1231/1/1 1235/1/1
f 1237/1/1 1233/1/1 1232/1/1
f 1238/1/1 1233/1/1 1237/1/1
f 1240/1/1 1235/1/1 1234/1/1
f 1243/1/1 1239/1/1 1238/1/1
f 1244/1/1 1241/1/1 1240/1/1
f 1247/1/1 1243/1/1 1242/1/1
f 1248/1/1 1245/1/1 1244/1/1
f 1248/1/1 1240/1/1 1234/1/1
f 1248/1/1 1244/1/1 1240/1/1
f 1249/1/1 1245/1/1 1248/1/1
f 1252/1/1 1247/1/1 1246/1/1
f 1253/1/1 1243/1/1 1247/1/1
f 1253/1/1 1239/1/1 1243/1/1
f 1253/1/1 1247/1/1 1252/1/1
f 1254/1/1 1250/1/1 1249/1/1
f 1257/1/1 1252/1/1 1251/1/1
f 1258/1/1 1255/1/1 1254/1/1
f 1261/1/1 1257/1/1 1256/1/1
f 1262/1/1 1259/1/1 1258/1/1
f 1262/1/1 1254/1/1 1249/1/1
f 1262/1/1 1258/1/1 1254/1/1
f 1263/1/1 1259/1/1 1262/1/1
f 1264/1/1 1261/1/1 1260/1/1
f 1264/1/1 1257/1/1 1261/1/1
f 1265/1/1 1252/1/1 1257/1/1
f 1265/1/1 1257/1/1 1264/1/1
f 1266/1/1 1259/1/1 1263/1/1
f 1267/1/1 1259/1/1 1266/1/1
f 1268/1/1 1264/1/1 1260/1/1
f 1269/1/1 1264/1/1 1268/1/1
f 1276/1/1 1271/1/1 1270/1/1
f 1277/1/1 1271/1/1 1276/1/1
f 1278/1/1 1273/1/1 1272/1/1
f 1279/1/1 1273/1/1 1278/1/1
f 1282/1/1 1275/1/1 1274/1/1
f 1283/1/1 1275/1/1 1282/1/1
f 1284/1/1 1281/1/1 1280/1/1
f 1285/1/1 1281/1/1 1284/1/1
f 1290/1/1 1287/1/1 1286/1/1
f 1291/1/1 1287/1/1 1290/1/1
f 1292/1/1 1289/1/1 1288/1/1
f 1293/1/1 1289/1/1 1292/1/1
f 1302/2/1 1299/2/1 1298/2/1
f 1305/2/1 1301/2/1 1300/2/1
f 1306/2/1 1302/2/1 1298/2/1
f 1307/4/1 1303/4/1 1302/4/1
f 1307/2/1 1302/2/1 1306/2/1
f 1308/4/1 1303/4/1 1307/4/1
f 1309/4/1 1305/4/1 1304/4/1
f 1310/2/1 1301/2/1 1305/2/1
f 1310/4/1 1305/4/1 1309/4/1
f 1311/2/1 1301/2/1 1310/2/1
f 1312/1/1 1295/1/1 1294/1/1
f 1313/1/1 1295/1/1 1312/1/1
f 1314/1/1 1307/1/1 1306/1/1
f 1315/2/1 1308/2/1 1307/2/1
f 1315/1/1 1307/1/1 1314/1/1
f 1316/2/1 1308/2/1 1315/2/1
f 1317/2/1 1310/2/1 1309/2/1
f 1318/1/1 1311/1/1 1310/1/1
f 1318/2/1 1310/2/1 1317/2/1
f 1319/1/1 1311/1/1 1318/1/1
f 1320/1/1 1297/1/1 1296/1/1
f 1321/1/1 1297/1/1 1320/1/1
f 1322/4/1 1317/4/1 1316/4/1
f 1323/4/1 1317/4/1 1322/4/1
f 1328/1/1 1325/1/1 1324/1/1
f 1329/1/1 1327/1/1 1326/1/1
f 1330/1/1 1325/1/1 1328/1/1
f 1331/1/1 1325/1/1 1330/1/1
f 1332/1/1 1329/1/1 1326/1/1
f 1333/1/1 1329/1/1 1332/1/1
f 1339/1/1 1337/1/1 1336/1/1
f 1339/1/1 1338/1/1 1337/1/1
f 1340/1/1 1338/1/1 1339/1/1
f 1341/1/1 1335/1/1 1334/1/1
f 1342/1/1 1335/1/1 1341/1/1
f 1343/1/1 1339/1/1 1336/1/1
f 1344/1/1 1339/1/1 1343/1/1
f 1349/1/1 1346/1/1 1345/1/1
f 1350/1/1 1346/1/1 1349/1/1
f 1351/1/1 1348/1/1 1347/1/1
f 1352/1/1 1348/1/1 1351/1/1
f 1353/1/1 1346/1/1 1350/1/1
f 1354/1/1 1346/1/1 1353/1/1
f 1355/1/1 1351/1/1 1347/1/1
f 1356/1/1 1351/1/1 1355/1/1
f 1361/1/1 1358/1/1 1357/1/1
f 1362/1/1 1358/1/1 1361/1/1
f 1363/1/1 1360/1/1 1359/1/1
f 1364/1/1 1360/1/1 1363/1/1
f 1369/1/1 1366/1/1 1365/1/1
f 1370/1/1 1366/1/1 1369/1/1
f 1371/1/1 1368/1/1 1367/1/1
f 1372/1/1 1368/1/1 1371/1/1
f 1377/1/1 1374/1/1 1373/1/1
f 1380/1/1 1376/1/1 1375/1/1
f 1381/1/1 1378/1/1 1377/1/1
f 1381/1/1 1377/1/1 1373/1/1
f 1382/1/1 1378/1/1 1381/1/1
f 1383/1/1 1380/1/1 1379/1/1
f 1384/1/1 1376/1/1 1380/1/1
f 1384/1/1 1380/1/1 1383/1/1
f 1389/1/1 1386/1/1 1385/1/1
f 1390/1/1 1386/1/1 1389/1/1
f 1391/1/1 1388/1/1 1387/1/1
f 1392/1/1 1388/1/1 1391/1/1
f 1397/2/1 1394/2/1 1393/2/1
f 1398/2/1 1394/2/1 1397/2/1
f 1399/2/1 1396/2/1 1395/2/1
f 1400/2/1 1396/2/1 1399/2/1
f 1401/2/1 1394/2/1 1398/2/1
f 1402/2/1 1394/2/1 1401/2/1
f 1403/2/1 1399/2/1 1395/2/1
f 1404/2/1 1399/2/1 1403/2/1
f 1409/4/1 1406/4/1 1405/4/1
f 1410/4/1 1406/4/1 1409/4/1
f 1411/4/1 1408/4/1 1407/4/1
f 1412/4/1 1408/4/1 1411/4/1
f 1417/7/1 1414/7/1 1413/7/1
f 1418/7/1 1414/7/1 1417/7/1
f 1421/7/1 1416/7/1 1415/7/1
f 1422/7/1 1416/7/1 1421/7/1
f 1427/1/1 1424/1/1 1423/1/1
f 1428/1/1 1424/1/1 1427/1/1
f 1429/1/1 1426/1/1 1425/1/1
f 1430/1/1 1426/1/1 1429/1/1
f 1431/7/1 1419/7/1 1418/7/1
f 1432/7/1 1419/7/1 1431/7/1
f 1435/7/1 1421/7/1 1420/7/1
f 1436/7/1 1421/7/1 1435/7/1
f 1437/7/1 1433/7/1 1432/7/1
f 1438/7/1 1433/7/1 1437/7/1
f 1439/7/1 1435/7/1 1434/7/1
f 1440/7/1 1435/7/1 1439/7/1
f 1444/4/1 1442/4/1 1441/4/1
f 1445/4/1 1442/4/1 1444/4/1
f 1447/4/1 1444/4/1 1443/4/1
f 1448/2/1 1445/2/1 1444/2/1
f 1448/4/1 1444/4/1 1447/4/1
f 1449/4/1 1446/4/1 1445/4/1
f 1449/2/1 1445/2/1 1448/2/1
f 1450/4/1 1446/4/1 1449/4/1
f 1453/2/1 1448/2/1 1447/2/1
f 1454/2/1 1448/2/1 1453/2/1
f 1455/2/1 1450/2/1 1449/2/1
f 1456/2/1 1450/2/1 1455/2/1
f 1463/2/1 1460/2/1 1459/2/1
f 1464/2/1 1460/2/1 1463/2/1
f 1465/2/1 1462/2/1 1461/2/1
f 1466/2/1 1462/2/1 1465/2/1
f 1469/7/1 1452/7/1 1451/7/1
f 1470/7/1 1452/7/1 1469/7/1
f 1473/4/1 1468/4/1 1467/4/1
f 1474/4/1 1468/4/1 1473/4/1
f 1475/4/1 1468/4/1 1474/4/1
f 1476/4/1 1468/4/1 1475/4/1
f 1479/7/1 1458/7/1 1457/7/1
f 1480/7/1 1458/7/1 1479/7/1
f 1481/1/1 1472/1/1 1471/1/1
f 1481/7/1 1471/7/1 1470/7/1
f 1482/1/1 1472/1/1 1481/1/1
f 1483/4/1 1475/4/1 1474/4/1
f 1484/4/1 1475/4/1 1483/4/1
f 1485/1/1 1478/1/1 1477/1/1
f 1486/7/1 1479/7/1 1478/7/1
f 1486/1/1 1478/1/1 1485/1/1
f 1487/7/1 1481/7/1 1470/7/1
f 1488/7/1 1479/7/1 1486/7/1
f 1489/7/1 1481/7/1 1487/7/1
f 1490/7/1 1481/7/1 1489/7/1
f 1491/7/1 1488/7/1 1486/7/1
f 1492/7/1 1488/7/1 1491/7/1
f 1498/7/1 1494/7/1 1493/7/1
f 1499/7/1 1494/7/1 1498/7/1
f 1500/7/1 1496/7/1 1495/7/1
f 1501/7/1 1496/7/1 1500/7/1
f 1503/7/1 1498/7/1 1497/7/1
f 1504/7/1 1498/7/1 1503/7/1
f 1507/7/1 1502/7/1 1501/7/1
f 1508/7/1 1502/7/1 1507/7/1
f 1509/7/1 1505/7/1 1504/7/1
f 1510/7/1 1505/7/1 1509/7/1
f 1513/7/1 1507/7/1 1506/7/1
f 1514/7/1 1507/7/1 1513/7/1
f 1515/7/1 1511/7/1 1510/7/1
f 1516/7/1 1511/7/1 1515/7/1
f 1517/7/1 1513/7/1 1512/7/1
f 1518/7/1 1513/7/1 1517/7/1
f 1523/7/1 1520/7/1 1519/7/1
f 1524/7/1 1520/7/1 1523/7/1
f 1527/7/1 1522/7/1 1521/7/1
f 1528/7/1 1522/7/1 1527/7/1
f 1529/7/1 1525/7/1 1524/7/1
f 1530/7/1 1525/7/1 1529/7/1
f 1533/7/1 1527/7/1 1526/7/1
f 1534/7/1 1527/7/1 1533/7/1
f 1537/2/1 1536/2/1 1535/2/1
f 1538/2/1 1536/2/1 1537/2/1
f 1539/7/1 1531/7/1 1530/7/1
f 1540/7/1 1531/7/1 1539/7/1
f 1543/7/1 1533/7/1 1532/7/1
f 1544/7/1 1533/7/1 1543/7/1
f 1547/7/1 1541/7/1 1540/7/1
f 1548/7/1 1541/7/1 1547/7/1
f 1549/1/1 1546/1/1 1545/1/1
f 1550/1/1 1546/1/1 1549/1/1
f 1551/7/1 1543/7/1 1542/7/1
f 1552/7/1 1543/7/1 1551/7/1
f 1553/1/1 1550/1/1 1549/1/1
f 1554/1/1 1550/1/1 1553/1/1
f 1556/1/1 1554/1/1 1553/1/1
f 1557/1/1 1554/1/1 1556/1/1
f 1559/1/1 1557/1/1 1556/1/1
f 1559/1/1 1558/1/1 1557/1/1
f 1559/1/1 1556/1/1 1555/1/1
f 1560/1/1 1558/1/1 1559/1/1
f 1568/4/1 1562/4/1 1561/4/1
f 1569/4/1 1562/4/1 1568/4/1
f 1570/4/1 1564/4/1 1563/4/1
f 1571/4/1 1564/4/1 1570/4/1
f 1575/1/1 1567/1/1 1566/1/1
f 1575/1/1 1566/1/1 1565/1/1
f 1576/1/1 1574/1/1 1573/1/1
f 1576/1/1 1573/1/1 1572/1/1
f 1577/1/1 1575/1/1 1565/1/1
f 1578/1/1 1575/1/1 1577/1/1
f 1579/1/1 1575/1/1 1578/1/1
f 1580/1/1 1575/1/1 1579/1/1
f 1581/1/1 1574/1/1 1576/1/1
f 1582/1/1 1574/1/1 1581/1/1
f 1583/1/1 1574/1/1 1582/1/1
f 1584/1/1 1574/1/1 1583/1/1
f 1585/1/1 1579/1/1 1578/1/1
f 1586/1/1 1579/1/1 1585/1/1
f 1587/1/1 1583/1/1 1582/1/1
f 1588/1/1 1583/1/1 1587/1/1
f 1593/7/1 1590/7/1 1589/7/1
f 1594/7/1 1590/7/1 1593/7/1
f 1595/7/1 1592/7/1 1591/7/1
f 1596/7/1 1592/7/1 1595/7/1
f 1600/1/1 1598/1/1 1597/1/1
f 1601/1/1 1598/1/1 1600/1/1
f 1603/1/1 1600/1/1 1599/1/1
f 1604/1/1 1602/1/1 1601/1/1
f 1605/1/1 1603/1/1 1599/1/1
f 1606/1/1 1603/1/1 1605/1/1
f 1607/1/1 1602/1/1 1604/1/1
f 1608/1/1 1602/1/1 1607/1/1
f 1613/1/1 1610/1/1 1609/1/1
f 1614/1/1 1610/1/1 1613/1/1
f 1615/1/1 1612/1/1 1611/1/1
f 1616/1/1 1612/1/1 1615/1/1
f 1619/1/1 1618/1/1 1617/1/1
f 1620/1/1 1618/1/1 1619/1/1
f 1625/6/1 1622/6/1 1621/6/1
f 1626/6/1 1622/6/1 1625/6/1
f 1627/6/1 1622/6/1 1626/6/1
f 1628/6/1 1624/6/1 1623/6/1
f 1629/6/1 1624/6/1 1628/6/1
f 1630/6/1 1624/6/1 1629/6/1
f 1633/1/1 1632/1/1 1631/1/1
f 1635/1/1 1633/1/1 1631/1/1
f 1635/1/1 1634/1/1 1633/1/1
f 1636/1/1 1634/1/1 1635/1/1
f 1637/1/1 1634/1/1 1636/1/1
f 1640/1/1 1637/1/1 1636/1/1
f 1640/1/1 1638/1/1 1637/1/1
f 1641/1/1 1638/1/1 1640/1/1
f 1642/1/1 1638/1/1 1641/1/1
f 1644/1/1 1640/1/1 1639/1/1
f 1644/1/1 1641/1/1 1640/1/1
f 1645/1/1 1641/1/1 1644/1/1
f 1646/1/1 1641/1/1 1645/1/1
f 1647/1/1 1644/1/1 1643/1/1
f 1647/1/1 1645/1/1 1644/1/1
f 1648/1/1 1645/1/1 1647/1/1
f 1649/1/1 1645/1/1 1648/1/1
f 1651/1/1 1649/1/1 1648/1/1
f 1651/1/1 1650/1/1 1649/1/1
f 1652/1/1 1650/1/1 1651/1/1
f 1654/1/1 1650/1/1 1652/1/1
f 1655/1/1 1650/1/1 1654/1/1
f 1657/1/1 1655/1/1 1654/1/1
f 1657/1/1 1656/1/1 1655/1/1
f 1657/1/1 1654/1/1 1653/1/1
f 1658/1/1 1656/1/1 1657/1/1
f 1659/1/1 1656/1/1 1658/1/1
f 1660/1/1 1656/1/1 1659/1/1
f 1662/1/1 1659/1/1 1658/1/1
f 1664/1/1 1662/1/1 1661/1/1
f 1665/1/1 1659/1/1 1662/1/1
f 1665/1/1 1664/1/1 1663/1/1
f 1665/1/1 1662/1/1 1664/1/1
f 1668/1/1 1665/1/1 1663/1/1
f 1668/1/1 1666/1/1 1665/1/1
f 1669/1/1 1666/1/1 1668/1/1
f 1671/1/1 1669/1/1 1668/1/1
f 1671/1/1 1670/1/1 1669/1/1
f 1671/1/1 1668/1/1 1667/1/1
f 1672/1/1 1670/1/1 1671/1/1
f 1673/1/1 1670/1/1 1672/1/1
f 1674/1/1 1670/1/1 1673/1/1
f 1676/1/1 1673/1/1 1672/1/1
f 1677/1/1 1673/1/1 1676/1/1
f 1678/1/1 1673/1/1 1677/1/1
f 1679/1/1 1673/1/1 1678/1/1
f 1681/1/1 1676/1/1 1675/1/1
f 1681/1/1 1677/1/1 1676/1/1
f 1682/1/1 1677/1/1 1681/1/1
f 1683/1/1 1680/1/1 1679/1/1
f 1683/1/1 1679/1/1 1678/1/1
f 1684/1/1 1680/1/1 1683/1/1
f 1685/1/1 1677/1/1 1682/1/1
f 1686/1/1 1677/1/1 1685/1/1
f 1687/1/1 1683/1/1 1678/1/1
f 1688/1/1 1683/1/1 1687/1/1
f 1693/1/1 1690/1/1 1689/1/1
f 1694/1/1 1690/1/1 1693/1/1
f 1695/1/1 1692/1/1 1691/1/1
f 1696/1/1 1692/1/1 1695/1/1
f 1705/4/1 1698/4/1 1697/4/1
f 1706/4/1 1698/4/1 1705/4/1
f 1707/1/1 1700/1/1 1699/1/1
f 1708/1/1 1700/1/1 1707/1/1
f 1709/1/1 1702/1/1 1701/1/1
f 1710/1/1 1702/1/1 1709/1/1
f 1711/4/1 1704/4/1 1703/4/1
f 1712/4/1 1704/4/1 1711/4/1
f 1713/1/1 1706/1/1 1705/1/1
f 1714/1/1 1706/1/1 1713/1/1
f 1717/1/1 1712/1/1 1711/1/1
f 1718/1/1 1712/1/1 1717/1/1
f 1720/4/1 1715/4/1 1714/4/1
f 1721/4/1 1715/4/1 1720/4/1
f 1722/4/1 1717/4/1 1716/4/1
f 1723/4/1 1717/4/1 1722/4/1
f 1725/1/1 1720/1/1 1719/1/1
f 1726/1/1 1720/1/1 1725/1/1
f 1727/1/1 1724/1/1 1723/1/1
f 1728/1/1 1724/1/1 1727/1/1
f 1733/7/1 1730/7/1 1729/7/1
f 1734/7/1 1730/7/1 1733/7/1
f 1735/7/1 1732/7/1 1731/7/1
f 1736/7/1 1732/7/1 1735/7/1
f 1739/1/1 1738/1/1 1737/1/1
f 1740/1/1 1738/1/1 1739/1/1
f 1743/1/1 1742/1/1 1741/1/1
f 1744/1/1 1742/1/1 1743/1/1
f 1747/1/1 1746/1/1 1745/1/1
f 1748/1/1 1746/1/1 1747/1/1
f 1753/1/1 1750/1/1 1749/1/1
f 1754/1/1 1750/1/1 1753/1/1
f 1755/1/1 1752/1/1 1751/1/1
f 1756/1/1 1752/1/1 1755/1/1
f 1761/7/1 1758/7/1 1757/7/1
f 1762/7/1 1758/7/1 1761/7/1
f 1763/7/1 1760/7/1 1759/7/1
f 1764/7/1 1760/7/1 1763/7/1
f 1765/7/1 1758/7/1 1762/7/1
f 1766/7/1 1758/7/1 1765/7/1
f 1767/7/1 1763/7/1 1759/7/1
f 1768/7/1 1763/7/1 1767/7/1
f 1773/4/1 1770/4/1 1769/4/1
f 1774/4/1 1770/4/1 1773/4/1
f 1775/4/1 1772/4/1 1771/4/1
f 1776/4/1 1772/4/1 1775/4/1
f 1781/7/1 1778/7/1 1777/7/1
f 1782/7/1 1780/7/1 1779/7/1
f 1783/7/1 1781/7/1 1777/7/1
f 1784/7/1 1781/7/1 1783/7/1
f 1785/7/1 1780/7/1 1782/7/1
f 1786/7/1 1780/7/1 1785/7/1
f 1791/7/1 1788/7/1 1787/7/1
f 1794/7/1 1790/7/1 1789/7/1
f 1795/7/1 1792/7/1 1791/7/1
f 1795/7/1 1791/7/1 1787/7/1
f 1796/7/1 1792/7/1 1795/7/1
f 1797/7/1 1794/7/1 1793/7/1
f 1797/7/1 1790/7/1 1794/7/1
f 1798/7/1 1790/7/1 1797/7/1
f 1799/7/1 1792/7/1 1796/7/1
f 1802/7/1 1797/7/1 1793/7/1
f 1803/7/1 1800/7/1 1799/7/1
f 1803/7/1 1799/7/1 1796/7/1
f 1804/7/1 1800/7/1 1803/7/1
f 1805/7/1 1802/7/1 1801/7/1
f 1805/7/1 1797/7/1 1802/7/1
f 1806/7/1 1797/7/1 1805/7/1
f 1807/7/1 1800/7/1 1804/7/1
f 1808/7/1 1800/7/1 1807/7/1
f 1809/7/1 1805/7/1 1801/7/1
f 1810/7/1 1805/7/1 1809/7/1
f 1815/7/1 1812/7/1 1811/7/1
f 1818/7/1 1814/7/1 1813/7/1
f 1819/7/1 1816/7/1 1815/7/1
f 1819/7/1 1815/7/1 1811/7/1
f 1820/7/1 1816/7/1 1819/7/1
f 1821/7/1 1818/7/1 1817/7/1
f 1821/7/1 1814/7/1 1818/7/1
f 1822/7/1 1814/7/1 1821/7/1
f 1823/7/1 1816/7/1 1820/7/1
f 1826/7/1 1821/7/1 1817/7/1
f 1827/7/1 1824/7/1 1823/7/1
f 1827/7/1 1823/7/1 1820/7/1
f 1828/7/1 1824/7/1 1827/7/1
f 1829/7/1 1824/7/1 1828/7/1
f 1830/7/1 1826/7/1 1825/7/1
f 1831/7/1 1821/7/1 1826/7/1
f 1831/7/1 1826/7/1 1830/7/1
f 1832/7/1 1821/7/1 1831/7/1
f 1833/7/1 1829/7/1 1828/7/1
f 1834/7/1 1829/7/1 1833/7/1
f 1835/7/1 1831/7/1 1830/7/1
f 1836/7/1 1831/7/1 1835/7/1
f 1841/7/1 1838/7/1 1837/7/1
f 1842/7/1 1838/7/1 1841/7/1
f 1843/7/1 1840/7/1 1839/7/1
f 1844/7/1 1840/7/1 1843/7/1
f 1849/7/1 1846/7/1 1845/7/1
f 1850/7/1 1846/7/1 1849/7/1
f 1853/7/1 1848/7/1 1847/7/1
f 1854/7/1 1848/7/1 1853/7/1
f 1855/7/1 1851/7/1 1850/7/1
f 1856/7/1 1851/7/1 1855/7/1
f 1857/7/1 1853/7/1 1852/7/1
f 1858/7/1 1853/7/1 1857/7/1
f 1863/7/1 1860/7/1 1859/7/1
f 1864/7/1 1862/7/1 1861/7/1
f 1865/7/1 1863/7/1 1859/7/1
f 1866/7/1 1863/7/1 1865/7/1
f 1867/7/1 1862/7/1 1864/7/1
f 1868/7/1 1862/7/1 1867/7/1
f 1873/6/1 1870/6/1 1869/6/1
f 1874/6/1 1870/6/1 1873/6/1
f 1875/6/1 1872/6/1 1871/6/1
f 1876/6/1 1872/6/1 1875/6/1
f 1881/7/1 1878/7/1 1877/7/1
f 1882/7/1 1878/7/1 1881/7/1
f 1883/7/1 1880/7/1 1879/7/1
f 1884/7/1 1880/7/1 1883/7/1
f 1889/7/1 1886/7/1 1885/7/1
f 1890/7/1 1886/7/1 1889/7/1
f 1891/7/1 1888/7/1 1887/7/1
f 1892/7/1 1888/7/1 1891/7/1
f 1897/7/1 1894/7/1 1893/7/1
f 1900/7/1 1896/7/1 1895/7/1
f 1901/7/1 1898/7/1 1897/7/1
f 1901/7/1 1897/7/1 1893/7/1
f 1902/7/1 1898/7/1 1901/7/1
f 1903/7/1 1900/7/1 1899/7/1
f 1903/7/1 1896/7/1 1900/7/1
f 1904/7/1 1896/7/1 1903/7/1
f 1905/7/1 1898/7/1 1902/7/1
f 1906/7/1 1898/7/1 1905/7/1
f 1907/7/1 1903/7/1 1899/7/1
f 1908/7/1 1903/7/1 1907/7/1
f 1913/7/1 1910/7/1 1909/7/1
f 1914/7/1 1910/7/1 1913/7/1
f 1915/7/1 1912/7/1 1911/7/1
f 1916/7/1 1912/7/1 1915/7/1
f 1922/7/1 1918/7/1 1917/7/1
f 1923/7/1 1920/7/1 1919/7/1
f 1925/7/1 1922/7/1 1921/7/1
f 1925/7/1 1918/7/1 1922/7/1
f 1926/7/1 1918/7/1 1925/7/1
f 1927/7/1 1924/7/1 1923/7/1
f 1927/7/1 1923/7/1 1919/7/1
f 1928/7/1 1924/7/1 1927/7/1
f 1929/7/1 1925/7/1 1921/7/1
f 1932/7/1 1924/7/1 1928/7/1
f 1933/7/1 1930/7/1 1929/7/1
f 1933/7/1 1929/7/1 1921/7/1
f 1934/7/1 1930/7/1 1933/7/1
f 1935/7/1 1932/7/1 1931/7/1
f 1935/7/1 1924/7/1 1932/7/1
f 1936/7/1 1924/7/1 1935/7/1
f 1937/7/1 1930/7/1 1934/7/1
f 1938/7/1 1930/7/1 1937/7/1
f 1939/7/1 1935/7/1 1931/7/1
f 1940/7/1 1935/7/1 1939/7/1
f 1945/7/1 1942/7/1 1941/7/1
f 1946/7/1 1944/7/1 1943/7/1
f 1947/7/1 1945/7/1 1941/7/1
f 1948/7/1 1945/7/1 1947/7/1
f 1949/7/1 1944/7/1 1946/7/1
f 1950/7/1 1944/7/1 1949/7/1
f 1955/7/1 1952/7/1 1951/7/1
f 1956/7/1 1952/7/1 1955/7/1
f 1957/7/1 1954/7/1 1953/7/1
f 1958/7/1 1954/7/1 1957/7/1
f 1963/7/1 1960/7/1 1959/7/1
f 1964/7/1 1960/7/1 1963/7/1
f 1967/7/1 1962/7/1 1961/7/1
f 1968/7/1 1962/7/1 1967/7/1
f 1969/7/1 1965/7/1 1964/7/1
f 1970/7/1 1965/7/1 1969/7/1
f 1971/7/1 1967/7/1 1966/7/1
f 1972/7/1 1967/7/1 1971/7/1
f 1977/7/1 1974/7/1 1973/7/1
f 1978/7/1 1974/7/1 1977/7/1
f 1979/7/1 1976/7/1 1975/7/1
f 1980/7/1 1976/7/1 1979/7/1
f 1985/7/1 1982/7/1 1981/7/1
f 1986/7/1 1982/7/1 1985/7/1
f 1989/7/1 1984/7/1 1983/7/1
f 1990/7/1 1984/7/1 1989/7/1
f 1991/7/1 1987/7/1 1986/7/1
f 1992/7/1 1987/7/1 1991/7/1
f 1993/7/1 1989/7/1 1988/7/1
f 1994/7/1 1989/7/1 1993/7/1
f 1995/7/2 1996/7/2 1999/7/2
f 1999/7/2 1996/7/2 2000/7/2
f 1997/7/2 1998/7/2 2003/7/2
f 2003/7/2 1998/7/2 2004/7/2
f 2000/7/2 2001/7/2 2005/7/2
f 2005/7/2 2001/7/2 2006/7/2
f 2002/7/2 2003/7/2 2007/7/2
f 2007/7/2 2003/7/2 2008/7/2
f 2009/7/2 2010/7/2 2013/7/2
f 2013/7/2 2010/7/2 2014/7/2
f 2011/7/2 2012/7/2 2017/7/2
f 2017/7/2 2012/7/2 2018/7/2
f 2014/7/2 2015/7/2 2019/7/2
f 2019/7/2 2015/7/2 2020/7/2
f 2016/7/2 2017/7/2 2021/7/2
f 2021/7/2 2017/7/2 2022/7/2
f 2023/7/2 2024/7/2 2027/7/2
f 2027/7/2 2024/7/2 2028/7/2
f 2025/7/2 2026/7/2 2029/7/2
f 2029/7/2 2026/7/2 2030/7/2
f 2031/7/2 2032/7/2 2035/7/2
f 2033/7/2 2034/7/2 2036/7/2
f 2031/7/2 2035/7/2 2037/7/2
f 2037/7/2 2035/7/2 2038/7/2
f 2036/7/2 2034/7/2 2039/7/2
f 2039/7/2 2034/7/2 2040/7/2
f 2041/7/2 2042/7/2 2045/7/2
f 2045/7/2 2042/7/2 2046/7/2
f 2043/7/2 2044/7/2 2047/7/2
f 2047/7/2 2044/7/2 2048/7/2
f 2049/7/2 2050/7/2 2053/7/2
f 2053/7/2 2050/7/2 2054/7/2
f 2051/7/2 2052/7/2 2055/7/2
f 2055/7/2 2052/7/2 2056/7/2
f 2057/7/2 2058/7/2 2062/7/2
f 2059/7/2 2060/7/2 2063/7/2
f 2061/7/2 2062/7/2 2065/7/2
f 2062/7/2 2058/7/2 2065/7/2
f 2065/7/2 2058/7/2 2066/7/2
f 2063/7/2 2064/7/2 2067/7/2
f 2059/7/2 2063/7/2 2067/7/2
f 2067/7/2 2064/7/2 2068/7/2
f 2061/7/2 2065/7/2 2069/7/2
f 2068/7/2 2064/7/2 2072/7/2
f 2069/7/2 2070/7/2 2073/7/2
f 2061/7/2 2069/7/2 2073/7/2
f 2073/7/2 2070/7/2 2074/7/2
f 2071/7/2 2072/7/2 2075/7/2
f 2072/7/2 2064/7/2 2075/7/2
f 2075/7/2 2064/7/2 2076/7/2
f 2074/7/2 2070/7/2 2077/7/2
f 2077/7/2 2070/7/2 2078/7/2
f 2071/7/2 2075/7/2 2079/7/2
f 2079/7/2 2075/7/2 2080/7/2
f 2081/7/2 2082/7/2 2085/7/2
f 2085/7/2 2082/7/2 2086/7/2
f 2083/7/2 2084/7/2 2087/7/2
f 2087/7/2 2084/7/2 2088/7/2
f 2089/7/2 2090/7/2 2093/7/2
f 2093/7/2 2090/7/2 2094/7/2
f 2091/7/2 2092/7/2 2095/7/2
f 2095/7/2 2092/7/2 2096/7/2
f 2097/7/2 2098/7/2 2101/7/2
f 2099/7/2 2100/7/2 2104/7/2
f 2101/7/2 2102/7/2 2105/7/2
f 2097/7/2 2101/7/2 2105/7/2
f 2105/7/2 2102/7/2 2106/7/2
f 2103/7/2 2104/7/2 2107/7/2
f 2104/7/2 2100/7/2 2107/7/2
f 2107/7/2 2100/7/2 2108/7/2
f 2106/7/2 2102/7/2 2109/7/2
f 2109/7/2 2102/7/2 2110/7/2
f 2103/7/2 2107/7/2 2111/7/2
f 2111/7/2 2107/7/2 2112/7/2
f 2113/7/2 2114/7/2 2117/7/2
f 2117/7/2 2114/7/2 2118/7/2
f 2115/7/2 2116/7/2 2119/7/2
f 2119/7/2 2116/7/2 2120/7/2
f 2121/7/2 2122/7/2 2125/7/2
f 2125/7/2 2122/7/2 2126/7/2
f 2123/7/2 2124/7/2 2129/7/2
f 2129/7/2 2124/7/2 2130/7/2
f 2126/7/2 2127/7/2 2131/7/2
f 2131/7/2 2127/7/2 2132/7/2
f 2128/7/2 2129/7/2 2133/7/2
f 2133/7/2 2129/7/2 2134/7/2
f 2135/7/2 2136/7/2 2139/7/2
f 2137/7/2 2138/7/2 2140/7/2
f 2135/7/2 2139/7/2 2141/7/2
f 2141/7/2 2139/7/2 2142/7/2
f 2140/7/2 2138/7/2 2143/7/2
f 2143/7/2 2138/7/2 2144/7/2
f 2145/6/2 2146/6/2 2149/6/2
f 2149/6/2 2146/6/2 2150/6/2
f 2147/6/2 2148/6/2 2151/6/2
f 2151/6/2 2148/6/2 2152/6/2
f 2153/7/2 2154/7/2 2157/7/2
f 2155/7/2 2156/7/2 2158/7/2
f 2153/7/2 2157/7/2 2159/7/2
f 2159/7/2 2157/7/2 2160/7/2
f 2158/7/2 2156/7/2 2161/7/2
f 2161/7/2 2156/7/2 2162/7/2
f 2163/7/2 2164/7/2 2167/7/2
f 2165/7/2 2166/7/2 2170/7/2
f 2167/7/2 2168/7/2 2171/7/2
f 2163/7/2 2167/7/2 2171/7/2
f 2171/7/2 2168/7/2 2172/7/2
f 2169/7/2 2170/7/2 2173/7/2
f 2170/7/2 2166/7/2 2173/7/2
f 2173/7/2 2166/7/2 2174/7/2
f 2172/7/2 2168/7/2 2175/7/2
f 2169/7/2 2173/7/2 2178/7/2
f 2175/7/2 2176/7/2 2179/7/2
f 2172/7/2 2175/7/2 2179/7/2
f 2179/7/2 2176/7/2 2180/7/2
f 2177/7/2 2178/7/2 2181/7/2
f 2178/7/2 2173/7/2 2181/7/2
f 2181/7/2 2173/7/2 2182/7/2
f 2180/7/2 2176/7/2 2183/7/2
f 2183/7/2 2176/7/2 2184/7/2
f 2177/7/2 2181/7/2 2185/7/2
f 2185/7/2 2181/7/2 2186/7/2
f 2187/7/2 2188/7/2 2191/7/2
f 2189/7/2 2190/7/2 2194/7/2
f 2191/7/2 2192/7/2 2195/7/2
f 2187/7/2 2191/7/2 2195/7/2
f 2195/7/2 2192/7/2 2196/7/2
f 2193/7/2 2194/7/2 2197/7/2
f 2194/7/2 2190/7/2 2197/7/2
f 2197/7/2 2190/7/2 2198/7/2
f 2196/7/2 2192/7/2 2199/7/2
f 2193/7/2 2197/7/2 2202/7/2
f 2199/7/2 2200/7/2 2203/7/2
f 2196/7/2 2199/7/2 2203/7/2
f 2203/7/2 2200/7/2 2204/7/2
f 2204/7/2 2200/7/2 2205/7/2
f 2201/7/2 2202/7/2 2206/7/2
f 2202/7/2 2197/7/2 2207/7/2
f 2206/7/2 2202/7/2 2207/7/2
f 2207/7/2 2197/7/2 2208/7/2
f 2204/7/2 2205/7/2 2209/7/2
f 2209/7/2 2205/7/2 2210/7/2
f 2206/7/2 2207/7/2 2211/7/2
f 2211/7/2 2207/7/2 2212/7/2
f 2213/7/2 2214/7/2 2217/7/2
f 2217/7/2 2214/7/2 2218/7/2
f 2215/7/2 2216/7/2 2219/7/2
f 2219/7/2 2216/7/2 2220/7/2
f 2221/1/2 2222/1/2 2223/1/2
f 2223/1/2 2222/1/2 2224/1/2
f 2225/1/2 2226/1/2 2227/1/2
f 2227/1/2 2226/1/2 2228/1/2
f 2229/1/2 2230/1/2 2231/1/2
f 2231/1/2 2230/1/2 2232/1/2
f 2233/1/2 2234/1/2 2237/1/2
f 2237/1/2 2234/1/2 2238/1/2
f 2235/1/2 2236/1/2 2239/1/2
f 2239/1/2 2236/1/2 2240/1/2
f 2241/7/2 2242/7/2 2245/7/2
f 2245/7/2 2242/7/2 2246/7/2
f 2243/7/2 2244/7/2 2247/7/2
f 2247/7/2 2244/7/2 2248/7/2
f 2246/7/2 2242/7/2 2249/7/2
f 2249/7/2 2242/7/2 2250/7/2
f 2243/7/2 2247/7/2 2251/7/2
f 2251/7/2 2247/7/2 2252/7/2
f 2253/4/2 2254/4/2 2257/4/2
f 2257/4/2 2254/4/2 2258/4/2
f 2255/4/2 2256/4/2 2259/4/2
f 2259/4/2 2256/4/2 2260/4/2
f 2261/1/2 2262/1/2 2263/1/2
f 2261/1/2 2263/1/2 2265/1/2
f 2263/1/2 2264/1/2 2265/1/2
f 2265/1/2 2264/1/2 2266/1/2
f 2266/1/2 2264/1/2 2267/1/2
f 2266/1/2 2267/1/2 2270/1/2
f 2267/1/2 2268/1/2 2270/1/2
f 2270/1/2 2268/1/2 2271/1/2
f 2271/1/2 2268/1/2 2272/1/2
f 2269/1/2 2270/1/2 2274/1/2
f 2270/1/2 2271/1/2 2274/1/2
f 2274/1/2 2271/1/2 2275/1/2
f 2275/1/2 2271/1/2 2276/1/2
f 2273/1/2 2274/1/2 2277/1/2
f 2274/1/2 2275/1/2 2277/1/2
f 2277/1/2 2275/1/2 2278/1/2
f 2278/1/2 2275/1/2 2279/1/2
f 2278/1/2 2279/1/2 2281/1/2
f 2279/1/2 2280/1/2 2281/1/2
f 2281/1/2 2280/1/2 2282/1/2
f 2282/1/2 2280/1/2 2284/1/2
f 2284/1/2 2280/1/2 2285/1/2
f 2284/1/2 2285/1/2 2287/1/2
f 2285/1/2 2286/1/2 2287/1/2
f 2283/1/2 2284/1/2 2287/1/2
f 2287/1/2 2286/1/2 2288/1/2
f 2288/1/2 2286/1/2 2289/1/2
f 2289/1/2 2286/1/2 2290/1/2
f 2288/1/2 2289/1/2 2292/1/2
f 2291/1/2 2292/1/2 2294/1/2
f 2292/1/2 2289/1/2 2295/1/2
f 2293/1/2 2294/1/2 2295/1/2
f 2294/1/2 2292/1/2 2295/1/2
f 2293/1/2 2295/1/2 2298/1/2
f 2295/1/2 2296/1/2 2298/1/2
f 2298/1/2 2296/1/2 2299/1/2
f 2298/1/2 2299/1/2 2301/1/2
f 2299/1/2 2300/1/2 2301/1/2
f 2297/1/2 2298/1/2 2301/1/2
f 2301/1/2 2300/1/2 2302/1/2
f 2302/1/2 2300/1/2 2303/1/2
f 2303/1/2 2300/1/2 2304/1/2
f 2302/1/2 2303/1/2 2306/1/2
f 2306/1/2 2303/1/2 2307/1/2
f 2307/1/2 2303/1/2 2308/1/2
f 2308/1/2 2303/1/2 2309/1/2
f 2305/1/2 2306/1/2 2311/1/2
f 2306/1/2 2307/1/2 2311/1/2
f 2311/1/2 2307/1/2 2312/1/2
f 2309/1/2 2310/1/2 2313/1/2
f 2308/1/2 2309/1/2 2313/1/2
f 2313/1/2 2310/1/2 2314/1/2
f 2312/1/2 2307/1/2 2315/1/2
f 2315/1/2 2307/1/2 2316/1/2
f 2308/1/2 2313/1/2 2317/1/2
f 2317/1/2 2313/1/2 2318/1/2
f 2319/1/2 2320/1/2 2323/1/2
f 2323/1/2 2320/1/2 2324/1/2
f 2321/1/2 2322/1/2 2325/1/2
f 2325/1/2 2322/1/2 2326/1/2
f 2327/4/2 2328/4/2 2335/4/2
f 2335/4/2 2328/4/2 2336/4/2
f 2329/1/2 2330/1/2 2337/1/2
f 2337/1/2 2330/1/2 2338/1/2
f 2331/1/2 2332/1/2 2339/1/2
f 2339/1/2 2332/1/2 2340/1/2
f 2333/4/2 2334/4/2 2341/4/2
f 2341/4/2 2334/4/2 2342/4/2
f 2335/1/2 2336/1/2 2343/1/2
f 2343/1/2 2336/1/2 2344/1/2
f 2341/1/2 2342/1/2 2347/1/2
f 2347/1/2 2342/1/2 2348/1/2
f 2344/4/2 2345/4/2 2350/4/2
f 2350/4/2 2345/4/2 2351/4/2
f 2346/4/2 2347/4/2 2352/4/2
f 2352/4/2 2347/4/2 2353/4/2
f 2349/1/2 2350/1/2 2355/1/2
f 2355/1/2 2350/1/2 2356/1/2
f 2353/1/2 2354/1/2 2357/1/2
f 2357/1/2 2354/1/2 2358/1/2
f 2359/7/2 2360/7/2 2363/7/2
f 2363/7/2 2360/7/2 2364/7/2
f 2361/7/2 2362/7/2 2365/7/2
f 2365/7/2 2362/7/2 2366/7/2
f 2367/1/2 2368/1/2 2370/1/2
f 2370/1/2 2368/1/2 2371/1/2
f 2369/1/2 2370/1/2 2373/1/2
f 2371/1/2 2372/1/2 2374/1/2
f 2369/1/2 2373/1/2 2375/1/2
f 2375/1/2 2373/1/2 2376/1/2
f 2374/1/2 2372/1/2 2377/1/2
f 2377/1/2 2372/1/2 2378/1/2
f 2379/1/2 2380/1/2 2383/1/2
f 2383/1/2 2380/1/2 2384/1/2
f 2381/1/2 2382/1/2 2385/1/2
f 2385/1/2 2382/1/2 2386/1/2
f 2387/1/2 2388/1/2 2389/1/2
f 2389/1/2 2388/1/2 2390/1/2
f 2391/6/2 2392/6/2 2395/6/2
f 2395/6/2 2392/6/2 2396/6/2
f 2396/6/2 2392/6/2 2397/6/2
f 2393/6/2 2394/6/2 2398/6/2
f 2398/6/2 2394/6/2 2399/6/2
f 2399/6/2 2394/6/2 2400/6/2
f 2401/7/2 2402/7/2 2406/7/2
f 2406/7/2 2402/7/2 2407/7/2
f 2403/7/2 2404/7/2 2408/7/2
f 2408/7/2 2404/7/2 2409/7/2
f 2405/7/2 2406/7/2 2411/7/2
f 2411/7/2 2406/7/2 2412/7/2
f 2409/7/2 2410/7/2 2415/7/2
f 2415/7/2 2410/7/2 2416/7/2
f 2412/7/2 2413/7/2 2417/7/2
f 2417/7/2 2413/7/2 2418/7/2
f 2414/7/2 2415/7/2 2421/7/2
f 2421/7/2 2415/7/2 2422/7/2
f 2418/7/2 2419/7/2 2423/7/2
f 2423/7/2 2419/7/2 2424/7/2
f 2420/7/2 2421/7/2 2425/7/2
f 2425/7/2 2421/7/2 2426/7/2
f 2427/7/2 2428/7/2 2431/7/2
f 2431/7/2 2428/7/2 2432/7/2
f 2429/7/2 2430/7/2 2435/7/2
f 2435/7/2 2430/7/2 2436/7/2
f 2432/7/2 2433/7/2 2437/7/2
f 2437/7/2 2433/7/2 2438/7/2
f 2434/7/2 2435/7/2 2441/7/2
f 2441/7/2 2435/7/2 2442/7/2
f 2443/2/2 2444/2/2 2445/2/2
f 2445/2/2 2444/2/2 2446/2/2
f 2438/7/2 2439/7/2 2447/7/2
f 2447/7/2 2439/7/2 2448/7/2
f 2440/7/2 2441/7/2 2451/7/2
f 2451/7/2 2441/7/2 2452/7/2
f 2448/7/2 2449/7/2 2455/7/2
f 2455/7/2 2449/7/2 2456/7/2
f 2453/1/2 2454/1/2 2457/1/2
f 2457/1/2 2454/1/2 2458/1/2
f 2450/7/2 2451/7/2 2459/7/2
f 2459/7/2 2451/7/2 2460/7/2
f 2457/1/2 2458/1/2 2461/1/2
f 2461/1/2 2458/1/2 2462/1/2
f 2461/1/2 2462/1/2 2464/1/2
f 2464/1/2 2462/1/2 2465/1/2
f 2464/1/2 2465/1/2 2467/1/2
f 2465/1/2 2466/1/2 2467/1/2
f 2463/1/2 2464/1/2 2467/1/2
f 2467/1/2 2466/1/2 2468/1/2
f 2469/4/2 2470/4/2 2476/4/2
f 2476/4/2 2470/4/2 2477/4/2
f 2471/4/2 2472/4/2 2478/4/2
f 2478/4/2 2472/4/2 2479/4/2
f 2474/1/2 2475/1/2 2483/1/2
f 2473/1/2 2474/1/2 2483/1/2
f 2481/1/2 2482/1/2 2484/1/2
f 2480/1/2 2481/1/2 2484/1/2
f 2473/1/2 2483/1/2 2485/1/2
f 2485/1/2 2483/1/2 2486/1/2
f 2486/1/2 2483/1/2 2487/1/2
f 2487/1/2 2483/1/2 2488/1/2
f 2484/1/2 2482/1/2 2489/1/2
f 2489/1/2 2482/1/2 2490/1/2
f 2490/1/2 2482/1/2 2491/1/2
f 2491/1/2 2482/1/2 2492/1/2
f 2486/1/2 2487/1/2 2493/1/2
f 2493/1/2 2487/1/2 2494/1/2
f 2490/1/2 2491/1/2 2495/1/2
f 2495/1/2 2491/1/2 2496/1/2
f 2497/7/2 2498/7/2 2501/7/2
f 2501/7/2 2498/7/2 2502/7/2
f 2499/7/2 2500/7/2 2505/7/2
f 2505/7/2 2500/7/2 2506/7/2
f 2507/1/2 2508/1/2 2511/1/2
f 2511/1/2 2508/1/2 2512/1/2
f 2509/1/2 2510/1/2 2513/1/2
f 2513/1/2 2510/1/2 2514/1/2
f 2502/7/2 2503/7/2 2515/7/2
f 2515/7/2 2503/7/2 2516/7/2
f 2504/7/2 2505/7/2 2519/7/2
f 2519/7/2 2505/7/2 2520/7/2
f 2516/7/2 2517/7/2 2521/7/2
f 2521/7/2 2517/7/2 2522/7/2
f 2518/7/2 2519/7/2 2523/7/2
f 2523/7/2 2519/7/2 2524/7/2
f 2525/4/2 2526/4/2 2528/4/2
f 2528/4/2 2526/4/2 2529/4/2
f 2527/4/2 2528/4/2 2531/4/2
f 2528/2/2 2529/2/2 2532/2/2
f 2531/4/2 2528/4/2 2532/4/2
f 2529/4/2 2530/4/2 2533/4/2
f 2532/2/2 2529/2/2 2533/2/2
f 2533/4/2 2530/4/2 2534/4/2
f 2531/2/2 2532/2/2 2537/2/2
f 2537/2/2 2532/2/2 2538/2/2
f 2533/2/2 2534/2/2 2539/2/2
f 2539/2/2 2534/2/2 2540/2/2
f 2543/2/2 2544/2/2 2547/2/2
f 2547/2/2 2544/2/2 2548/2/2
f 2545/2/2 2546/2/2 2549/2/2
f 2549/2/2 2546/2/2 2550/2/2
f 2535/7/2 2536/7/2 2553/7/2
f 2553/7/2 2536/7/2 2554/7/2
f 2551/4/2 2552/4/2 2557/4/2
f 2557/4/2 2552/4/2 2558/4/2
f 2558/4/2 2552/4/2 2559/4/2
f 2559/4/2 2552/4/2 2560/4/2
f 2541/7/2 2542/7/2 2563/7/2
f 2563/7/2 2542/7/2 2564/7/2
f 2555/1/2 2556/1/2 2565/1/2
f 2554/7/2 2555/7/2 2565/7/2
f 2565/1/2 2556/1/2 2566/1/2
f 2558/4/2 2559/4/2 2567/4/2
f 2567/4/2 2559/4/2 2568/4/2
f 2561/1/2 2562/1/2 2569/1/2
f 2562/7/2 2563/7/2 2570/7/2
f 2569/1/2 2562/1/2 2570/1/2
f 2554/7/2 2565/7/2 2571/7/2
f 2570/7/2 2563/7/2 2572/7/2
f 2571/7/2 2565/7/2 2573/7/2
f 2573/7/2 2565/7/2 2574/7/2
f 2570/7/2 2572/7/2 2575/7/2
f 2575/7/2 2572/7/2 2576/7/2
f 2577/1/2 2578/1/2 2581/1/2
f 2581/1/2 2578/1/2 2582/1/2
f 2579/1/2 2580/1/2 2583/1/2
f 2583/1/2 2580/1/2 2584/1/2
f 2585/1/2 2586/1/2 2589/1/2
f 2587/1/2 2588/1/2 2592/1/2
f 2589/1/2 2590/1/2 2593/1/2
f 2585/1/2 2589/1/2 2593/1/2
f 2593/1/2 2590/1/2 2594/1/2
f 2591/1/2 2592/1/2 2595/1/2
f 2592/1/2 2588/1/2 2596/1/2
f 2595/1/2 2592/1/2 2596/1/2
f 2597/1/2 2598/1/2 2601/1/2
f 2601/1/2 2598/1/2 2602/1/2
f 2599/1/2 2600/1/2 2603/1/2
f 2603/1/2 2600/1/2 2604/1/2
f 2605/2/2 2606/2/2 2609/2/2
f 2609/2/2 2606/2/2 2610/2/2
f 2607/2/2 2608/2/2 2611/2/2
f 2611/2/2 2608/2/2 2612/2/2
f 2610/2/2 2606/2/2 2613/2/2
f 2613/2/2 2606/2/2 2614/2/2
f 2607/2/2 2611/2/2 2615/2/2
f 2615/2/2 2611/2/2 2616/2/2
f 2617/4/2 2618/4/2 2621/4/2
f 2621/4/2 2618/4/2 2622/4/2
f 2619/4/2 2620/4/2 2623/4/2
f 2623/4/2 2620/4/2 2624/4/2
f 2625/1/2 2626/1/2 2629/1/2
f 2629/1/2 2626/1/2 2630/1/2
f 2627/1/2 2628/1/2 2631/1/2
f 2631/1/2 2628/1/2 2632/1/2
f 2633/1/2 2634/1/2 2637/1/2
f 2637/1/2 2634/1/2 2638/1/2
f 2635/1/2 2636/1/2 2639/1/2
f 2639/1/2 2636/1/2 2640/1/2
f 2643/1/2 2644/1/2 2645/1/2
f 2645/1/2 2644/1/2 2646/1/2
f 2641/1/2 2642/1/2 2648/1/2
f 2643/1/2 2645/1/2 2649/1/2
f 2647/1/2 2648/1/2 2652/1/2
f 2649/1/2 2650/1/2 2653/1/2
f 2651/1/2 2652/1/2 2655/1/2
f 2652/1/2 2648/1/2 2656/1/2
f 2655/1/2 2652/1/2 2656/1/2
f 2649/1/2 2653/1/2 2657/1/2
f 2653/1/2 2654/1/2 2657/1/2
f 2657/1/2 2654/1/2 2658/1/2
f 2656/1/2 2648/1/2 2660/1/2
f 2648/1/2 2642/1/2 2661/1/2
f 2660/1/2 2648/1/2 2661/1/2
f 2649/1/2 2657/1/2 2664/1/2
f 2643/1/2 2649/1/2 2664/1/2
f 2664/1/2 2657/1/2 2665/1/2
f 2659/1/2 2660/1/2 2667/1/2
f 2667/1/2 2660/1/2 2668/1/2
f 2665/1/2 2666/1/2 2669/1/2
f 2669/1/2 2666/1/2 2670/1/2
f 2661/1/2 2662/1/2 2671/1/2
f 2663/1/2 2664/1/2 2674/1/2
f 2671/1/2 2672/1/2 2675/1/2
f 2673/1/2 2674/1/2 2678/1/2
f 2675/1/2 2676/1/2 2679/1/2
f 2661/1/2 2671/1/2 2679/1/2
f 2671/1/2 2675/1/2 2679/1/2
f 2679/1/2 2676/1/2 2680/1/2
f 2677/1/2 2678/1/2 2681/1/2
f 2678/1/2 2674/1/2 2681/1/2
f 2674/1/2 2664/1/2 2682/1/2
f 2681/1/2 2674/1/2 2682/1/2
f 2680/1/2 2676/1/2 2683/1/2
f 2683/1/2 2676/1/2 2684/1/2
f 2677/1/2 2681/1/2 2685/1/2
f 2685/1/2 2681/1/2 2686/1/2
f 2687/1/2 2688/1/2 2693/1/2
f 2693/1/2 2688/1/2 2694/1/2
f 2689/1/2 2690/1/2 2695/1/2
f 2695/1/2 2690/1/2 2696/1/2
f 2691/1/2 2692/1/2 2699/1/2
f 2699/1/2 2692/1/2 2700/1/2
f 2697/1/2 2698/1/2 2701/1/2
f 2701/1/2 2698/1/2 2702/1/2
f 2703/1/2 2704/1/2 2707/1/2
f 2707/1/2 2704/1/2 2708/1/2
f 2705/1/2 2706/1/2 2709/1/2
f 2709/1/2 2706/1/2 2710/1/2
f 2715/2/2 2716/2/2 2719/2/2
f 2717/2/2 2718/2/2 2722/2/2
f 2715/2/2 2719/2/2 2723/2/2
f 2719/4/2 2720/4/2 2724/4/2
f 2723/2/2 2719/2/2 2724/2/2
f 2724/4/2 2720/4/2 2725/4/2
f 2721/4/2 2722/4/2 2726/4/2
f 2722/2/2 2718/2/2 2727/2/2
f 2726/4/2 2722/4/2 2727/4/2
f 2727/2/2 2718/2/2 2728/2/2
f 2711/1/2 2712/1/2 2729/1/2
f 2729/1/2 2712/1/2 2730/1/2
f 2723/1/2 2724/1/2 2731/1/2
f 2724/2/2 2725/2/2 2732/2/2
f 2731/1/2 2724/1/2 2732/1/2
f 2732/2/2 2725/2/2 2733/2/2
f 2726/2/2 2727/2/2 2734/2/2
f 2727/1/2 2728/1/2 2735/1/2
f 2734/2/2 2727/2/2 2735/2/2
f 2735/1/2 2728/1/2 2736/1/2
f 2713/1/2 2714/1/2 2737/1/2
f 2737/1/2 2714/1/2 2738/1/2
f 2733/4/2 2734/4/2 2739/4/2
f 2739/4/2 2734/4/2 2740/4/2
f 2741/1/2 2742/1/2 2745/1/2
f 2743/1/2 2744/1/2 2746/1/2
f 2745/1/2 2742/1/2 2747/1/2
f 2747/1/2 2742/1/2 2748/1/2
f 2743/1/2 2746/1/2 2749/1/2
f 2749/1/2 2746/1/2 2750/1/2
f 2751/1/2 2752/1/2 2756/1/2
f 2753/1/2 2754/1/2 2757/1/2
f 2755/1/2 2756/1/2 2759/1/2
f 2756/1/2 2752/1/2 2759/1/2
f 2757/1/2 2758/1/2 2760/1/2
f 2753/1/2 2757/1/2 2760/1/2
f 2755/1/2 2759/1/2 2761/1/2
f 2760/1/2 2758/1/2 2766/1/2
f 2755/1/2 2761/1/2 2767/1/2
f 2761/1/2 2762/1/2 2767/1/2
f 2762/1/2 2763/1/2 2767/1/2
f 2767/1/2 2763/1/2 2768/1/2
f 2764/1/2 2765/1/2 2769/1/2
f 2765/1/2 2766/1/2 2769/1/2
f 2766/1/2 2758/1/2 2769/1/2
f 2769/1/2 2758/1/2 2770/1/2
f 2768/1/2 2763/1/2 2771/1/2
f 2764/1/2 2769/1/2 2774/1/2
f 2771/1/2 2772/1/2 2775/1/2
f 2768/1/2 2771/1/2 2775/1/2
f 2775/1/2 2772/1/2 2776/1/2
f 2773/1/2 2774/1/2 2777/1/2
f 2774/1/2 2769/1/2 2778/1/2
f 2777/1/2 2774/1/2 2778/1/2
f 2768/1/2 2775/1/2 2779/1/2
f 2779/1/2 2775/1/2 2780/1/2
f 2778/1/2 2769/1/2 2781/1/2
f 2781/1/2 2769/1/2 2782/1/2
f 2780/1/2 2775/1/2 2783/1/2
f 2783/1/2 2775/1/2 2784/1/2
f 2778/1/2 2781/1/2 2785/1/2
f 2785/1/2 2781/1/2 2786/1/2
f 2787/1/2 2788/1/2 2791/1/2
f 2789/1/2 2790/1/2 2794/1/2
f 2791/2/2 2792/2/2 2795/2/2
f 2787/1/2 2791/1/2 2795/1/2
f 2795/2/2 2792/2/2 2796/2/2
f 2796/2/2 2792/2/2 2797/2/2
f 2793/2/2 2794/2/2 2798/2/2
f 2798/2/2 2794/2/2 2799/2/2
f 2794/1/2 2790/1/2 2800/1/2
f 2799/2/2 2794/2/2 2800/2/2
f 2796/2/2 2797/2/2 2801/2/2
f 2795/1/2 2796/1/2 2801/1/2
f 2801/2/2 2797/2/2 2802/2/2
f 2798/2/2 2799/2/2 2803/2/2
f 2799/1/2 2800/1/2 2804/1/2
f 2803/2/2 2799/2/2 2804/2/2
f 2787/1/2 2795/1/2 2805/1/2
f 2795/1/2 2801/1/2 2805/1/2
f 2805/1/2 2801/1/2 2806/1/2
f 2800/1/2 2790/1/2 2807/1/2
f 2804/1/2 2800/1/2 2807/1/2
f 2807/1/2 2790/1/2 2808/1/2
f 2806/1/2 2801/1/2 2811/1/2
f 2811/1/2 2801/1/2 2812/1/2
f 2804/1/2 2807/1/2 2815/1/2
f 2815/1/2 2807/1/2 2816/1/2
f 2809/1/2 2810/1/2 2819/1/2
f 2812/4/2 2813/4/2 2821/4/2
f 2821/4/2 2813/4/2 2822/4/2
f 2814/4/2 2815/4/2 2823/4/2
f 2823/4/2 2815/4/2 2824/4/2
f 2817/1/2 2818/1/2 2826/1/2
f 2819/1/2 2820/1/2 2827/1/2
f 2809/1/2 2819/1/2 2827/1/2
f 2827/1/2 2820/1/2 2828/1/2
f 2828/1/2 2820/1/2 2829/1/2
f 2825/1/2 2826/1/2 2830/1/2
f 2826/1/2 2818/1/2 2831/1/2
f 2830/1/2 2826/1/2 2831/1/2
f 2831/1/2 2818/1/2 2832/1/2
f 2828/1/2 2829/1/2 2835/1/2
f 2835/1/2 2829/1/2 2836/1/2
f 2830/1/2 2831/1/2 2837/1/2
f 2837/1/2 2831/1/2 2838/1/2
f 2833/5/2 2834/5/2 2841/5/2
f 2841/5/2 2834/5/2 2842/5/2
f 2839/5/2 2840/5/2 2843/5/2
f 2843/5/2 2840/5/2 2844/5/2
f 2841/3/2 2842/3/2 2845/3/2
f 2845/3/2 2842/3/2 2846/3/2
f 2843/3/2 2844/3/2 2847/3/2
f 2847/3/2 2844/3/2 2848/3/2
f 2849/3/2 2850/3/2 2853/3/2
f 2853/3/2 2850/3/2 2854/3/2
f 2851/3/2 2852/3/2 2855/3/2
f 2855/3/2 2852/3/2 2856/3/2
f 2857/3/2 2858/3/2 2861/3/2
f 2861/3/2 2858/3/2 2862/3/2
f 2859/3/2 2860/3/2 2863/3/2
f 2863/3/2 2860/3/2 2864/3/2
f 2865/7/2 2866/7/2 2869/7/2
f 2869/7/2 2866/7/2 2870/7/2
f 2867/7/2 2868/7/2 2873/7/2
f 2873/7/2 2868/7/2 2874/7/2
f 2875/1/2 2876/1/2 2880/1/2
f 2877/1/2 2878/1/2 2881/1/2
f 2879/1/2 2880/1/2 2883/1/2
f 2880/1/2 2876/1/2 2884/1/2
f 2883/1/2 2880/1/2 2884/1/2
f 2881/1/2 2882/1/2 2885/1/2
f 2877/1/2 2881/1/2 2885/1/2
f 2885/1/2 2882/1/2 2886/1/2
f 2870/7/2 2871/7/2 2887/7/2
f 2887/7/2 2871/7/2 2888/7/2
f 2872/7/2 2873/7/2 2891/7/2
f 2891/7/2 2873/7/2 2892/7/2
f 2888/7/2 2889/7/2 2893/7/2
f 2893/7/2 2889/7/2 2894/7/2
f 2890/7/2 2891/7/2 2895/7/2
f 2895/7/2 2891/7/2 2896/7/2
f 2897/1/2 2898/1/2 2901/1/2
f 2901/1/2 2898/1/2 2902/1/2
f 2899/1/2 2900/1/2 2903/1/2
f 2903/1/2 2900/1/2 2904/1/2
f 2905/7/2 2906/7/2 2917/7/2
f 2917/7/2 2906/7/2 2918/7/2
f 2909/4/2 2910/4/2 2921/4/2
f 2913/4/2 2914/4/2 2922/4/2
f 2922/4/2 2914/4/2 2923/4/2
f 2915/4/2 2916/4/2 2924/4/2
f 2924/4/2 2916/4/2 2925/4/2
f 2911/4/2 2912/4/2 2926/4/2
f 2907/7/2 2908/7/2 2929/7/2
f 2929/7/2 2908/7/2 2930/7/2
f 2919/1/2 2920/1/2 2931/1/2
f 2931/1/2 2920/1/2 2932/1/2
f 2909/4/2 2921/4/2 2933/4/2
f 2933/4/2 2921/4/2 2934/4/2
f 2926/4/2 2912/4/2 2937/4/2
f 2937/4/2 2912/4/2 2938/4/2
f 2927/1/2 2928/1/2 2939/1/2
f 2939/1/2 2928/1/2 2940/1/2
f 2935/2/2 2936/2/2 2943/2/2
f 2943/2/2 2936/2/2 2944/2/2
f 2941/7/2 2942/7/2 2947/7/2
f 2945/7/2 2946/7/2 2948/7/2
f 2947/7/2 2942/7/2 2949/7/2
f 2949/7/2 2942/7/2 2950/7/2
f 2945/7/2 2948/7/2 2951/7/2
f 2951/7/2 2948/7/2 2952/7/2
f 2953/3/2 2954/3/2 2957/3/2
f 2957/3/2 2954/3/2 2958/3/2
f 2955/3/2 2956/3/2 2959/3/2
f 2959/3/2 2956/3/2 2960/3/2
f 2961/3/2 2962/3/2 2965/3/2
f 2965/3/2 2962/3/2 2966/3/2
f 2963/3/2 2964/3/2 2967/3/2
f 2967/3/2 2964/3/2 2968/3/2
f 2969/3/2 2970/3/2 2973/3/2
f 2973/3/2 2970/3/2 2974/3/2
f 2971/3/2 2972/3/2 2977/3/2
f 2977/3/2 2972/3/2 2978/3/2
f 2974/3/2 2975/3/2 2979/3/2
f 2979/3/2 2975/3/2 2980/3/2
f 2976/3/2 2977/3/2 2981/3/2
f 2981/3/2 2977/3/2 2982/3/2
f 2983/7/2 2984/7/2 2988/7/2
f 2988/7/2 2984/7/2 2989/7/2
f 2985/7/2 2986/7/2 2990/7/2
f 2990/7/2 2986/7/2 2991/7/2
f 2987/7/2 2988/7/2 2993/7/2
f 2993/7/2 2988/7/2 2994/7/2
f 2991/7/2 2992/7/2 2997/7/2
f 2997/7/2 2992/7/2 2998/7/2
f 2994/7/2 2995/7/2 2999/7/2
f 2999/7/2 2995/7/2 3000/7/2
f 2996/7/2 2997/7/2 3003/7/2
f 3003/7/2 2997/7/2 3004/7/2
f 3000/7/2 3001/7/2 3005/7/2
f 3005/7/2 3001/7/2 3006/7/2
f 3002/7/2 3003/7/2 3007/7/2
f 3007/7/2 3003/7/2 3008/7/2
f 3009/7/2 3010/7/2 3013/7/2
f 3013/7/2 3010/7/2 3014/7/2
f 3011/7/2 3012/7/2 3017/7/2
f 3017/7/2 3012/7/2 3018/7/2
f 3014/7/2 3015/7/2 3019/7/2
f 3019/7/2 3015/7/2 3020/7/2
f 3016/7/2 3017/7/2 3023/7/2
f 3023/7/2 3017/7/2 3024/7/2
f 3020/7/2 3021/7/2 3025/7/2
f 3025/7/2 3021/7/2 3026/7/2
f 3022/7/2 3023/7/2 3029/7/2
f 3029/7/2 3023/7/2 3030/7/2
f 3026/7/2 3027/7/2 3031/7/2
f 3031/7/2 3027/7/2 3032/7/2
f 3028/7/2 3029/7/2 3033/7/2
f 3033/7/2 3029/7/2 3034/7/2
f 3035/1/2 3036/1/2 3039/1/2
f 3039/1/2 3036/1/2 3040/1/2
f 3037/1/2 3038/1/2 3041/1/2
f 3041/1/2 3038/1/2 3042/1/2
f 3045/4/2 3046/4/2 3052/4/2
f 3052/4/2 3046/4/2 3053/4/2
f 3053/4/2 3046/4/2 3054/4/2
f 3047/4/2 3048/4/2 3055/4/2
f 3055/4/2 3048/4/2 3056/4/2
f 3056/4/2 3048/4/2 3057/4/2
f 3043/4/2 3044/4/2 3059/4/2
f 3059/4/2 3044/4/2 3060/4/2
f 3051/1/2 3052/1/2 3061/1/2
f 3061/1/2 3052/1/2 3062/1/2
f 3062/1/2 3052/1/2 3063/1/2
f 3053/2/2 3054/2/2 3065/2/2
f 3065/2/2 3054/2/2 3066/2/2
f 3055/2/2 3056/2/2 3067/2/2
f 3067/2/2 3056/2/2 3068/2/2
f 3057/1/2 3058/1/2 3070/1/2
f 3070/1/2 3058/1/2 3071/1/2
f 3071/1/2 3058/1/2 3072/1/2
f 3049/4/2 3050/4/2 3073/4/2
f 3073/4/2 3050/4/2 3074/4/2
f 3064/2/2 3065/2/2 3075/2/2
f 3075/2/2 3065/2/2 3076/2/2
f 3068/2/2 3069/2/2 3077/2/2
f 3077/2/2 3069/2/2 3078/2/2
f 3079/5/2 3080/5/2 3083/5/2
f 3083/5/2 3080/5/2 3084/5/2
f 3081/5/2 3082/5/2 3085/5/2
f 3085/5/2 3082/5/2 3086/5/2
f 3083/3/2 3084/3/2 3087/3/2
f 3087/3/2 3084/3/2 3088/3/2
f 3085/3/2 3086/3/2 3089/3/2
f 3089/3/2 3086/3/2 3090/3/2
f 3091/3/2 3092/3/2 3095/3/2
f 3095/3/2 3092/3/2 3096/3/2
f 3093/3/2 3094/3/2 3099/3/2
f 3099/3/2 3094/3/2 3100/3/2
f 3096/3/2 3097/3/2 3101/3/2
f 3101/3/2 3097/3/2 3102/3/2
f 3098/3/2 3099/3/2 3103/3/2
f 3103/3/2 3099/3/2 3104/3/2
f 3102/3/2 3097/3/2 3105/3/2
f 3105/3/2 3097/3/2 3106/3/2
f 3098/3/2 3103/3/2 3109/3/2
f 3109/3/2 3103/3/2 3110/3/2
f 3106/3/2 3107/3/2 3111/3/2
f 3111/3/2 3107/3/2 3112/3/2
f 3108/3/2 3109/3/2 3113/3/2
f 3113/3/2 3109/3/2 3114/3/2
f 3115/7/2 3116/7/2 3119/7/2
f 3119/7/2 3116/7/2 3120/7/2
f 3117/7/2 3118/7/2 3121/7/2
f 3121/7/2 3118/7/2 3122/7/2
f 3123/4/2 3124/4/2 3131/4/2
f 3124/2/2 3125/2/2 3132/2/2
f 3131/4/2 3124/4/2 3132/4/2
f 3132/2/2 3125/2/2 3133/2/2
f 3126/2/2 3127/2/2 3134/2/2
f 3127/4/2 3128/4/2 3135/4/2
f 3134/2/2 3127/2/2 3135/2/2
f 3135/4/2 3128/4/2 3136/4/2
f 3129/6/2 3130/6/2 3139/6/2
f 3131/4/2 3132/4/2 3140/4/2
f 3140/4/2 3132/4/2 3141/4/2
f 3135/4/2 3136/4/2 3142/4/2
f 3142/4/2 3136/4/2 3143/4/2
f 3137/6/2 3138/6/2 3144/6/2
f 3129/6/2 3139/6/2 3145/6/2
f 3145/6/2 3139/6/2 3146/6/2
f 3144/6/2 3138/6/2 3147/6/2
f 3147/6/2 3138/6/2 3148/6/2
f 3149/3/2 3150/3/2 3153/3/2
f 3153/3/2 3150/3/2 3154/3/2
f 3151/3/2 3152/3/2 3155/3/2
f 3155/3/2 3152/3/2 3156/3/2
f 3157/3/2 3158/3/2 3161/3/2
f 3161/3/2 3158/3/2 3162/3/2
f 3159/3/2 3160/3/2 3163/3/2
f 3163/3/2 3160/3/2 3164/3/2
f 3165/3/2 3166/3/2 3169/3/2
f 3169/3/2 3166/3/2 3170/3/2
f 3167/3/2 3168/3/2 3171/3/2
f 3171/3/2 3168/3/2 3172/3/2
f 3173/1/2 3174/1/2 3175/1/2
f 3173/1/2 3175/1/2 3177/1/2
f 3175/1/2 3176/1/2 3177/1/2
f 3177/1/2 3176/1/2 3178/1/2
f 3178/1/2 3176/1/2 3179/1/2
f 3178/1/2 3179/1/2 3182/1/2
f 3179/1/2 3180/1/2 3182/1/2
f 3182/1/2 3180/1/2 3183/1/2
f 3183/1/2 3180/1/2 3184/1/2
f 3181/1/2 3182/1/2 3186/1/2
f 3182/1/2 3183/1/2 3186/1/2
f 3186/1/2 3183/1/2 3187/1/2
f 3187/1/2 3183/1/2 3188/1/2
f 3185/1/2 3186/1/2 3189/1/2
f 3186/1/2 3187/1/2 3189/1/2
f 3189/1/2 3187/1/2 3190/1/2
f 3190/1/2 3187/1/2 3191/1/2
f 3190/1/2 3191/1/2 3193/1/2
f 3191/1/2 3192/1/2 3193/1/2
f 3193/1/2 3192/1/2 3194/1/2
f 3195/1/2 3196/1/2 3199/1/2
f 3199/1/2 3196/1/2 3200/1/2
f 3197/1/2 3198/1/2 3201/1/2
f 3201/1/2 3198/1/2 3202/1/2
f 3203/1/2 3204/1/2 3205/1/2
f 3205/1/2 3204/1/2 3206/1/2
f 3206/1/2 3207/1/2 3209/1/2
f 3209/1/2 3207/1/2 3210/1/2
f 3208/1/2 3209/1/2 3212/1/2
f 3210/1/2 3211/1/2 3212/1/2
f 3209/1/2 3210/1/2 3212/1/2
f 3212/1/2 3211/1/2 3213/1/2
f 3213/1/2 3211/1/2 3214/1/2
f 3214/1/2 3211/1/2 3215/1/2
f 3213/1/2 3214/1/2 3216/1/2
f 3216/1/2 3214/1/2 3217/1/2
f 3213/1/2 3216/1/2 3220/1/2
f 3220/1/2 3216/1/2 3221/1/2
f 3219/1/2 3220/1/2 3225/1/2
f 3218/1/2 3219/1/2 3225/1/2
f 3225/1/2 3220/1/2 3226/1/2
f 3222/1/2 3223/1/2 3227/1/2
f 3223/1/2 3224/1/2 3227/1/2
f 3227/1/2 3224/1/2 3228/1/2
f 3218/1/2 3225/1/2 3229/1/2
f 3229/1/2 3225/1/2 3230/1/2
f 3228/1/2 3224/1/2 3231/1/2
f 3231/1/2 3224/1/2 3232/1/2
f 3233/1/2 3234/1/2 3237/1/2
f 3237/1/2 3234/1/2 3238/1/2
f 3235/1/2 3236/1/2 3239/1/2
f 3239/1/2 3236/1/2 3240/1/2
f 3241/1/2 3242/1/2 3243/1/2
f 3243/1/2 3242/1/2 3244/1/2
f 3243/1/2 3244/1/2 3246/1/2
f 3246/1/2 3244/1/2 3247/1/2
f 3246/1/2 3247/1/2 3249/1/2
f 3247/1/2 3248/1/2 3249/1/2
f 3245/1/2 3246/1/2 3249/1/2
f 3249/1/2 3248/1/2 3250/1/2
f 3245/1/2 3249/1/2 3251/1/2
f 3251/1/2 3249/1/2 3252/1/2
f 3250/1/2 3248/1/2 3253/1/2
f 3253/1/2 3248/1/2 3254/1/2
f 3255/4/2 3256/4/2 3259/4/2
f 3259/4/2 3256/4/2 3260/4/2
f 3257/4/2 3258/4/2 3261/4/2
f 3261/4/2 3258/4/2 3262/4/2
f 3259/1/2 3260/1/2 3263/1/2
f 3263/1/2 3260/1/2 3264/1/2
f 3261/1/2 3262/1/2 3267/1/2
f 3267/1/2 3262/1/2 3268/1/2
f 3263/1/2 3264/1/2 3269/1/2
f 3264/4/2 3265/4/2 3270/4/2
f 3269/1/2 3264/1/2 3270/1/2
f 3266/4/2 3267/4/2 3271/4/2
f 3267/1/2 3268/1/2 3271/1/2
f 3271/1/2 3268/1/2 3272/1/2
f 3270/4/2 3265/4/2 3275/4/2
f 3275/4/2 3265/4/2 3276/4/2
f 3266/4/2 3271/4/2 3277/4/2
f 3277/4/2 3271/4/2 3278/4/2
f 3273/6/2 3274/6/2 3281/6/2
f 3281/6/2 3274/6/2 3282/6/2
f 3282/6/2 3274/6/2 3283/6/2
f 3279/6/2 3280/6/2 3284/6/2
f 3284/6/2 3280/6/2 3285/6/2
f 3285/6/2 3280/6/2 3286/6/2
f 3281/5/2 3282/5/2 3288/5/2
f 3288/5/2 3282/5/2 3289/5/2
f 3285/5/2 3286/5/2 3290/5/2
f 3290/5/2 3286/5/2 3291/5/2
f 3287/6/2 3288/6/2 3293/6/2
f 3293/6/2 3288/6/2 3294/6/2
f 3291/6/2 3292/6/2 3295/6/2
f 3295/6/2 3292/6/2 3296/6/2
f 3297/3/2 3298/3/2 3301/3/2
f 3301/3/2 3298/3/2 3302/3/2
f 3299/3/2 3300/3/2 3305/3/2
f 3305/3/2 3300/3/2 3306/3/2
f 3302/3/2 3303/3/2 3307/3/2
f 3304/3/2 3305/3/2 3310/3/2
f 3307/3/2 3308/3/2 3311/3/2
f 3302/3/2 3307/3/2 3311/3/2
f 3311/3/2 3308/3/2 3312/3/2
f 3309/3/2 3310/3/2 3315/3/2
f 3310/3/2 3305/3/2 3316/3/2
f 3315/3/2 3310/3/2 3316/3/2
f 3312/3/2 3313/3/2 3317/3/2
f 3317/3/2 3313/3/2 3318/3/2
f 3314/3/2 3315/3/2 3319/3/2
f 3319/3/2 3315/3/2 3320/3/2
f 3321/3/2 3322/3/2 3325/3/2
f 3325/3/2 3322/3/2 3326/3/2
f 3323/3/2 3324/3/2 3327/3/2
f 3327/3/2 3324/3/2 3328/3/2
f 3329/7/2 3330/7/2 3333/7/2
f 3331/7/2 3332/7/2 3334/7/2
f 3333/7/2 3330/7/2 3335/7/2
f 3335/7/2 3330/7/2 3336/7/2
f 3331/7/2 3334/7/2 3337/7/2
f 3337/7/2 3334/7/2 3338/7/2
f 3339/1/2 3340/1/2 3342/1/2
f 3342/1/2 3340/1/2 3343/1/2
f 3341/1/2 3342/1/2 3345/1/2
f 3345/1/2 3342/1/2 3346/1/2
f 3343/1/2 3344/1/2 3347/1/2
f 3347/1/2 3344/1/2 3348/1/2
f 3351/1/2 3352/1/2 3354/1/2
f 3349/1/2 3350/1/2 3355/1/2
f 3355/1/2 3350/1/2 3356/1/2
f 3353/1/2 3354/1/2 3357/1/2
f 3354/1/2 3352/1/2 3358/1/2
f 3357/1/2 3354/1/2 3358/1/2
f 3358/1/2 3352/1/2 3359/1/2
f 3356/1/2 3357/1/2 3361/1/2
f 3357/1/2 3358/1/2 3361/1/2
f 3361/1/2 3358/1/2 3362/1/2
f 3360/1/2 3361/1/2 3365/1/2
f 3362/1/2 3363/1/2 3365/1/2
f 3361/1/2 3362/1/2 3365/1/2
f 3365/1/2 3363/1/2 3366/1/2
f 3365/1/2 3366/1/2 3368/1/2
f 3366/1/2 3367/1/2 3368/1/2
f 3364/1/2 3365/1/2 3368/1/2
f 3368/1/2 3367/1/2 3369/1/2
f 3369/1/2 3367/1/2 3370/1/2
f 3370/1/2 3367/1/2 3371/1/2
f 3369/1/2 3370/1/2 3373/1/2
f 3373/1/2 3370/1/2 3374/1/2
f 3372/1/2 3373/1/2 3377/1/2
f 3374/1/2 3375/1/2 3377/1/2
f 3373/1/2 3374/1/2 3377/1/2
f 3377/1/2 3375/1/2 3378/1/2
f 3377/1/2 3378/1/2 3380/1/2
f 3378/1/2 3379/1/2 3380/1/2
f 3376/1/2 3377/1/2 3380/1/2
f 3380/1/2 3379/1/2 3381/1/2
f 3381/1/2 3379/1/2 3382/1/2
f 3382/1/2 3379/1/2 3383/1/2
f 3383/1/2 3379/1/2 3384/1/2
f 3384/1/2 3379/1/2 3385/1/2
f 3381/1/2 3382/1/2 3387/1/2
f 3387/1/2 3382/1/2 3388/1/2
f 3383/1/2 3384/1/2 3389/1/2
f 3389/1/2 3384/1/2 3390/1/2
f 3386/1/2 3387/1/2 3392/1/2
f 3392/1/2 3387/1/2 3393/1/2
f 3390/1/2 3391/1/2 3394/1/2
f 3394/1/2 3391/1/2 3395/1/2
f 3396/1/2 3397/1/2 3400/1/2
f 3398/1/2 3399/1/2 3400/1/2
f 3397/1/2 3398/1/2 3400/1/2
f 3400/1/2 3399/1/2 3401/1/2
f 3396/1/2 3400/1/2 3402/1/2
f 3402/1/2 3400/1/2 3403/1/2
f 3401/1/2 3399/1/2 3404/1/2
f 3404/1/2 3399/1/2 3405/1/2
f 3403/1/2 3404/1/2 3406/1/2
f 3406/1/2 3404/1/2 3407/1/2
f 3408/1/2 3409/1/2 3414/1/2
f 3414/1/2 3409/1/2 3415/1/2
f 3410/1/2 3411/1/2 3416/1/2
f 3416/1/2 3411/1/2 3417/1/2
f 3412/7/2 3413/7/2 3420/7/2
f 3418/7/2 3419/7/2 3421/7/2
f 3420/7/2 3413/7/2 3424/7/2
f 3424/7/2 3413/7/2 3425/7/2
f 3422/1/2 3423/1/2 3427/1/2
f 3427/1/2 3423/1/2 3428/1/2
f 3418/7/2 3421/7/2 3430/7/2
f 3430/7/2 3421/7/2 3431/7/2
f 3428/1/2 3429/1/2 3434/1/2
f 3426/1/2 3427/1/2 3434/1/2
f 3427/1/2 3428/1/2 3434/1/2
f 3434/1/2 3429/1/2 3435/1/2
f 3432/4/2 3433/4/2 3439/4/2
f 3439/4/2 3433/4/2 3440/4/2
f 3436/4/2 3437/4/2 3441/4/2
f 3441/4/2 3437/4/2 3442/4/2
f 3438/4/2 3439/4/2 3450/4/2
f 3450/4/2 3439/4/2 3451/4/2
f 3444/4/2 3445/4/2 3452/4/2
f 3452/4/2 3445/4/2 3453/4/2
f 3446/4/2 3447/4/2 3454/4/2
f 3454/4/2 3447/4/2 3455/4/2
f 3442/4/2 3443/4/2 3456/4/2
f 3456/4/2 3443/4/2 3457/4/2
f 3448/5/2 3449/5/2 3461/5/2
f 3461/5/2 3449/5/2 3462/5/2
f 3458/5/2 3459/5/2 3463/5/2
f 3463/5/2 3459/5/2 3464/5/2
f 3460/5/2 3461/5/2 3467/5/2
f 3467/5/2 3461/5/2 3468/5/2
f 3464/5/2 3465/5/2 3469/5/2
f 3469/5/2 3465/5/2 3470/5/2
f 3466/3/2 3467/3/2 3472/3/2
f 3472/3/2 3467/3/2 3473/3/2
f 3470/3/2 3471/3/2 3476/3/2
f 3476/3/2 3471/3/2 3477/3/2
f 3473/3/2 3474/3/2 3478/3/2
f 3478/3/2 3474/3/2 3479/3/2
f 3475/3/2 3476/3/2 3480/3/2
f 3480/3/2 3476/3/2 3481/3/2
f 3482/3/2 3483/3/2 3486/3/2
f 3486/3/2 3483/3/2 3487/3/2
f 3484/3/2 3485/3/2 3488/3/2
f 3488/3/2 3485/3/2 3489/3/2
f 3490/3/2 3491/3/2 3494/3/2
f 3494/3/2 3491/3/2 3495/3/2
f 3492/3/2 3493/3/2 3496/3/2
f 3496/3/2 3493/3/2 3497/3/2
f 3498/7/2 3499/7/2 3502/7/2
f 3502/7/2 3499/7/2 3503/7/2
f 3500/7/2 3501/7/2 3504/7/2
f 3504/7/2 3501/7/2 3505/7/2
f 3506/7/2 3507/7/2 3514/7/2
f 3508/1/2 3509/1/2 3515/1/2
f 3515/1/2 3509/1/2 3516/1/2
f 3510/1/2 3511/1/2 3517/1/2
f 3517/1/2 3511/1/2 3518/1/2
f 3512/7/2 3513/7/2 3519/7/2
f 3514/7/2 3507/7/2 3522/7/2
f 3520/1/2 3521/1/2 3525/1/2
f 3525/1/2 3521/1/2 3526/1/2
f 3512/7/2 3519/7/2 3529/7/2
f 3522/7/2 3523/7/2 3530/7/2
f 3514/7/2 3522/7/2 3530/7/2
f 3530/7/2 3523/7/2 3531/7/2
f 3524/1/2 3525/1/2 3532/1/2
f 3532/1/2 3525/1/2 3533/1/2
f 3526/1/2 3527/1/2 3534/1/2
f 3534/1/2 3527/1/2 3535/1/2
f 3528/7/2 3529/7/2 3536/7/2
f 3529/7/2 3519/7/2 3536/7/2
f 3536/7/2 3519/7/2 3537/7/2
f 3533/1/2 3534/1/2 3538/1/2
f 3538/1/2 3534/1/2 3539/1/2
f 3531/7/2 3523/7/2 3540/7/2
f 3528/7/2 3536/7/2 3545/7/2
f 3540/7/2 3541/7/2 3546/7/2
f 3531/7/2 3540/7/2 3546/7/2
f 3546/7/2 3541/7/2 3547/7/2
f 3544/7/2 3545/7/2 3548/7/2
f 3545/7/2 3536/7/2 3548/7/2
f 3548/7/2 3536/7/2 3549/7/2
f 3542/1/2 3543/1/2 3550/1/2
f 3550/1/2 3543/1/2 3551/1/2
f 3547/7/2 3541/7/2 3552/7/2
f 3552/7/2 3541/7/2 3553/7/2
f 3544/7/2 3548/7/2 3554/7/2
f 3554/7/2 3548/7/2 3555/7/2
f 3556/7/2 3557/7/2 3560/7/2
f 3558/7/2 3559/7/2 3563/7/2
f 3560/7/2 3561/7/2 3564/7/2
f 3556/7/2 3560/7/2 3564/7/2
f 3564/7/2 3561/7/2 3565/7/2
f 3562/7/2 3563/7/2 3566/7/2
f 3563/7/2 3559/7/2 3566/7/2
f 3566/7/2 3559/7/2 3567/7/2
f 3565/7/2 3561/7/2 3568/7/2
f 3562/7/2 3566/7/2 3573/7/2
f 3565/7/2 3568/7/2 3574/7/2
f 3568/7/2 3569/7/2 3574/7/2
f 3574/7/2 3569/7/2 3575/7/2
f 3572/7/2 3573/7/2 3580/7/2
f 3573/7/2 3566/7/2 3580/7/2
f 3580/7/2 3566/7/2 3581/7/2
f 3575/7/2 3569/7/2 3582/7/2
f 3582/7/2 3569/7/2 3583/7/2
f 3576/4/2 3577/4/2 3584/4/2
f 3584/4/2 3577/4/2 3585/4/2
f 3578/4/2 3579/4/2 3586/4/2
f 3586/4/2 3579/4/2 3587/4/2
f 3572/7/2 3580/7/2 3588/7/2
f 3588/7/2 3580/7/2 3589/7/2
f 3584/1/2 3585/1/2 3592/1/2
f 3592/1/2 3585/1/2 3593/1/2
f 3570/1/2 3571/1/2 3594/1/2
f 3594/1/2 3571/1/2 3595/1/2
f 3586/1/2 3587/1/2 3596/1/2
f 3596/1/2 3587/1/2 3597/1/2
f 3590/6/2 3591/6/2 3600/6/2
f 3600/6/2 3591/6/2 3601/6/2
f 3598/6/2 3599/6/2 3602/6/2
f 3602/6/2 3599/6/2 3603/6/2
f 3604/3/2 3605/3/2 3608/3/2
f 3608/3/2 3605/3/2 3609/3/2
f 3606/3/2 3607/3/2 3610/3/2
f 3610/3/2 3607/3/2 3611/3/2
f 3612/3/2 3613/3/2 3616/3/2
f 3616/3/2 3613/3/2 3617/3/2
f 3614/3/2 3615/3/2 3620/3/2
f 3620/3/2 3615/3/2 3621/3/2
f 3617/3/2 3618/3/2 3622/3/2
f 3622/3/2 3618/3/2 3623/3/2
f 3619/3/2 3620/3/2 3626/3/2
f 3626/3/2 3620/3/2 3627/3/2
f 3623/3/2 3624/3/2 3628/3/2
f 3628/3/2 3624/3/2 3629/3/2
f 3625/3/2 3626/3/2 3630/3/2
f 3630/3/2 3626/3/2 3631/3/2
f 3632/7/2 3633/7/2 3636/7/2
f 3636/7/2 3633/7/2 3637/7/2
f 3634/7/2 3635/7/2 3638/7/2
f 3638/7/2 3635/7/2 3639/7/2
f 3640/7/2 3641/7/2 3644/7/2
f 3644/7/2 3641/7/2 3645/7/2
f 3642/7/2 3643/7/2 3648/7/2
f 3648/7/2 3643/7/2 3649/7/2
f 3645/7/2 3646/7/2 3650/7/2
f 3650/7/2 3646/7/2 3651/7/2
f 3647/7/2 3648/7/2 3652/7/2
f 3652/7/2 3648/7/2 3653/7/2
f 3654/7/2 3655/7/2 3658/7/2
f 3658/7/2 3655/7/2 3659/7/2
f 3656/7/2 3657/7/2 3660/7/2
f 3660/7/2 3657/7/2 3661/7/2
f 3662/1/2 3663/1/2 3664/1/2
f 3664/1/2 3663/1/2 3665/1/2
f 3666/4/2 3667/4/2 3672/4/2
f 3672/4/2 3667/4/2 3673/4/2
f 3668/4/2 3669/4/2 3674/4/2
f 3674/4/2 3669/4/2 3675/4/2
f 3670/5/2 3671/5/2 3678/5/2
f 3678/5/2 3671/5/2 3679/5/2
f 3676/5/2 3677/5/2 3680/5/2
f 3680/5/2 3677/5/2 3681/5/2
f 3682/6/2 3683/6/2 3686/6/2
f 3686/6/2 3683/6/2 3687/6/2
f 3684/6/2 3685/6/2 3688/6/2
f 3688/6/2 3685/6/2 3689/6/2
f 3686/3/2 3687/3/2 3690/3/2
f 3690/3/2 3687/3/2 3691/3/2
f 3688/3/2 3689/3/2 3694/3/2
f 3694/3/2 3689/3/2 3695/3/2
f 3691/3/2 3692/3/2 3696/3/2
f 3696/3/2 3692/3/2 3697/3/2
f 3693/3/2 3694/3/2 3700/3/2
f 3700/3/2 3694/3/2 3701/3/2
f 3697/3/2 3698/3/2 3702/3/2
f 3702/3/2 3698/3/2 3703/3/2
f 3699/3/2 3700/3/2 3706/3/2
f 3706/3/2 3700/3/2 3707/3/2
f 3703/3/2 3704/3/2 3708/3/2
f 3708/3/2 3704/3/2 3709/3/2
f 3705/3/2 3706/3/2 3714/3/2
f 3714/3/2 3706/3/2 3715/3/2
f 3710/3/2 3711/3/2 3716/3/2
f 3716/3/2 3711/3/2 3717/3/2
f 3712/3/2 3713/3/2 3718/3/2
f 3718/3/2 3713/3/2 3719/3/2
f 3720/7/2 3721/7/2 3724/7/2
f 3724/7/2 3721/7/2 3725/7/2
f 3722/7/2 3723/7/2 3726/7/2
f 3726/7/2 3723/7/2 3727/7/2
f 3728/7/2 3729/7/2 3732/7/2
f 3732/7/2 3729/7/2 3733/7/2
f 3730/7/2 3731/7/2 3734/7/2
f 3734/7/2 3731/7/2 3735/7/2
f 3736/7/2 3737/7/2 3742/7/2
f 3737/7/2 3738/7/2 3742/7/2
f 3742/7/2 3738/7/2 3743/7/2
f 3740/7/2 3741/7/2 3744/7/2
f 3739/7/2 3740/7/2 3744/7/2
f 3744/7/2 3741/7/2 3745/7/2
f 3743/7/2 3738/7/2 3748/7/2
f 3748/7/2 3738/7/2 3749/7/2
f 3739/7/2 3744/7/2 3750/7/2
f 3750/7/2 3744/7/2 3751/7/2
f 3746/5/2 3747/5/2 3754/5/2
f 3754/5/2 3747/5/2 3755/5/2
f 3752/5/2 3753/5/2 3756/5/2
f 3756/5/2 3753/5/2 3757/5/2
f 3754/3/2 3755/3/2 3759/3/2
f 3759/3/2 3755/3/2 3760/3/2
f 3756/3/2 3757/3/2 3761/3/2
f 3761/3/2 3757/3/2 3762/3/2
f 3758/5/2 3759/5/2 3764/5/2
f 3764/5/2 3759/5/2 3765/5/2
f 3762/5/2 3763/5/2 3766/5/2
f 3766/5/2 3763/5/2 3767/5/2
f 3768/3/2 3769/3/2 3772/3/2
f 3772/3/2 3769/3/2 3773/3/2
f 3770/3/2 3771/3/2 3774/3/2
f 3774/3/2 3771/3/2 3775/3/2
f 3776/3/2 3777/3/2 3780/3/2
f 3780/3/2 3777/3/2 3781/3/2
f 3778/3/2 3779/3/2 3784/3/2
f 3784/3/2 3779/3/2 3785/3/2
f 3781/3/2 3782/3/2 3786/3/2
f 3783/3/2 3784/3/2 3787/3/2
f 3781/3/2 3786/3/2 3788/3/2
f 3786/3/2 3787/3/2 3788/3/2
f 3788/3/2 3787/3/2 3789/3/2
f 3789/3/2 3787/3/2 3790/3/2
f 3787/3/2 3784/3/2 3791/3/2
f 3790/3/2 3787/3/2 3791/3/2
f 3789/3/2 3790/3/2 3792/3/2
f 3792/3/2 3790/3/2 3793/3/2
f 3794/7/2 3795/7/2 3798/7/2
f 3796/7/2 3797/7/2 3799/7/2
f 3798/7/2 3795/7/2 3800/7/2
f 3800/7/2 3795/7/2 3801/7/2
f 3796/7/2 3799/7/2 3802/7/2
f 3802/7/2 3799/7/2 3803/7/2
f 3804/7/2 3805/7/2 3809/7/2
f 3806/7/2 3807/7/2 3810/7/2
f 3808/7/2 3809/7/2 3812/7/2
f 3809/7/2 3805/7/2 3812/7/2
f 3812/7/2 3805/7/2 3813/7/2
f 3810/7/2 3811/7/2 3814/7/2
f 3806/7/2 3810/7/2 3814/7/2
f 3814/7/2 3811/7/2 3815/7/2
f 3808/7/2 3812/7/2 3816/7/2
f 3815/7/2 3811/7/2 3819/7/2
f 3816/7/2 3817/7/2 3820/7/2
f 3808/7/2 3816/7/2 3820/7/2
f 3820/7/2 3817/7/2 3821/7/2
f 3818/7/2 3819/7/2 3822/7/2
f 3819/7/2 3811/7/2 3822/7/2
f 3822/7/2 3811/7/2 3823/7/2
f 3821/7/2 3817/7/2 3824/7/2
f 3824/7/2 3817/7/2 3825/7/2
f 3818/7/2 3822/7/2 3826/7/2
f 3826/7/2 3822/7/2 3827/7/2
f 3829/6/2 3830/6/2 3834/6/2
f 3831/6/2 3832/6/2 3839/6/2
f 3829/6/2 3834/6/2 3840/6/2
f 3834/5/2 3835/5/2 3840/5/2
f 3835/6/2 3836/6/2 3841/6/2
f 3840/5/2 3835/5/2 3841/5/2
f 3841/6/2 3836/6/2 3842/6/2
f 3837/6/2 3838/6/2 3843/6/2
f 3838/5/2 3839/5/2 3844/5/2
f 3843/6/2 3838/6/2 3844/6/2
f 3839/6/2 3832/6/2 3845/6/2
f 3844/5/2 3839/5/2 3845/5/2
f 3828/5/2 3829/5/2 3846/5/2
f 3829/6/2 3840/6/2 3847/6/2
f 3846/5/2 3829/5/2 3847/5/2
f 3841/3/2 3842/3/2 3848/3/2
f 3847/6/2 3840/6/2 3848/6/2
f 3840/3/2 3841/3/2 3848/3/2
f 3848/3/2 3842/3/2 3849/3/2
f 3849/3/2 3842/3/2 3850/3/2
f 3843/3/2 3844/3/2 3851/3/2
f 3844/3/2 3845/3/2 3851/3/2
f 3851/3/2 3845/3/2 3852/3/2
f 3845/6/2 3832/6/2 3853/6/2
f 3852/3/2 3845/3/2 3853/3/2
f 3832/5/2 3833/5/2 3854/5/2
f 3853/6/2 3832/6/2 3854/6/2
f 3854/5/2 3833/5/2 3855/5/2
f 3856/3/2 3857/3/2 3860/3/2
f 3860/3/2 3857/3/2 3861/3/2
f 3858/3/2 3859/3/2 3862/3/2
f 3862/3/2 3859/3/2 3863/3/2
f 3864/3/2 3865/3/2 3866/3/2
f 3866/3/2 3865/3/2 3867/3/2
f 3867/3/2 3865/3/2 3868/3/2
f 3868/3/2 3865/3/2 3869/3/2
f 3867/3/2 3868/3/2 3870/3/2
f 3870/3/2 3868/3/2 3871/3/2
f 3872/7/2 3873/7/2 3876/7/2
f 3876/7/2 3873/7/2 3877/7/2
f 3874/7/2 3875/7/2 3878/7/2
f 3878/7/2 3875/7/2 3879/7/2
f 3880/7/2 3881/7/2 3884/7/2
f 3884/7/2 3881/7/2 3885/7/2
f 3882/7/2 3883/7/2 3886/7/2
f 3886/7/2 3883/7/2 3887/7/2
f 3888/5/2 3889/5/2 3892/5/2
f 3892/5/2 3889/5/2 3893/5/2
f 3890/5/2 3891/5/2 3896/5/2
f 3896/5/2 3891/5/2 3897/5/2
f 3894/5/2 3895/5/2 3898/5/2
f 3898/5/2 3895/5/2 3899/5/2
f 3896/3/2 3897/3/2 3900/3/2
f 3900/3/2 3897/3/2 3901/3/2
f 3898/3/2 3899/3/2 3904/3/2
f 3904/3/2 3899/3/2 3905/3/2
f 3901/3/2 3902/3/2 3906/3/2
f 3906/3/2 3902/3/2 3907/3/2
f 3903/3/2 3904/3/2 3908/3/2
f 3908/3/2 3904/3/2 3909/3/2
f 3910/7/2 3911/7/2 3914/7/2
f 3914/7/2 3911/7/2 3915/7/2
f 3912/7/2 3913/7/2 3918/7/2
f 3918/7/2 3913/7/2 3919/7/2
f 3915/7/2 3916/7/2 3920/7/2
f 3920/7/2 3916/7/2 3921/7/2
f 3917/7/2 3918/7/2 3922/7/2
f 3922/7/2 3918/7/2 3923/7/2
f 3924/7/2 3925/7/2 3928/7/2
f 3928/7/2 3925/7/2 3929/7/2
f 3926/7/2 3927/7/2 3930/7/2
f 3930/7/2 3927/7/2 3931/7/2
f 3932/3/2 3933/3/2 3940/3/2
f 3933/6/2 3934/6/2 3940/6/2
f 3934/3/2 3935/3/2 3941/3/2
f 3940/6/2 3934/6/2 3941/6/2
f 3935/5/2 3936/5/2 3942/5/2
f 3942/5/2 3936/5/2 3943/5/2
f 3937/6/2 3938/6/2 3944/6/2
f 3936/3/2 3937/3/2 3944/3/2
f 3938/3/2 3939/3/2 3945/3/2
f 3944/6/2 3938/6/2 3945/6/2
f 3941/3/2 3935/3/2 3946/3/2
f 3940/3/2 3941/3/2 3946/3/2
f 3935/5/2 3942/5/2 3947/5/2
f 3946/3/2 3935/3/2 3947/3/2
f 3942/3/2 3943/3/2 3948/3/2
f 3947/5/2 3942/5/2 3948/5/2
f 3943/5/2 3936/5/2 3949/5/2
f 3948/3/2 3943/3/2 3949/3/2
f 3936/3/2 3944/3/2 3950/3/2
f 3949/5/2 3936/5/2 3950/5/2
f 3944/3/2 3945/3/2 3950/3/2
f 3950/3/2 3945/3/2 3951/3/2
f 3940/3/2 3946/3/2 3952/3/2
f 3932/3/2 3940/3/2 3952/3/2
f 3952/3/2 3946/3/2 3953/3/2
f 3951/3/2 3945/3/2 3954/3/2
f 3945/3/2 3939/3/2 3955/3/2
f 3954/3/2 3945/3/2 3955/3/2
f 3953/3/2 3954/3/2 3956/3/2
f 3956/3/2 3954/3/2 3957/3/2
f 3958/7/2 3959/7/2 3962/7/2
f 3962/7/2 3959/7/2 3963/7/2
f 3960/7/2 3961/7/2 3966/7/2
f 3966/7/2 3961/7/2 3967/7/2
f 3963/7/2 3964/7/2 3968/7/2
f 3968/7/2 3964/7/2 3969/7/2
f 3965/7/2 3966/7/2 3970/7/2
f 3970/7/2 3966/7/2 3971/7/2
f 3972/3/2 3973/3/2 3974/3/2
f 3974/3/2 3973/3/2 3975/3/2
f 3978/7/3 3977/7/3 3976/7/3
f 3979/7/3 3977/7/3 3978/7/3
f 3982/7/3 3981/7/3 3980/7/3
f 3983/7/3 3981/7/3 3982/7/3
f 3986/7/3 3985/7/3 3984/7/3
f 3987/7/3 3985/7/3 3986/7/3
f 3991/7/3 3988/7/3 3987/7/3
f 3992/7/3 3988/7/3 3991/7/3
f 3993/7/3 3990/7/3 3989/7/3
f 3994/7/3 3990/7/3 3993/7/3
f 4000/7/3 3996/7/3 3995/7/3
f 4001/7/3 3996/7/3 4000/7/3
f 4002/7/3 3998/7/3 3997/7/3
f 4003/7/3 3998/7/3 4002/7/3
f 4004/7/3 4000/7/3 3999/7/3
f 4005/7/3 4000/7/3 4004/7/3
f 4008/7/3 4007/7/3 4006/7/3
f 4009/7/3 4007/7/3 4008/7/3
f 4011/7/3 4010/7/3 4009/7/3
f 4012/7/3 4010/7/3 4011/7/3
f 4016/7/3 4014/7/3 4013/7/3
f 4017/7/3 4014/7/3 4016/7/3
f 4018/7/3 4016/7/3 4015/7/3
f 4019/7/3 4016/7/3 4018/7/3
f 4022/7/3 4021/7/3 4020/7/3
f 4023/7/3 4021/7/3 4022/7/3
f 4026/7/3 4025/7/3 4024/7/3
f 4027/7/3 4025/7/3 4026/7/3
f 4031/7/3 4029/7/3 4028/7/3
f 4032/7/3 4029/7/3 4031/7/3
f 4033/7/3 4031/7/3 4030/7/3
f 4034/7/3 4031/7/3 4033/7/3
f 4038/7/3 4036/7/3 4035/7/3
f 4039/7/3 4036/7/3 4038/7/3
f 4040/7/3 4038/7/3 4037/7/3
f 4041/7/3 4038/7/3 4040/7/3
f 4044/7/3 4043/7/3 4042/7/3
f 4045/7/3 4043/7/3 4044/7/3
f 4047/7/3 4046/7/3 4045/7/3
f 4048/7/3 4046/7/3 4047/7/3
f 4051/7/3 4050/7/3 4049/7/3
f 4052/7/3 4050/7/3 4051/7/3
f 4054/7/3 4053/7/3 4052/7/3
f 4055/7/3 4053/7/3 4054/7/3
f 4059/7/3 4057/7/3 4056/7/3
f 4060/7/3 4057/7/3 4059/7/3
f 4062/7/3 4059/7/3 4058/7/3
f 4063/7/3 4059/7/3 4062/7/3
f 4064/7/3 4061/7/3 4060/7/3
f 4065/7/3 4061/7/3 4064/7/3
f 4069/7/3 4067/7/3 4066/7/3
f 4069/7/3 4068/7/3 4067/7/3
f 4070/7/3 4068/7/3 4069/7/3
f 4073/7/3 4072/7/3 4071/7/3
f 4074/7/3 4072/7/3 4073/7/3
f 4077/3/3 4076/3/3 4075/3/3
f 4079/3/3 4077/3/3 4075/3/3
f 4079/3/3 4078/3/3 4077/3/3
f 4080/3/3 4078/3/3 4079/3/3
f 4081/5/3 4080/5/3 4079/5/3
f 4082/5/3 4080/5/3 4081/5/3
f 4083/3/3 4082/3/3 4081/3/3
f 4084/3/3 4082/3/3 4083/3/3
f 4087/3/3 4083/3/3 4081/3/3
f 4088/3/3 4083/3/3 4087/3/3
f 4089/7/3 4086/7/3 4085/7/3
f 4090/7/3 4086/7/3 4089/7/3
f 4093/7/3 4092/7/3 4091/7/3
f 4094/7/3 4092/7/3 4093/7/3
f 4095/7/3 4092/7/3 4094/7/3
f 4100/7/3 4097/7/3 4096/7/3
f 4101/7/3 4097/7/3 4100/7/3
f 4102/7/3 4099/7/3 4098/7/3
f 4103/7/3 4099/7/3 4102/7/3
f 4104/7/3 4102/7/3 4101/7/3
f 4105/7/3 4102/7/3 4104/7/3
f 4109/7/3 4107/7/3 4106/7/3
f 4109/7/3 4108/7/3 4107/7/3
f 4110/7/3 4108/7/3 4109/7/3
f 4116/7/3 4112/7/3 4111/7/3
f 4117/7/3 4112/7/3 4116/7/3
f 4118/5/3 4114/5/3 4113/5/3
f 4119/3/3 4115/3/3 4114/3/3
f 4119/5/3 4114/5/3 4118/5/3
f 4120/3/3 4115/3/3 4119/3/3
f 4125/3/3 4121/3/3 4120/3/3
f 4125/3/3 4120/3/3 4119/3/3
f 4126/3/3 4121/3/3 4125/3/3
f 4127/3/3 4124/3/3 4123/3/3
f 4127/5/3 4123/5/3 4122/5/3
f 4128/3/3 4124/3/3 4127/3/3
f 4129/3/3 4121/3/3 4126/3/3
f 4130/5/3 4128/5/3 4127/5/3
f 4130/5/3 4127/5/3 4122/5/3
f 4131/5/3 4128/5/3 4130/5/3
f 4132/3/3 4121/3/3 4129/3/3
f 4133/5/3 4130/5/3 4122/5/3
f 4134/3/3 4131/3/3 4130/3/3
f 4134/5/3 4130/5/3 4133/5/3
f 4135/3/3 4131/3/3 4134/3/3
f 4137/3/3 4121/3/3 4132/3/3
f 4141/3/3 4137/3/3 4136/3/3
f 4142/3/3 4121/3/3 4137/3/3
f 4142/3/3 4137/3/3 4141/3/3
f 4143/3/3 4121/3/3 4142/3/3
f 4144/7/3 4139/7/3 4138/7/3
f 4145/7/3 4139/7/3 4144/7/3
f 4146/5/3 4141/5/3 4140/5/3
f 4147/3/3 4142/3/3 4141/3/3
f 4147/5/3 4141/5/3 4146/5/3
f 4148/3/3 4142/3/3 4147/3/3
f 4151/7/3 4150/7/3 4149/7/3
f 4152/7/3 4150/7/3 4151/7/3
f 4153/7/3 4150/7/3 4152/7/3
f 4156/7/3 4155/7/3 4154/7/3
f 4157/7/3 4155/7/3 4156/7/3
f 4161/3/3 4159/3/3 4158/3/3
f 4162/3/3 4159/3/3 4161/3/3
f 4165/6/3 4161/6/3 4160/6/3
f 4166/3/3 4163/3/3 4162/3/3
f 4166/3/3 4162/3/3 4161/3/3
f 4166/6/3 4161/6/3 4165/6/3
f 4167/3/3 4163/3/3 4166/3/3
f 4171/6/3 4165/6/3 4164/6/3
f 4172/3/3 4166/3/3 4165/3/3
f 4172/6/3 4165/6/3 4171/6/3
f 4172/3/3 4167/3/3 4166/3/3
f 4172/3/3 4168/3/3 4167/3/3
f 4173/3/3 4168/3/3 4172/3/3
f 4174/3/3 4168/3/3 4173/3/3
f 4175/3/3 4168/3/3 4174/3/3
f 4177/7/3 4170/7/3 4169/7/3
f 4178/7/3 4170/7/3 4177/7/3
f 4180/5/3 4172/5/3 4171/5/3
f 4181/3/3 4176/3/3 4175/3/3
f 4181/3/3 4175/3/3 4174/3/3
f 4182/3/3 4176/3/3 4181/3/3
f 4183/7/3 4179/7/3 4178/7/3
f 4184/7/3 4179/7/3 4183/7/3
f 4185/5/3 4180/5/3 4171/5/3
f 4186/5/3 4180/5/3 4185/5/3
f 4187/5/3 4180/5/3 4186/5/3
f 4194/7/3 4189/7/3 4188/7/3
f 4195/7/3 4189/7/3 4194/7/3
f 4196/5/3 4192/5/3 4191/5/3
f 4196/5/3 4191/5/3 4190/5/3
f 4198/3/3 4176/3/3 4182/3/3
f 4199/7/3 4194/7/3 4193/7/3
f 4200/7/3 4194/7/3 4199/7/3
f 4201/5/3 4196/5/3 4190/5/3
f 4202/5/3 4196/5/3 4201/5/3
f 4204/3/3 4198/3/3 4197/3/3
f 4205/3/3 4176/3/3 4198/3/3
f 4205/3/3 4198/3/3 4204/3/3
f 4206/3/3 4176/3/3 4205/3/3
f 4207/6/3 4202/6/3 4201/6/3
f 4208/3/3 4203/3/3 4202/3/3
f 4208/6/3 4202/6/3 4207/6/3
f 4208/3/3 4204/3/3 4203/3/3
f 4208/3/3 4205/3/3 4204/3/3
f 4209/3/3 4205/3/3 4208/3/3
f 4210/3/3 4205/3/3 4209/3/3
f 4211/3/3 4205/3/3 4210/3/3
f 4212/6/3 4209/6/3 4208/6/3
f 4213/3/3 4210/3/3 4209/3/3
f 4213/6/3 4209/6/3 4212/6/3
f 4214/3/3 4210/3/3 4213/3/3
f 4215/3/3 4210/3/3 4214/3/3
f 4218/3/3 4214/3/3 4213/3/3
f 4219/3/3 4214/3/3 4218/3/3
f 4220/7/3 4217/7/3 4216/7/3
f 4221/7/3 4217/7/3 4220/7/3
f 4226/7/3 4223/7/3 4222/7/3
f 4227/7/3 4223/7/3 4226/7/3
f 4229/3/3 4225/3/3 4224/3/3
f 4230/3/3 4225/3/3 4229/3/3
f 4232/7/3 4223/7/3 4227/7/3
f 4233/7/3 4223/7/3 4232/7/3
f 4236/5/3 4229/5/3 4228/5/3
f 4237/5/3 4229/5/3 4236/5/3
f 4238/3/3 4231/3/3 4230/3/3
f 4239/3/3 4231/3/3 4238/3/3
f 4241/6/3 4235/6/3 4234/6/3
f 4242/5/3 4236/5/3 4235/5/3
f 4242/6/3 4235/6/3 4241/6/3
f 4243/5/3 4236/5/3 4242/5/3
f 4244/3/3 4240/3/3 4239/3/3
f 4245/3/3 4240/3/3 4244/3/3
f 4248/3/3 4240/3/3 4245/3/3
f 4249/3/3 4240/3/3 4248/3/3
f 4251/4/3 4247/4/3 4246/4/3
f 4252/4/3 4247/4/3 4251/4/3
f 4254/3/3 4250/3/3 4249/3/3
f 4258/7/3 4253/7/3 4252/7/3
f 4258/7/3 4252/7/3 4251/7/3
f 4259/7/3 4253/7/3 4258/7/3
f 4261/1/3 4257/1/3 4256/1/3
f 4262/1/3 4257/1/3 4261/1/3
f 4263/1/3 4257/1/3 4262/1/3
f 4264/1/3 4257/1/3 4263/1/3
f 4265/1/3 4257/1/3 4264/1/3
f 4266/1/3 4261/1/3 4260/1/3
f 4266/1/3 4262/1/3 4261/1/3
f 4267/1/3 4262/1/3 4266/1/3
f 4268/1/3 4262/1/3 4267/1/3
f 4269/1/3 4264/1/3 4263/1/3
f 4270/1/3 4264/1/3 4269/1/3
f 4272/1/3 4266/1/3 4260/1/3
f 4273/1/3 4266/1/3 4272/1/3
f 4274/1/3 4268/1/3 4267/1/3
f 4274/1/3 4271/1/3 4270/1/3
f 4274/1/3 4270/1/3 4269/1/3
f 4274/1/3 4269/1/3 4268/1/3
f 4275/1/3 4271/1/3 4274/1/3
f 4276/1/3 4271/1/3 4275/1/3
f 4278/1/3 4277/1/3 4276/1/3
f 4278/1/3 4276/1/3 4275/1/3
f 4279/1/3 4277/1/3 4278/1/3
f 4282/7/3 4281/7/3 4280/7/3
f 4283/7/3 4281/7/3 4282/7/3
f 4284/7/3 4281/7/3 4283/7/3
f 4285/3/3 4255/3/3 4254/3/3
f 4285/3/3 4254/3/3 4249/3/3
f 4286/3/3 4255/3/3 4285/3/3
f 4287/4/3 4283/4/3 4282/4/3
f 4288/4/3 4283/4/3 4287/4/3
f 4290/3/3 4285/3/3 4249/3/3
f 4291/3/3 4285/3/3 4290/3/3
f 4296/3/3 4290/3/3 4289/3/3
f 4299/6/3 4293/6/3 4292/6/3
f 4300/5/3 4294/5/3 4293/5/3
f 4300/6/3 4293/6/3 4299/6/3
f 4301/5/3 4294/5/3 4300/5/3
f 4304/3/3 4296/3/3 4295/3/3
f 4305/3/3 4290/3/3 4296/3/3
f 4305/3/3 4296/3/3 4304/3/3
f 4307/7/3 4298/7/3 4297/7/3
f 4308/5/3 4302/5/3 4301/5/3
f 4309/5/3 4302/5/3 4308/5/3
f 4310/3/3 4304/3/3 4303/3/3
f 4311/3/3 4304/3/3 4310/3/3
f 4312/7/3 4307/7/3 4306/7/3
f 4313/7/3 4298/7/3 4307/7/3
f 4313/7/3 4307/7/3 4312/7/3
f 4314/3/3 4310/3/3 4309/3/3
f 4315/3/3 4310/3/3 4314/3/3
f 4321/6/3 4317/6/3 4316/6/3
f 4322/3/3 4318/3/3 4317/3/3
f 4322/6/3 4317/6/3 4321/6/3
f 4324/7/3 4320/7/3 4319/7/3
f 4325/7/3 4320/7/3 4324/7/3
f 4326/7/3 4320/7/3 4325/7/3
f 4328/6/3 4321/6/3 4316/6/3
f 4329/6/3 4321/6/3 4328/6/3
f 4330/3/3 4318/3/3 4322/3/3
f 4331/3/3 4318/3/3 4330/3/3
f 4332/7/3 4324/7/3 4323/7/3
f 4332/7/3 4325/7/3 4324/7/3
f 4333/7/3 4325/7/3 4332/7/3
f 4334/5/3 4328/5/3 4327/5/3
f 4335/5/3 4328/5/3 4334/5/3
f 4336/3/3 4318/3/3 4331/3/3
f 4337/3/3 4318/3/3 4336/3/3
f 4340/3/3 4339/3/3 4338/3/3
f 4341/3/3 4339/3/3 4340/3/3
f 4343/3/3 4342/3/3 4341/3/3
f 4353/1/3 4348/1/3 4347/1/3
f 4354/1/3 4348/1/3 4353/1/3
f 4355/1/3 4350/1/3 4349/1/3
f 4356/1/3 4350/1/3 4355/1/3
f 4357/1/3 4346/1/3 4345/1/3
f 4358/1/3 4346/1/3 4357/1/3
f 4359/1/3 4352/1/3 4351/1/3
f 4360/1/3 4352/1/3 4359/1/3
f 4362/1/3 4350/1/3 4356/1/3
f 4363/1/3 4350/1/3 4362/1/3
f 4364/1/3 4361/1/3 4360/1/3
f 4365/1/3 4361/1/3 4364/1/3
f 4366/3/3 4343/3/3 4341/3/3
f 4366/3/3 4344/3/3 4343/3/3
f 4367/3/3 4344/3/3 4366/3/3
f 4369/3/3 4366/3/3 4341/3/3
f 4370/3/3 4366/3/3 4369/3/3
f 4371/3/3 4369/3/3 4368/3/3
f 4372/3/3 4369/3/3 4371/3/3
f 4379/7/3 4374/7/3 4373/7/3
f 4380/7/3 4374/7/3 4379/7/3
f 4381/7/3 4374/7/3 4380/7/3
f 4383/5/3 4376/5/3 4375/5/3
f 4384/5/3 4376/5/3 4383/5/3
f 4387/3/3 4378/3/3 4377/3/3
f 4388/7/3 4382/7/3 4381/7/3
f 4388/7/3 4381/7/3 4380/7/3
f 4389/7/3 4382/7/3 4388/7/3
f 4390/6/3 4385/6/3 4384/6/3
f 4391/3/3 4387/3/3 4386/3/3
f 4392/6/3 4391/6/3 4390/6/3
f 4392/6/3 4390/6/3 4384/6/3
f 4393/3/3 4387/3/3 4391/3/3
f 4393/6/3 4391/6/3 4392/6/3
f 4394/3/3 4378/3/3 4387/3/3
f 4394/3/3 4387/3/3 4393/3/3
f 4398/3/3 4396/3/3 4395/3/3
f 4399/3/3 4396/3/3 4398/3/3
f 4401/5/3 4398/5/3 4397/5/3
f 4401/5/3 4399/5/3 4398/5/3
f 4402/3/3 4400/3/3 4399/3/3
f 4402/5/3 4399/5/3 4401/5/3
f 4403/3/3 4400/3/3 4402/3/3
f 4409/7/3 4406/7/3 4405/7/3
f 4410/7/3 4406/7/3 4409/7/3
f 4411/6/3 4408/6/3 4407/6/3
f 4412/6/3 4408/6/3 4411/6/3
f 4413/3/3 4404/3/3 4403/3/3
f 4414/3/3 4404/3/3 4413/3/3
f 4418/3/3 4415/3/3 4414/3/3
f 4421/4/3 4417/4/3 4416/4/3
f 4422/4/3 4417/4/3 4421/4/3
f 4424/3/3 4419/3/3 4418/3/3
f 4424/3/3 4418/3/3 4414/3/3
f 4425/3/3 4419/3/3 4424/3/3
f 4427/1/3 4423/1/3 4422/1/3
f 4427/1/3 4422/1/3 4421/1/3
f 4427/1/3 4421/1/3 4420/1/3
f 4428/1/3 4423/1/3 4427/1/3
f 4429/1/3 4423/1/3 4428/1/3
f 4430/3/3 4426/3/3 4425/3/3
f 4431/3/3 4426/3/3 4430/3/3
f 4434/4/3 4429/4/3 4428/4/3
f 4435/3/3 4426/3/3 4431/3/3
f 4436/3/3 4426/3/3 4435/3/3
f 4440/1/3 4433/1/3 4432/1/3
f 4441/1/3 4433/1/3 4440/1/3
f 4443/4/3 4434/4/3 4428/4/3
f 4444/4/3 4434/4/3 4443/4/3
f 4445/1/3 4438/1/3 4437/1/3
f 4446/1/3 4438/1/3 4445/1/3
f 4448/1/3 4447/1/3 4446/1/3
f 4449/1/3 4447/1/3 4448/1/3
f 4450/1/3 4442/1/3 4441/1/3
f 4450/1/3 4440/1/3 4439/1/3
f 4450/1/3 4441/1/3 4440/1/3
f 4451/1/3 4442/1/3 4450/1/3
f 4452/1/3 4442/1/3 4451/1/3
f 4453/1/3 4442/1/3 4452/1/3
f 4456/1/3 4452/1/3 4451/1/3
f 4457/1/3 4452/1/3 4456/1/3
f 4458/4/3 4455/4/3 4454/4/3
f 4462/4/3 4458/4/3 4454/4/3
f 4463/4/3 4458/4/3 4462/4/3
f 4465/3/3 4460/3/3 4459/3/3
f 4466/1/3 4463/1/3 4462/1/3
f 4466/1/3 4462/1/3 4461/1/3
f 4467/1/3 4463/1/3 4466/1/3
f 4468/1/3 4463/1/3 4467/1/3
f 4469/1/3 4463/1/3 4468/1/3
f 4471/3/3 4465/3/3 4464/3/3
f 4472/3/3 4460/3/3 4465/3/3
f 4472/3/3 4465/3/3 4471/3/3
f 4473/4/3 4468/4/3 4467/4/3
f 4474/4/3 4468/4/3 4473/4/3
f 4475/3/3 4471/3/3 4470/3/3
f 4476/3/3 4471/3/3 4475/3/3
f 4478/3/3 4475/3/3 4470/3/3
f 4479/3/3 4475/3/3 4478/3/3
f 4484/7/3 4481/7/3 4480/7/3
f 4485/7/3 4481/7/3 4484/7/3
f 4486/6/3 4483/6/3 4482/6/3
f 4487/6/3 4483/6/3 4486/6/3
f 4490/3/3 4478/3/3 4477/3/3
f 4491/3/3 4478/3/3 4490/3/3
f 4492/5/3 4489/5/3 4488/5/3
f 4493/5/3 4489/5/3 4492/5/3
f 4494/3/3 4490/3/3 4489/3/3
f 4494/5/3 4489/5/3 4493/5/3
f 4495/3/3 4490/3/3 4494/3/3
f 4496/3/3 4494/3/3 4493/3/3
f 4497/3/3 4494/3/3 4496/3/3
f 4501/5/3 4499/5/3 4498/5/3
f 4501/3/3 4500/3/3 4499/3/3
f 4502/3/3 4500/3/3 4501/3/3
f 4505/5/3 4501/5/3 4498/5/3
f 4506/5/3 4501/5/3 4505/5/3
f 4507/3/3 4500/3/3 4502/3/3
f 4508/3/3 4500/3/3 4507/3/3
f 4510/5/3 4504/5/3 4503/5/3
f 4511/3/3 4505/3/3 4504/3/3
f 4511/5/3 4504/5/3 4510/5/3
f 4512/3/3 4505/3/3 4511/3/3
f 4514/5/3 4510/5/3 4509/5/3
f 4514/5/3 4511/5/3 4510/5/3
f 4514/5/3 4512/5/3 4511/5/3
f 4515/5/3 4512/5/3 4514/5/3
f 4516/5/3 4512/5/3 4515/5/3
f 4519/7/3 4515/7/3 4514/7/3
f 4519/7/3 4514/7/3 4513/7/3
f 4520/7/3 4515/7/3 4519/7/3
f 4521/3/3 4518/3/3 4517/3/3
f 4523/3/3 4522/3/3 4521/3/3
f 4523/3/3 4521/3/3 4517/3/3
f 4524/3/3 4522/3/3 4523/3/3
f 4525/3/3 4522/3/3 4524/3/3
f 4527/3/3 4526/3/3 4525/3/3
f 4527/3/3 4525/3/3 4524/3/3
f 4528/3/3 4526/3/3 4527/3/3
f 4529/3/3 4526/3/3 4528/3/3
f 4531/3/3 4530/3/3 4529/3/3
f 4531/3/3 4529/3/3 4528/3/3
f 4532/3/3 4530/3/3 4531/3/3
f 4535/1/3 4534/1/3 4533/1/3
f 4536/1/3 4534/1/3 4535/1/3
f 4542/1/3 4538/1/3 4537/1/3
f 4543/1/3 4538/1/3 4542/1/3
f 4546/1/3 4540/1/3 4539/1/3
f 4547/1/3 4540/1/3 4546/1/3
f 4548/1/3 4545/1/3 4544/1/3
f 4548/1/3 4542/1/3 4541/1/3
f 4548/1/3 4543/1/3 4542/1/3
f 4548/1/3 4544/1/3 4543/1/3
f 4549/1/3 4545/1/3 4548/1/3
f 4550/1/3 4545/1/3 4549/1/3
f 4551/1/3 4545/1/3 4550/1/3
f 4552/1/3 4545/1/3 4551/1/3
f 4555/1/3 4550/1/3 4549/1/3
f 4556/1/3 4550/1/3 4555/1/3
f 4557/1/3 4554/1/3 4553/1/3
f 4558/1/3 4554/1/3 4557/1/3
f 4562/3/3 4560/3/3 4559/3/3
f 4563/3/3 4560/3/3 4562/3/3
f 4564/3/3 4560/3/3 4563/3/3
f 4566/3/3 4562/3/3 4561/3/3
f 4566/3/3 4563/3/3 4562/3/3
f 4567/3/3 4563/3/3 4566/3/3
f 4568/3/3 4563/3/3 4567/3/3
f 4571/3/3 4566/3/3 4565/3/3
f 4571/3/3 4567/3/3 4566/3/3
f 4572/3/3 4567/3/3 4571/3/3
f 4573/7/3 4570/7/3 4569/7/3
f 4574/7/3 4570/7/3 4573/7/3
f 4575/7/3 4570/7/3 4574/7/3
f 4577/3/3 4571/3/3 4565/3/3
f 4578/3/3 4571/3/3 4577/3/3
f 4579/5/3 4576/5/3 4575/5/3
f 4579/5/3 4575/5/3 4574/5/3
f 4580/5/3 4576/5/3 4579/5/3
f 4581/5/3 4576/5/3 4580/5/3
f 4582/5/3 4576/5/3 4581/5/3
f 4583/5/3 4581/5/3 4580/5/3
f 4584/3/3 4582/3/3 4581/3/3
f 4584/5/3 4581/5/3 4583/5/3
f 4585/3/3 4582/3/3 4584/3/3
f 4589/5/3 4586/5/3 4585/5/3
f 4590/3/3 4588/3/3 4587/3/3
f 4591/5/3 4589/5/3 4585/5/3
f 4592/3/3 4590/3/3 4589/3/3
f 4592/5/3 4589/5/3 4591/5/3
f 4593/3/3 4588/3/3 4590/3/3
f 4593/3/3 4590/3/3 4592/3/3
f 4596/3/3 4595/3/3 4594/3/3
f 4597/3/3 4595/3/3 4596/3/3
f 4598/3/3 4595/3/3 4597/3/3
f 4602/5/3 4601/5/3 4600/5/3
f 4603/5/3 4601/5/3 4602/5/3
f 4604/5/3 4601/5/3 4603/5/3
f 4605/5/3 4602/5/3 4600/5/3
f 4606/5/3 4602/5/3 4605/5/3
f 4607/3/3 4599/3/3 4598/3/3
f 4608/3/3 4599/3/3 4607/3/3
f 4610/3/3 4609/3/3 4608/3/3
f 4611/3/3 4609/3/3 4610/3/3
f 4615/3/3 4612/3/3 4611/3/3
f 4616/3/3 4612/3/3 4615/3/3
f 4617/3/3 4612/3/3 4616/3/3
f 4619/4/3 4614/4/3 4613/4/3
f 4620/4/3 4614/4/3 4619/4/3
f 4621/4/3 4614/4/3 4620/4/3
f 4622/3/3 4618/3/3 4617/3/3
f 4622/3/3 4617/3/3 4616/3/3
f 4623/3/3 4618/3/3 4622/3/3
f 4624/1/3 4621/1/3 4620/1/3
f 4625/1/3 4621/1/3 4624/1/3
f 4626/3/3 4618/3/3 4623/3/3
f 4627/3/3 4618/3/3 4626/3/3
f 4636/1/3 4629/1/3 4628/1/3
f 4637/1/3 4629/1/3 4636/1/3
f 4639/1/3 4631/1/3 4630/1/3
f 4640/1/3 4631/1/3 4639/1/3
f 4641/4/3 4633/4/3 4632/4/3
f 4642/4/3 4633/4/3 4641/4/3
f 4643/4/3 4633/4/3 4642/4/3
f 4645/1/3 4635/1/3 4634/1/3
f 4646/1/3 4640/1/3 4639/1/3
f 4646/1/3 4639/1/3 4638/1/3
f 4646/1/3 4642/1/3 4641/1/3
f 4646/1/3 4641/1/3 4640/1/3
f 4647/1/3 4642/1/3 4646/1/3
f 4648/1/3 4642/1/3 4647/1/3
f 4649/1/3 4642/1/3 4648/1/3
f 4650/1/3 4642/1/3 4649/1/3
f 4651/1/3 4642/1/3 4650/1/3
f 4652/1/3 4645/1/3 4644/1/3
f 4653/1/3 4635/1/3 4645/1/3
f 4653/1/3 4645/1/3 4652/1/3
f 4655/1/3 4648/1/3 4647/1/3
f 4656/1/3 4648/1/3 4655/1/3
f 4657/1/3 4650/1/3 4649/1/3
f 4658/1/3 4650/1/3 4657/1/3
f 4664/1/3 4656/1/3 4655/1/3
f 4664/1/3 4655/1/3 4654/1/3
f 4664/1/3 4657/1/3 4656/1/3
f 4664/1/3 4659/1/3 4658/1/3
f 4664/1/3 4658/1/3 4657/1/3
f 4665/1/3 4659/1/3 4664/1/3
f 4666/1/3 4659/1/3 4665/1/3
f 4667/1/3 4659/1/3 4666/1/3
f 4668/1/3 4659/1/3 4667/1/3
f 4670/1/3 4661/1/3 4660/1/3
f 4671/1/3 4661/1/3 4670/1/3
f 4672/1/3 4663/1/3 4662/1/3
f 4673/1/3 4663/1/3 4672/1/3
f 4674/1/3 4666/1/3 4665/1/3
f 4675/1/3 4666/1/3 4674/1/3
f 4676/4/3 4669/4/3 4668/4/3
f 4676/4/3 4668/4/3 4667/4/3
f 4677/4/3 4669/4/3 4676/4/3
f 4678/1/3 4661/1/3 4671/1/3
f 4679/1/3 4661/1/3 4678/1/3
f 4685/1/3 4681/1/3 4680/1/3
f 4686/1/3 4681/1/3 4685/1/3
f 4688/3/3 4683/3/3 4682/3/3
f 4689/4/3 4686/4/3 4685/4/3
f 4689/4/3 4685/4/3 4684/4/3
f 4690/4/3 4686/4/3 4689/4/3
f 4692/3/3 4688/3/3 4687/3/3
f 4693/3/3 4683/3/3 4688/3/3
f 4693/3/3 4688/3/3 4692/3/3
f 4694/3/3 4683/3/3 4693/3/3
f 4696/3/3 4692/3/3 4691/3/3
f 4696/3/3 4693/3/3 4692/3/3
f 4697/3/3 4693/3/3 4696/3/3
f 4701/3/3 4696/3/3 4695/3/3
f 4702/3/3 4696/3/3 4701/3/3
f 4703/5/3 4699/5/3 4698/5/3
f 4706/5/3 4703/5/3 4698/5/3
f 4706/5/3 4705/5/3 4704/5/3
f 4706/5/3 4704/5/3 4703/5/3
f 4707/5/3 4705/5/3 4706/5/3
f 4710/3/3 4701/3/3 4700/3/3
f 4711/3/3 4701/3/3 4710/3/3
f 4712/3/3 4709/3/3 4708/3/3
f 4712/3/3 4710/3/3 4709/3/3
f 4713/3/3 4710/3/3 4712/3/3
f 4717/7/3 4715/7/3 4714/7/3
f 4718/7/3 4715/7/3 4717/7/3
f 4719/7/3 4717/7/3 4716/7/3
f 4720/7/3 4717/7/3 4719/7/3
f 4725/3/3 4722/3/3 4721/3/3
f 4726/3/3 4722/3/3 4725/3/3
f 4728/4/3 4724/4/3 4723/4/3
f 4730/3/3 4727/3/3 4726/3/3
f 4731/3/3 4727/3/3 4730/3/3
f 4734/4/3 4729/4/3 4728/4/3
f 4734/4/3 4728/4/3 4723/4/3
f 4735/4/3 4729/4/3 4734/4/3
f 4736/3/3 4732/3/3 4731/3/3
f 4737/3/3 4732/3/3 4736/3/3
f 4738/4/3 4734/4/3 4733/4/3
f 4740/4/3 4738/4/3 4733/4/3
f 4740/4/3 4739/4/3 4738/4/3
f 4741/4/3 4739/4/3 4740/4/3
f 4743/4/3 4740/4/3 4733/4/3
f 4744/4/3 4740/4/3 4743/4/3
f 4745/4/3 4743/4/3 4742/4/3
f 4746/4/3 4743/4/3 4745/4/3
f 4749/4/3 4747/4/3 4746/4/3
f 4750/1/3 4748/1/3 4747/1/3
f 4750/4/3 4747/4/3 4749/4/3
f 4751/1/3 4748/1/3 4750/1/3
f 4756/4/3 4753/4/3 4752/4/3
f 4757/1/3 4754/1/3 4753/1/3
f 4757/4/3 4753/4/3 4756/4/3
f 4758/1/3 4754/1/3 4757/1/3
f 4759/4/3 4756/4/3 4755/4/3
f 4760/4/3 4756/4/3 4759/4/3
f 4762/4/3 4761/4/3 4760/4/3
f 4764/4/3 4762/4/3 4760/4/3
f 4764/4/3 4763/4/3 4762/4/3
f 4765/4/3 4763/4/3 4764/4/3
f 4766/4/3 4764/4/3 4760/4/3
f 4767/4/3 4764/4/3 4766/4/3
f 4771/4/3 4768/4/3 4767/4/3
f 4772/4/3 4768/4/3 4771/4/3
f 4774/3/3 4770/3/3 4769/3/3
f 4775/3/3 4770/3/3 4774/3/3
f 4776/4/3 4771/4/3 4767/4/3
f 4777/4/3 4771/4/3 4776/4/3
f 4779/3/3 4774/3/3 4773/3/3
f 4780/3/3 4774/3/3 4779/3/3
f 4781/3/3 4779/3/3 4778/3/3
f 4782/3/3 4779/3/3 4781/3/3
f 4785/7/3 4784/7/3 4783/7/3
f 4786/7/3 4784/7/3 4785/7/3
f 4788/7/3 4787/7/3 4786/7/3
f 4789/7/3 4787/7/3 4788/7/3
f 4793/7/3 4791/7/3 4790/7/3
f 4794/7/3 4791/7/3 4793/7/3
f 4795/7/3 4791/7/3 4794/7/3
f 4796/7/3 4793/7/3 4792/7/3
f 4796/7/3 4794/7/3 4793/7/3
f 4797/7/3 4794/7/3 4796/7/3
f 4806/7/3 4800/7/3 4799/7/3
f 4806/7/3 4799/7/3 4798/7/3
f 4807/7/3 4800/7/3 4806/7/3
f 4808/7/3 4802/7/3 4801/7/3
f 4809/7/3 4802/7/3 4808/7/3
f 4810/3/3 4804/3/3 4803/3/3
f 4811/3/3 4804/3/3 4810/3/3
f 4814/7/3 4806/7/3 4805/7/3
f 4815/7/3 4806/7/3 4814/7/3
f 4816/3/3 4812/3/3 4811/3/3
f 4817/3/3 4812/3/3 4816/3/3
f 4818/7/3 4814/7/3 4813/7/3
f 4819/7/3 4814/7/3 4818/7/3
f 4822/1/3 4821/1/3 4820/1/3
f 4823/1/3 4821/1/3 4822/1/3
f 4827/4/3 4825/4/3 4824/4/3
f 4828/1/3 4826/1/3 4825/1/3
f 4828/4/3 4825/4/3 4827/4/3
f 4829/1/3 4826/1/3 4828/1/3
f 4835/4/3 4831/4/3 4830/4/3
f 4836/1/3 4832/1/3 4831/1/3
f 4836/4/3 4831/4/3 4835/4/3
f 4837/1/3 4832/1/3 4836/1/3
f 4838/1/3 4834/1/3 4833/1/3
f 4839/1/3 4834/1/3 4838/1/3
f 4842/7/3 4841/7/3 4840/7/3
f 4843/7/3 4841/7/3 4842/7/3
f 4847/7/3 4844/7/3 4843/7/3
f 4848/7/3 4844/7/3 4847/7/3
f 4853/3/3 4846/3/3 4845/3/3
f 4854/3/3 4846/3/3 4853/3/3
f 4855/7/3 4849/7/3 4848/7/3
f 4856/7/3 4849/7/3 4855/7/3
f 4857/7/3 4849/7/3 4856/7/3
f 4858/7/3 4851/7/3 4850/7/3
f 4859/7/3 4851/7/3 4858/7/3
f 4860/3/3 4853/3/3 4852/3/3
f 4861/3/3 4853/3/3 4860/3/3
f 4864/7/3 4863/7/3 4862/7/3
f 4865/7/3 4863/7/3 4864/7/3
f 4866/7/3 4863/7/3 4865/7/3
f 4868/7/3 4867/7/3 4866/7/3
f 4868/7/3 4866/7/3 4865/7/3
f 4869/7/3 4867/7/3 4868/7/3
f 4874/7/3 4871/7/3 4870/7/3
f 4875/7/3 4871/7/3 4874/7/3
f 4876/7/3 4871/7/3 4875/7/3
f 4878/3/3 4873/3/3 4872/3/3
f 4879/3/3 4873/3/3 4878/3/3
f 4881/7/3 4877/7/3 4876/7/3
f 4881/7/3 4876/7/3 4875/7/3
f 4882/7/3 4877/7/3 4881/7/3
f 4884/3/3 4880/3/3 4879/3/3
f 4885/3/3 4880/3/3 4884/3/3
f 4886/7/3 4883/7/3 4882/7/3
f 4887/7/3 4883/7/3 4886/7/3
f 4888/7/3 4883/7/3 4887/7/3
f 4894/7/3 4888/7/3 4887/7/3
f 4894/7/3 4889/7/3 4888/7/3
f 4895/7/3 4889/7/3 4894/7/3
f 4896/7/3 4891/7/3 4890/7/3
f 4897/7/3 4891/7/3 4896/7/3
f 4898/7/3 4891/7/3 4897/7/3
f 4900/3/3 4893/3/3 4892/3/3
f 4901/3/3 4893/3/3 4900/3/3
f 4902/7/3 4899/7/3 4898/7/3
f 4902/7/3 4898/7/3 4897/7/3
f 4903/7/3 4899/7/3 4902/7/3
f 4908/3/3 4905/3/3 4904/3/3
f 4909/3/3 4905/3/3 4908/3/3
f 4911/1/3 4907/1/3 4906/1/3
f 4912/1/3 4907/1/3 4911/1/3
f 4917/1/3 4911/1/3 4910/1/3
f 4917/1/3 4912/1/3 4911/1/3
f 4917/1/3 4913/1/3 4912/1/3
f 4918/1/3 4913/1/3 4917/1/3
f 4920/1/3 4917/1/3 4916/1/3
f 4920/1/3 4919/1/3 4918/1/3
f 4920/1/3 4918/1/3 4917/1/3
f 4921/1/3 4919/1/3 4920/1/3
f 4922/1/3 4915/1/3 4914/1/3
f 4923/1/3 4915/1/3 4922/1/3
f 4926/1/3 4925/1/3 4924/1/3
f 4927/1/3 4925/1/3 4926/1/3
f 4934/1/3 4929/1/3 4928/1/3
f 4935/1/3 4929/1/3 4934/1/3
f 4936/1/3 4931/1/3 4930/1/3
f 4937/1/3 4931/1/3 4936/1/3
f 4938/1/3 4931/1/3 4937/1/3
f 4939/1/3 4931/1/3 4938/1/3
f 4940/1/3 4938/1/3 4937/1/3
f 4941/1/3 4938/1/3 4940/1/3
f 4942/1/3 4938/1/3 4941/1/3
f 4943/1/3 4938/1/3 4942/1/3
f 4944/1/3 4933/1/3 4932/1/3
f 4945/1/3 4933/1/3 4944/1/3
f 4946/1/3 4942/1/3 4941/1/3
f 4947/1/3 4942/1/3 4946/1/3
f 4952/3/3 4949/3/3 4948/3/3
f 4953/3/3 4949/3/3 4952/3/3
f 4957/7/3 4951/7/3 4950/7/3
f 4958/7/3 4951/7/3 4957/7/3
f 4959/7/3 4951/7/3 4958/7/3
f 4963/7/3 4955/7/3 4954/7/3
f 4964/7/3 4955/7/3 4963/7/3
f 4965/7/3 4955/7/3 4964/7/3
f 4966/7/3 4957/7/3 4956/7/3
f 4966/7/3 4958/7/3 4957/7/3
f 4967/7/3 4958/7/3 4966/7/3
f 4968/3/3 4961/3/3 4960/3/3
f 4969/3/3 4961/3/3 4968/3/3
f 4971/7/3 4964/7/3 4963/7/3
f 4971/7/3 4963/7/3 4962/7/3
f 4972/7/3 4964/7/3 4971/7/3
f 4976/7/3 4971/7/3 4970/7/3
f 4977/7/3 4971/7/3 4976/7/3
f 4978/7/3 4971/7/3 4977/7/3
f 4980/3/3 4974/3/3 4973/3/3
f 4981/3/3 4974/3/3 4980/3/3
f 4982/7/3 4976/7/3 4975/7/3
f 4982/7/3 4977/7/3 4976/7/3
f 4983/7/3 4977/7/3 4982/7/3
f 4984/3/3 4980/3/3 4979/3/3
f 4985/3/3 4980/3/3 4984/3/3
f 4988/5/3 4987/5/3 4986/5/3
f 4989/5/3 4987/5/3 4988/5/3
f 4990/5/3 4987/5/3 4989/5/3
f 4995/7/3 4992/7/3 4991/7/3
f 4996/7/3 4992/7/3 4995/7/3
f 4997/3/3 4994/3/3 4993/3/3
f 4998/3/3 4994/3/3 4997/3/3
f 5010/1/3 5000/1/3 4999/1/3
f 5011/1/3 5000/1/3 5010/1/3
f 5017/1/3 5002/1/3 5001/1/3
f 5018/1/3 5002/1/3 5017/1/3
f 5019/1/3 5002/1/3 5018/1/3
f 5025/1/3 5004/1/3 5003/1/3
f 5026/1/3 5004/1/3 5025/1/3
f 5027/1/3 5006/1/3 5005/1/3
f 5028/1/3 5006/1/3 5027/1/3
f 5029/1/3 5008/1/3 5007/1/3
f 5030/1/3 5008/1/3 5029/1/3
f 5032/1/3 5013/1/3 5012/1/3
f 5033/1/3 5015/1/3 5014/1/3
f 5034/1/3 5017/1/3 5016/1/3
f 5034/1/3 5018/1/3 5017/1/3
f 5035/1/3 5018/1/3 5034/1/3
f 5036/1/3 5018/1/3 5035/1/3
f 5037/1/3 5021/1/3 5020/1/3
f 5038/1/3 5021/1/3 5037/1/3
f 5039/1/3 5023/1/3 5022/1/3
f 5040/1/3 5023/1/3 5039/1/3
f 5041/1/3 5028/1/3 5027/1/3
f 5041/1/3 5026/1/3 5025/1/3
f 5041/1/3 5025/1/3 5024/1/3
f 5041/1/3 5027/1/3 5026/1/3
f 5042/1/3 5028/1/3 5041/1/3
f 5043/1/3 5010/1/3 5009/1/3
f 5044/1/3 5010/1/3 5043/1/3
f 5045/1/3 5032/1/3 5031/1/3
f 5046/1/3 5013/1/3 5032/1/3
f 5046/1/3 5032/1/3 5045/1/3
f 5047/1/3 5035/1/3 5034/1/3
f 5047/1/3 5034/1/3 5033/1/3
f 5048/1/3 5035/1/3 5047/1/3
f 5049/1/3 5035/1/3 5048/1/3
f 5050/1/3 5035/1/3 5049/1/3
f 5051/1/3 5035/1/3 5050/1/3
f 5053/1/3 5047/1/3 5033/1/3
f 5053/1/3 5033/1/3 5014/1/3
f 5054/1/3 5047/1/3 5053/1/3
f 5055/1/3 5047/1/3 5054/1/3
f 5056/1/3 5047/1/3 5055/1/3
f 5057/1/3 5047/1/3 5056/1/3
f 5058/1/3 5047/1/3 5057/1/3
f 5059/1/3 5049/1/3 5048/1/3
f 5060/1/3 5052/1/3 5051/1/3
f 5060/1/3 5051/1/3 5050/1/3
f 5061/1/3 5052/1/3 5060/1/3
f 5062/1/3 5052/1/3 5061/1/3
f 5063/2/3 5055/2/3 5054/2/3
f 5064/1/3 5056/1/3 5055/1/3
f 5064/2/3 5055/2/3 5063/2/3
f 5065/1/3 5056/1/3 5064/1/3
f 5066/1/3 5059/1/3 5058/1/3
f 5066/1/3 5058/1/3 5057/1/3
f 5067/1/3 5059/1/3 5066/1/3
f 5068/1/3 5049/1/3 5059/1/3
f 5068/1/3 5059/1/3 5067/1/3
f 5071/4/3 5064/4/3 5063/4/3
f 5072/2/3 5065/2/3 5064/2/3
f 5072/4/3 5064/4/3 5071/4/3
f 5073/2/3 5065/2/3 5072/2/3
f 5074/2/3 5067/2/3 5066/2/3
f 5075/2/3 5067/2/3 5074/2/3
f 5076/4/3 5070/4/3 5069/4/3
f 5076/4/3 5069/4/3 5068/4/3
f 5077/4/3 5070/4/3 5076/4/3
f 5078/4/3 5070/4/3 5077/4/3
f 5087/4/3 5080/4/3 5079/4/3
f 5088/2/3 5081/2/3 5080/2/3
f 5088/4/3 5080/4/3 5087/4/3
f 5089/2/3 5081/2/3 5088/2/3
f 5090/2/3 5083/2/3 5082/2/3
f 5091/2/3 5083/2/3 5090/2/3
f 5092/4/3 5086/4/3 5085/4/3
f 5092/4/3 5085/4/3 5084/4/3
f 5093/4/3 5086/4/3 5092/4/3
f 5094/4/3 5086/4/3 5093/4/3
f 5096/2/3 5088/2/3 5087/2/3
f 5097/1/3 5089/1/3 5088/1/3
f 5097/2/3 5088/2/3 5096/2/3
f 5098/1/3 5089/1/3 5097/1/3
f 5099/1/3 5091/1/3 5090/1/3
f 5099/1/3 5092/1/3 5091/1/3
f 5100/1/3 5092/1/3 5099/1/3
f 5101/1/3 5092/1/3 5100/1/3
f 5115/1/3 5098/1/3 5097/1/3
f 5115/1/3 5096/1/3 5095/1/3
f 5115/1/3 5097/1/3 5096/1/3
f 5115/1/3 5099/1/3 5098/1/3
f 5115/1/3 5100/1/3 5099/1/3
f 5116/1/3 5092/1/3 5101/1/3
f 5117/1/3 5092/1/3 5116/1/3
f 5118/1/3 5103/1/3 5102/1/3
f 5118/1/3 5104/1/3 5103/1/3
f 5119/1/3 5104/1/3 5118/1/3
f 5120/1/3 5104/1/3 5119/1/3
f 5121/1/3 5106/1/3 5105/1/3
f 5122/1/3 5106/1/3 5121/1/3
f 5123/1/3 5108/1/3 5107/1/3
f 5124/1/3 5108/1/3 5123/1/3
f 5125/1/3 5110/1/3 5109/1/3
f 5126/1/3 5110/1/3 5125/1/3
f 5127/1/3 5110/1/3 5126/1/3
f 5128/1/3 5110/1/3 5127/1/3
f 5129/1/3 5110/1/3 5128/1/3
f 5132/1/3 5114/1/3 5113/1/3
f 5133/1/3 5114/1/3 5132/1/3
f 5134/1/3 5117/1/3 5116/1/3
f 5134/1/3 5115/1/3 5095/1/3
f 5134/1/3 5116/1/3 5115/1/3
f 5134/1/3 5118/1/3 5117/1/3
f 5134/1/3 5119/1/3 5118/1/3
f 5135/1/3 5119/1/3 5134/1/3
f 5136/1/3 5119/1/3 5135/1/3
f 5138/1/3 5127/1/3 5126/1/3
f 5139/1/3 5127/1/3 5138/1/3
f 5140/1/3 5129/1/3 5128/1/3
f 5141/1/3 5129/1/3 5140/1/3
f 5142/1/3 5131/1/3 5130/1/3
f 5143/1/3 5131/1/3 5142/1/3
f 5144/1/3 5112/1/3 5111/1/3
f 5145/1/3 5112/1/3 5144/1/3
f 5147/1/3 5114/1/3 5133/1/3
f 5148/1/3 5114/1/3 5147/1/3
f 5149/1/3 5134/1/3 5095/1/3
f 5150/1/3 5134/1/3 5149/1/3
f 5151/1/3 5136/1/3 5135/1/3
f 5151/1/3 5137/1/3 5136/1/3
f 5152/1/3 5137/1/3 5151/1/3
f 5153/1/3 5137/1/3 5152/1/3
f 5155/1/3 5146/1/3 5145/1/3
f 5156/1/3 5146/1/3 5155/1/3
f 5157/1/3 5154/1/3 5153/1/3
f 5157/1/3 5153/1/3 5152/1/3
f 5158/1/3 5154/1/3 5157/1/3
f 5163/7/3 5160/7/3 5159/7/3
f 5164/7/3 5160/7/3 5163/7/3
f 5165/3/3 5162/3/3 5161/3/3
f 5166/3/3 5162/3/3 5165/3/3
f 5170/5/3 5168/5/3 5167/5/3
f 5170/5/3 5169/5/3 5168/5/3
f 5171/5/3 5169/5/3 5170/5/3
f 5175/1/3 5173/1/3 5172/1/3
f 5176/1/3 5173/1/3 5175/1/3
f 5184/1/3 5175/1/3 5174/1/3
f 5185/1/3 5175/1/3 5184/1/3
f 5186/1/3 5177/1/3 5176/1/3
f 5187/1/3 5179/1/3 5178/1/3
f 5188/1/3 5179/1/3 5187/1/3
f 5197/1/3 5181/1/3 5180/1/3
f 5198/1/3 5181/1/3 5197/1/3
f 5199/1/3 5181/1/3 5198/1/3
f 5200/1/3 5181/1/3 5199/1/3
f 5201/1/3 5181/1/3 5200/1/3
f 5202/1/3 5181/1/3 5201/1/3
f 5203/1/3 5183/1/3 5182/1/3
f 5204/1/3 5183/1/3 5203/1/3
f 5205/1/3 5186/1/3 5176/1/3
f 5206/1/3 5186/1/3 5205/1/3
f 5207/1/3 5189/1/3 5188/1/3
f 5209/1/3 5191/1/3 5190/1/3
f 5210/1/3 5191/1/3 5209/1/3
f 5211/1/3 5193/1/3 5192/1/3
f 5212/1/3 5193/1/3 5211/1/3
f 5213/1/3 5195/1/3 5194/1/3
f 5214/1/3 5195/1/3 5213/1/3
f 5215/1/3 5197/1/3 5196/1/3
f 5216/1/3 5197/1/3 5215/1/3
f 5217/1/3 5201/1/3 5200/1/3
f 5218/1/3 5201/1/3 5217/1/3
f 5220/1/3 5208/1/3 5207/1/3
f 5220/1/3 5207/1/3 5188/1/3
f 5225/1/3 5220/1/3 5219/1/3
f 5226/1/3 5208/1/3 5220/1/3
f 5226/1/3 5220/1/3 5225/1/3
f 5231/1/3 5222/1/3 5221/1/3
f 5232/1/3 5222/1/3 5231/1/3
f 5233/2/3 5227/2/3 5226/2/3
f 5234/1/3 5228/1/3 5227/1/3
f 5234/2/3 5227/2/3 5233/2/3
f 5235/1/3 5228/1/3 5234/1/3
f 5236/1/3 5230/1/3 5229/1/3
f 5237/1/3 5230/1/3 5236/1/3
f 5238/1/3 5224/1/3 5223/1/3
f 5239/1/3 5224/1/3 5238/1/3
f 5240/4/3 5235/4/3 5234/4/3
f 5241/4/3 5235/4/3 5240/4/3
f 5245/4/3 5243/4/3 5242/4/3
f 5246/4/3 5243/4/3 5245/4/3
f 5252/2/3 5245/2/3 5244/2/3
f 5253/1/3 5246/1/3 5245/1/3
f 5253/2/3 5245/2/3 5252/2/3
f 5254/1/3 5246/1/3 5253/1/3
f 5255/1/3 5248/1/3 5247/1/3
f 5256/1/3 5248/1/3 5255/1/3
f 5267/1/3 5252/1/3 5251/1/3
f 5268/1/3 5252/1/3 5267/1/3
f 5269/1/3 5258/1/3 5257/1/3
f 5270/1/3 5258/1/3 5269/1/3
f 5271/1/3 5250/1/3 5249/1/3
f 5272/1/3 5250/1/3 5271/1/3
f 5273/1/3 5260/1/3 5259/1/3
f 5274/1/3 5260/1/3 5273/1/3
f 5275/1/3 5262/1/3 5261/1/3
f 5276/1/3 5262/1/3 5275/1/3
f 5277/1/3 5264/1/3 5263/1/3
f 5278/1/3 5264/1/3 5277/1/3
f 5281/1/3 5266/1/3 5265/1/3
f 5282/1/3 5266/1/3 5281/1/3
f 5288/1/3 5252/1/3 5268/1/3
f 5289/1/3 5252/1/3 5288/1/3
f 5292/1/3 5280/1/3 5279/1/3
f 5292/1/3 5283/1/3 5282/1/3
f 5292/1/3 5282/1/3 5281/1/3
f 5292/1/3 5281/1/3 5280/1/3
f 5292/1/3 5279/1/3 5278/1/3
f 5293/1/3 5283/1/3 5292/1/3
f 5294/1/3 5285/1/3 5284/1/3
f 5295/1/3 5285/1/3 5294/1/3
f 5298/1/3 5287/1/3 5286/1/3
f 5300/1/3 5288/1/3 5268/1/3
f 5301/1/3 5288/1/3 5300/1/3
f 5302/1/3 5291/1/3 5290/1/3
f 5303/1/3 5291/1/3 5302/1/3
f 5304/1/3 5297/1/3 5296/1/3
f 5305/1/3 5297/1/3 5304/1/3
f 5306/1/3 5298/1/3 5286/1/3
f 5307/1/3 5298/1/3 5306/1/3
f 5308/1/3 5300/1/3 5299/1/3
f 5309/1/3 5300/1/3 5308/1/3
f 5310/1/3 5306/1/3 5305/1/3
f 5311/1/3 5306/1/3 5310/1/3
f 5320/1/3 5313/1/3 5312/1/3
f 5321/1/3 5313/1/3 5320/1/3
f 5322/1/3 5315/1/3 5314/1/3
f 5323/1/3 5315/1/3 5322/1/3
f 5324/1/3 5317/1/3 5316/1/3
f 5325/1/3 5317/1/3 5324/1/3
f 5326/1/3 5319/1/3 5318/1/3
f 5327/1/3 5319/1/3 5326/1/3
f 5334/1/3 5329/1/3 5328/1/3
f 5335/1/3 5329/1/3 5334/1/3
f 5336/1/3 5331/1/3 5330/1/3
f 5337/1/3 5331/1/3 5336/1/3
f 5338/1/3 5333/1/3 5332/1/3
f 5339/1/3 5333/1/3 5338/1/3
f 5342/1/3 5341/1/3 5340/1/3
f 5343/1/3 5341/1/3 5342/1/3
f 5346/7/3 5345/7/3 5344/7/3
f 5347/7/3 5345/7/3 5346/7/3
f 5354/1/3 5349/1/3 5348/1/3
f 5355/1/3 5349/1/3 5354/1/3
f 5356/1/3 5351/1/3 5350/1/3
f 5357/1/3 5351/1/3 5356/1/3
f 5358/1/3 5353/1/3 5352/1/3
f 5359/1/3 5353/1/3 5358/1/3
f 5364/2/3 5361/2/3 5360/2/3
f 5365/2/3 5361/2/3 5364/2/3
f 5366/2/3 5363/2/3 5362/2/3
f 5367/2/3 5363/2/3 5366/2/3
f 5372/4/3 5369/4/3 5368/4/3
f 5373/4/3 5369/4/3 5372/4/3
f 5374/4/3 5371/4/3 5370/4/3
f 5375/2/3 5372/2/3 5371/2/3
f 5375/4/3 5371/4/3 5374/4/3
f 5376/2/3 5372/2/3 5375/2/3
f 5382/4/3 5377/4/3 5376/4/3
f 5383/4/3 5377/4/3 5382/4/3
f 5384/2/3 5379/2/3 5378/2/3
f 5385/2/3 5379/2/3 5384/2/3
f 5386/2/3 5381/2/3 5380/2/3
f 5387/2/3 5381/2/3 5386/2/3
f 5394/1/3 5389/1/3 5388/1/3
f 5395/1/3 5389/1/3 5394/1/3
f 5396/1/3 5391/1/3 5390/1/3
f 5397/1/3 5391/1/3 5396/1/3
f 5398/1/3 5393/1/3 5392/1/3
f 5399/1/3 5393/1/3 5398/1/3
f 5402/7/3 5401/7/3 5400/7/3
f 5403/7/3 5401/7/3 5402/7/3
f 5406/7/3 5405/7/3 5404/7/3
f 5407/7/3 5405/7/3 5406/7/3
f 5408/7/3 5405/7/3 5407/7/3
f 5410/7/3 5409/7/3 5408/7/3
f 5410/7/3 5408/7/3 5407/7/3
f 5411/7/3 5409/7/3 5410/7/3
f 5413/7/3 5412/7/3 5411/7/3
f 5414/7/3 5412/7/3 5413/7/3
f 5415/7/3 5412/7/3 5414/7/3
f 5419/7/3 5415/7/3 5414/7/3
f 5419/7/3 5416/7/3 5415/7/3
f 5420/7/3 5416/7/3 5419/7/3
f 5421/7/3 5418/7/3 5417/7/3
f 5422/7/3 5418/7/3 5421/7/3
f 5423/7/3 5418/7/3 5422/7/3
f 5424/7/3 5423/7/3 5422/7/3
f 5425/7/3 5423/7/3 5424/7/3
f 5428/1/3 5427/1/3 5426/1/3
f 5429/1/3 5427/1/3 5428/1/3
f 5432/2/3 5431/2/3 5430/2/3
f 5433/2/3 5431/2/3 5432/2/3
f 5437/2/3 5435/2/3 5434/2/3
f 5437/2/3 5436/2/3 5435/2/3
f 5438/2/3 5436/2/3 5437/2/3
f 5439/2/3 5436/2/3 5438/2/3
f 5442/2/3 5440/2/3 5439/2/3
f 5442/2/3 5439/2/3 5438/2/3
f 5443/2/3 5440/2/3 5442/2/3
f 5444/2/3 5440/2/3 5443/2/3
f 5445/2/3 5442/2/3 5441/2/3
f 5445/2/3 5443/2/3 5442/2/3
f 5446/2/3 5443/2/3 5445/2/3
f 5447/2/3 5443/2/3 5446/2/3
f 5450/2/3 5449/2/3 5448/2/3
f 5451/2/3 5449/2/3 5450/2/3
f 5454/1/3 5453/1/3 5452/1/3
f 5455/1/3 5453/1/3 5454/1/3
f 5461/7/3 5457/7/3 5456/7/3
f 5462/7/3 5457/7/3 5461/7/3
f 5464/7/3 5459/7/3 5458/7/3
f 5465/7/3 5459/7/3 5464/7/3
f 5466/7/3 5459/7/3 5465/7/3
f 5467/7/3 5461/7/3 5460/7/3
f 5467/7/3 5462/7/3 5461/7/3
f 5468/7/3 5462/7/3 5467/7/3
f 5470/7/3 5465/7/3 5464/7/3
f 5470/7/3 5464/7/3 5463/7/3
f 5471/7/3 5465/7/3 5470/7/3
f 5473/7/3 5470/7/3 5469/7/3
f 5474/7/3 5470/7/3 5473/7/3
f 5475/7/3 5470/7/3 5474/7/3
f 5476/7/3 5473/7/3 5472/7/3
f 5476/7/3 5474/7/3 5473/7/3
f 5477/7/3 5474/7/3 5476/7/3
f 5481/7/3 5479/7/3 5478/7/3
f 5482/7/3 5479/7/3 5481/7/3
f 5483/7/3 5479/7/3 5482/7/3
f 5484/7/3 5481/7/3 5480/7/3
f 5484/7/3 5482/7/3 5481/7/3
f 5485/7/3 5482/7/3 5484/7/3
f 5491/7/3 5487/7/3 5486/7/3
f 5492/7/3 5487/7/3 5491/7/3
f 5493/7/3 5489/7/3 5488/7/3
f 5494/7/3 5489/7/3 5493/7/3
f 5496/7/3 5491/7/3 5490/7/3
f 5497/7/3 5491/7/3 5496/7/3
f 5498/7/3 5496/7/3 5495/7/3
f 5499/7/3 5496/7/3 5498/7/3
f 5503/1/3 5502/1/3 5501/1/3
f 5503/4/3 5501/4/3 5500/4/3
f 5504/1/3 5502/1/3 5503/1/3
f 5508/4/3 5503/4/3 5500/4/3
f 5509/4/3 5503/4/3 5508/4/3
f 5510/4/3 5506/4/3 5505/4/3
f 5511/1/3 5507/1/3 5506/1/3
f 5511/4/3 5506/4/3 5510/4/3
f 5512/1/3 5507/1/3 5511/1/3
f 5514/4/3 5513/4/3 5512/4/3
f 5515/4/3 5513/4/3 5514/4/3
f 5521/4/3 5517/4/3 5516/4/3
f 5522/4/3 5517/4/3 5521/4/3
f 5523/1/3 5519/1/3 5518/1/3
f 5524/1/3 5519/1/3 5523/1/3
f 5525/1/3 5519/1/3 5524/1/3
f 5529/1/3 5521/1/3 5520/1/3
f 5530/1/3 5521/1/3 5529/1/3
f 5531/1/3 5521/1/3 5530/1/3
f 5533/1/3 5525/1/3 5524/1/3
f 5533/1/3 5526/1/3 5525/1/3
f 5534/1/3 5526/1/3 5533/1/3
f 5535/1/3 5526/1/3 5534/1/3
f 5536/1/3 5528/1/3 5527/1/3
f 5537/1/3 5528/1/3 5536/1/3
f 5541/1/3 5533/1/3 5532/1/3
f 5541/1/3 5534/1/3 5533/1/3
f 5542/1/3 5534/1/3 5541/1/3
f 5543/1/3 5540/1/3 5539/1/3
f 5543/1/3 5539/1/3 5538/1/3
f 5544/1/3 5540/1/3 5543/1/3
f 5546/4/3 5545/4/3 5544/4/3
f 5547/4/3 5545/4/3 5546/4/3
f 5552/4/3 5549/4/3 5548/4/3
f 5553/4/3 5549/4/3 5552/4/3
f 5554/4/3 5551/4/3 5550/4/3
f 5555/1/3 5552/1/3 5551/1/3
f 5555/4/3 5551/4/3 5554/4/3
f 5556/1/3 5552/1/3 5555/1/3
f 5559/4/3 5558/4/3 5557/4/3
f 5563/4/3 5559/4/3 5557/4/3
f 5564/1/3 5560/1/3 5559/1/3
f 5564/4/3 5559/4/3 5563/4/3
f 5565/1/3 5560/1/3 5564/1/3
f 5566/7/3 5562/7/3 5561/7/3
f 5567/7/3 5562/7/3 5566/7/3
f 5569/7/3 5568/7/3 5567/7/3
f 5570/7/3 5568/7/3 5569/7/3
f 5574/7/3 5571/7/3 5570/7/3
f 5575/7/3 5571/7/3 5574/7/3
f 5576/7/3 5573/7/3 5572/7/3
f 5577/7/3 5573/7/3 5576/7/3
f 5580/7/3 5579/7/3 5578/7/3
f 5581/7/3 5579/7/3 5580/7/3
f 5582/7/3 5579/7/3 5581/7/3
f 5584/7/3 5583/7/3 5582/7/3
f 5584/7/3 5582/7/3 5581/7/3
f 5585/7/3 5583/7/3 5584/7/3
f 5589/7/3 5587/7/3 5586/7/3
f 5590/7/3 5587/7/3 5589/7/3
f 5591/7/3 5589/7/3 5588/7/3
f 5592/7/3 5589/7/3 5591/7/3
f 5593/7/3 5589/7/3 5592/7/3
f 5596/6/3 5595/6/3 5594/6/3
f 5598/6/3 5596/6/3 5594/6/3
f 5599/6/3 5596/6/3 5598/6/3
f 5600/4/3 5598/4/3 5597/4/3
f 5601/6/3 5599/6/3 5598/6/3
f 5601/4/3 5598/4/3 5600/4/3
f 5602/6/3 5599/6/3 5601/6/3
f 5605/4/3 5604/4/3 5603/4/3
f 5606/4/3 5604/4/3 5605/4/3
f 5609/2/3 5608/2/3 5607/2/3
f 5610/2/3 5608/2/3 5609/2/3
f 5616/1/3 5612/1/3 5611/1/3
f 5617/1/3 5612/1/3 5616/1/3
f 5620/1/3 5614/1/3 5613/1/3
f 5621/1/3 5614/1/3 5620/1/3
f 5623/1/3 5618/1/3 5617/1/3
f 5623/1/3 5616/1/3 5615/1/3
f 5623/1/3 5617/1/3 5616/1/3
f 5624/1/3 5618/1/3 5623/1/3
f 5625/1/3 5618/1/3 5624/1/3
f 5627/1/3 5622/1/3 5621/1/3
f 5627/1/3 5621/1/3 5620/1/3
f 5627/1/3 5620/1/3 5619/1/3
f 5628/1/3 5622/1/3 5627/1/3
f 5629/1/3 5622/1/3 5628/1/3
f 5630/1/3 5622/1/3 5629/1/3
f 5632/1/3 5626/1/3 5625/1/3
f 5632/1/3 5625/1/3 5624/1/3
f 5633/1/3 5626/1/3 5632/1/3
f 5634/1/3 5626/1/3 5633/1/3
f 5635/1/3 5629/1/3 5628/1/3
f 5636/1/3 5629/1/3 5635/1/3
f 5637/1/3 5633/1/3 5632/1/3
f 5637/1/3 5632/1/3 5631/1/3
f 5638/1/3 5633/1/3 5637/1/3
f 5639/1/3 5633/1/3 5638/1/3
f 5640/1/3 5633/1/3 5639/1/3
f 5641/1/3 5639/1/3 5638/1/3
f 5642/1/3 5639/1/3 5641/1/3
f 5645/2/3 5644/2/3 5643/2/3
f 5646/2/3 5644/2/3 5645/2/3
f 5649/4/3 5648/4/3 5647/4/3
f 5650/4/3 5648/4/3 5649/4/3
f 5654/4/3 5652/4/3 5651/4/3
f 5655/6/3 5653/6/3 5652/6/3
f 5655/4/3 5652/4/3 5654/4/3
f 5656/6/3 5653/6/3 5655/6/3
f 5657/6/3 5656/6/3 5655/6/3
f 5661/6/3 5657/6/3 5655/6/3
f 5662/6/3 5657/6/3 5661/6/3
f 5663/7/3 5660/7/3 5659/7/3
f 5663/7/3 5659/7/3 5658/7/3
f 5664/7/3 5660/7/3 5663/7/3
f 5666/7/3 5665/7/3 5664/7/3
f 5667/7/3 5665/7/3 5666/7/3
f 5672/1/3 5669/1/3 5668/1/3
f 5673/1/3 5669/1/3 5672/1/3
f 5674/1/3 5669/1/3 5673/1/3
f 5675/4/3 5671/4/3 5670/4/3
f 5676/4/3 5671/4/3 5675/4/3
f 5679/1/3 5674/1/3 5673/1/3
f 5680/1/3 5674/1/3 5679/1/3
f 5681/1/3 5678/1/3 5677/1/3
f 5682/1/3 5678/1/3 5681/1/3
f 5686/1/3 5684/1/3 5683/1/3
f 5687/1/3 5684/1/3 5686/1/3
f 5690/1/3 5687/1/3 5686/1/3
f 5690/1/3 5686/1/3 5685/1/3
f 5691/1/3 5687/1/3 5690/1/3
f 5692/4/3 5689/4/3 5688/4/3
f 5693/4/3 5689/4/3 5692/4/3
f 5697/7/3 5695/7/3 5694/7/3
f 5697/7/3 5696/7/3 5695/7/3
f 5698/7/3 5696/7/3 5697/7/3
f 5699/7/3 5696/7/3 5698/7/3
f 5702/1/3 5701/1/3 5700/1/3
f 5703/1/3 5701/1/3 5702/1/3
f 5707/7/3 5705/7/3 5704/7/3
f 5707/7/3 5706/7/3 5705/7/3
f 5708/7/3 5706/7/3 5707/7/3
f 5709/7/3 5706/7/3 5708/7/3
f 5712/7/3 5711/7/3 5710/7/3
f 5713/7/3 5711/7/3 5712/7/3
f 5723/1/3 5717/1/3 5716/1/3
f 5724/1/3 5717/1/3 5723/1/3
f 5725/4/3 5715/4/3 5714/4/3
f 5726/4/3 5715/4/3 5725/4/3
f 5727/1/3 5719/1/3 5718/1/3
f 5728/1/3 5719/1/3 5727/1/3
f 5729/1/3 5721/1/3 5720/1/3
f 5730/1/3 5721/1/3 5729/1/3
f 5731/1/3 5723/1/3 5722/1/3
f 5732/1/3 5731/1/3 5730/1/3
f 5732/1/3 5730/1/3 5729/1/3
f 5732/1/3 5729/1/3 5728/1/3
f 5733/1/3 5723/1/3 5731/1/3
f 5733/1/3 5731/1/3 5732/1/3
f 5737/1/3 5734/1/3 5733/1/3
f 5738/1/3 5734/1/3 5737/1/3
f 5739/4/3 5736/4/3 5735/4/3
f 5740/4/3 5736/4/3 5739/4/3
f 5743/7/3 5742/7/3 5741/7/3
f 5744/7/3 5742/7/3 5743/7/3
f 5748/7/3 5746/7/3 5745/7/3
f 5749/7/3 5746/7/3 5748/7/3
f 5750/7/3 5746/7/3 5749/7/3
f 5751/7/3 5748/7/3 5747/7/3
f 5751/7/3 5749/7/3 5748/7/3
f 5752/7/3 5749/7/3 5751/7/3
f 5755/6/3 5754/6/3 5753/6/3
f 5756/6/3 5754/6/3 5755/6/3
f 5759/1/3 5758/1/3 5757/1/3
f 5760/1/3 5758/1/3 5759/1/3
f 5763/1/3 5762/1/3 5761/1/3
f 5764/1/3 5762/1/3 5763/1/3
f 5767/1/3 5766/1/3 5765/1/3
f 5768/1/3 5766/1/3 5767/1/3
f 5773/6/3 5770/6/3 5769/6/3
f 5774/6/3 5770/6/3 5773/6/3
f 5775/7/3 5772/7/3 5771/7/3
f 5776/7/3 5772/7/3 5775/7/3
f 5777/7/3 5772/7/3 5776/7/3
f 5779/7/3 5778/7/3 5777/7/3
f 5779/7/3 5777/7/3 5776/7/3
f 5780/7/3 5778/7/3 5779/7/3
f 5783/7/3 5782/7/3 5781/7/3
f 5784/7/3 5782/7/3 5783/7/3
f 5785/7/3 5782/7/3 5784/7/3
f 5788/4/3 5787/4/3 5786/4/3
f 5789/4/3 5787/4/3 5788/4/3
f 5790/4/3 5787/4/3 5789/4/3
f 5792/7/3 5791/7/3 5790/7/3
f 5792/7/3 5790/7/3 5789/7/3
f 5793/7/3 5791/7/3 5792/7/3
f 5796/1/3 5795/1/3 5794/1/3
f 5797/1/3 5795/1/3 5796/1/3
f 5801/7/3 5799/7/3 5798/7/3
f 5802/7/3 5799/7/3 5801/7/3
f 5803/7/3 5799/7/3 5802/7/3
f 5804/4/3 5801/4/3 5800/4/3
f 5804/4/3 5802/4/3 5801/4/3
f 5805/4/3 5802/4/3 5804/4/3
f 5809/7/3 5807/7/3 5806/7/3
f 5809/7/3 5808/7/3 5807/7/3
f 5810/7/3 5808/7/3 5809/7/3
f 5813/7/3 5812/7/3 5811/7/3
f 5814/7/3 5812/7/3 5813/7/3
f 5819/7/3 5816/7/3 5815/7/3
f 5820/7/3 5816/7/3 5819/7/3
f 5822/5/3 5818/5/3 5817/5/3
f 5823/5/3 5818/5/3 5822/5/3
f 5824/7/3 5821/7/3 5820/7/3
f 5825/7/3 5821/7/3 5824/7/3
f 5828/5/3 5827/5/3 5826/5/3
f 5829/5/3 5828/5/3 5826/5/3
f 5832/5/3 5829/5/3 5826/5/3
f 5833/5/3 5829/5/3 5832/5/3
f 5835/7/3 5831/7/3 5830/7/3
f 5836/7/3 5831/7/3 5835/7/3
f 5839/7/3 5835/7/3 5834/7/3
f 5840/7/3 5835/7/3 5839/7/3
f 5841/5/3 5838/5/3 5837/5/3
f 5842/5/3 5838/5/3 5841/5/3
f 5845/7/3 5844/7/3 5843/7/3
f 5846/7/3 5844/7/3 5845/7/3
f 5849/7/3 5848/7/3 5847/7/3
f 5850/7/3 5848/7/3 5849/7/3
f 5853/7/3 5852/7/3 5851/7/3
f 5854/7/3 5852/7/3 5853/7/3
f 5857/7/3 5856/7/3 5855/7/3
f 5858/7/3 5856/7/3 5857/7/3
f 5861/7/3 5860/7/3 5859/7/3
f 5862/7/3 5860/7/3 5861/7/3
f 5866/7/3 5864/7/3 5863/7/3
f 5867/7/3 5864/7/3 5866/7/3
f 5869/7/3 5866/7/3 5865/7/3
f 5870/7/3 5866/7/3 5869/7/3
f 5871/7/3 5868/7/3 5867/7/3
f 5872/7/3 5868/7/3 5871/7/3
f 5873/7/3 5868/7/3 5872/7/3
f 5876/7/3 5875/7/3 5874/7/3
f 5877/7/3 5875/7/3 5876/7/3
f 5880/7/3 5879/7/3 5878/7/3
f 5881/7/3 5879/7/3 5880/7/3
f 5884/7/3 5883/7/3 5882/7/3
f 5885/7/3 5883/7/3 5884/7/3
f 5888/7/3 5887/7/3 5886/7/3
f 5889/7/3 5887/7/3 5888/7/3
f 5895/7/3 5891/7/3 5890/7/3
f 5896/7/3 5891/7/3 5895/7/3
f 5897/7/3 5894/7/3 5893/7/3
f 5897/7/3 5893/7/3 5892/7/3
f 5898/7/3 5894/7/3 5897/7/3
f 5899/7/3 5897/7/3 5896/7/3
f 5900/7/3 5897/7/3 5899/7/3
f 5904/7/3 5902/7/3 5901/7/3
f 5905/7/3 5902/7/3 5904/7/3
f 5906/7/3 5904/7/3 5903/7/3
f 5907/7/3 5904/7/3 5906/7/3
f 5908/7/3 5904/7/3 5907/7/3
f 5912/7/3 5910/7/3 5909/7/3
f 5913/7/3 5910/7/3 5912/7/3
f 5914/7/3 5912/7/3 5911/7/3
f 5915/7/3 5912/7/3 5914/7/3
f 5918/7/3 5917/7/3 5916/7/3
f 5919/7/3 5917/7/3 5918/7/3
f 5921/7/3 5920/7/3 5919/7/3
f 5922/7/3 5920/7/3 5921/7/3
f 5926/7/3 5924/7/3 5923/7/3
f 5926/7/3 5925/7/3 5924/7/3
f 5927/7/3 5925/7/3 5926/7/3
f 5929/7/3 5928/7/3 5927/7/3
f 5930/7/3 5928/7/3 5929/7/3
f 5933/7/3 5932/7/3 5931/7/3
f 5934/7/3 5932/7/3 5933/7/3
f 5937/7/3 5936/7/3 5935/7/3
f 5938/7/3 5936/7/3 5937/7/3
f 5941/7/3 5940/7/3 5939/7/3
f 5942/7/3 5940/7/3 5941/7/3
f 5944/7/3 5943/7/3 5942/7/3
f 5945/7/3 5943/7/3 5944/7/3
f 5949/7/3 5947/7/3 5946/7/3
f 5950/7/3 5947/7/3 5949/7/3
f 5951/7/3 5949/7/3 5948/7/3
f 5952/7/3 5949/7/3 5951/7/3
f 5955/7/3 5954/7/3 5953/7/3
f 5956/7/3 5954/7/3 5955/7/3
f 5960/7/3 5957/7/3 5956/7/3
f 5961/7/3 5957/7/3 5960/7/3
f 5962/7/3 5959/7/3 5958/7/3
f 5963/7/3 5959/7/3 5962/7/3
f 5969/7/3 5965/7/3 5964/7/3
f 5970/7/3 5965/7/3 5969/7/3
f 5971/7/3 5967/7/3 5966/7/3
f 5972/7/3 5967/7/3 5971/7/3
f 5973/7/3 5969/7/3 5968/7/3
f 5974/7/3 5969/7/3 5973/7/3
f 5977/7/3 5976/7/3 5975/7/3
f 5978/7/3 5976/7/3 5977/7/3
f 5981/7/3 5980/7/3 5979/7/3
f 5982/7/3 5980/7/3 5981/7/3
f 5983/7/4 5984/7/4 5985/7/4
f 5985/7/4 5984/7/4 5986/7/4
f 5987/7/4 5988/7/4 5989/7/4
f 5989/7/4 5988/7/4 5990/7/4
f 5991/7/4 5992/7/4 5993/7/4
f 5993/7/4 5992/7/4 5994/7/4
f 5994/7/4 5995/7/4 5998/7/4
f 5998/7/4 5995/7/4 5999/7/4
f 5996/7/4 5997/7/4 6000/7/4
f 6000/7/4 5997/7/4 6001/7/4
f 6002/7/4 6003/7/4 6007/7/4
f 6007/7/4 6003/7/4 6008/7/4
f 6004/7/4 6005/7/4 6009/7/4
f 6009/7/4 6005/7/4 6010/7/4
f 6006/7/4 6007/7/4 6011/7/4
f 6011/7/4 6007/7/4 6012/7/4
f 6013/7/4 6014/7/4 6015/7/4
f 6015/7/4 6014/7/4 6016/7/4
f 6016/7/4 6017/7/4 6018/7/4
f 6018/7/4 6017/7/4 6019/7/4
f 6020/7/4 6021/7/4 6023/7/4
f 6023/7/4 6021/7/4 6024/7/4
f 6022/7/4 6023/7/4 6025/7/4
f 6025/7/4 6023/7/4 6026/7/4
f 6027/7/4 6028/7/4 6029/7/4
f 6029/7/4 6028/7/4 6030/7/4
f 6031/7/4 6032/7/4 6033/7/4
f 6033/7/4 6032/7/4 6034/7/4
f 6035/7/4 6036/7/4 6038/7/4
f 6038/7/4 6036/7/4 6039/7/4
f 6037/7/4 6038/7/4 6040/7/4
f 6040/7/4 6038/7/4 6041/7/4
f 6041/7/4 6038/7/4 6042/7/4
f 6043/7/4 6044/7/4 6046/7/4
f 6046/7/4 6044/7/4 6047/7/4
f 6045/7/4 6046/7/4 6048/7/4
f 6048/7/4 6046/7/4 6049/7/4
f 6050/7/4 6051/7/4 6052/7/4
f 6052/7/4 6051/7/4 6053/7/4
f 6053/7/4 6054/7/4 6055/7/4
f 6055/7/4 6054/7/4 6056/7/4
f 6057/7/4 6058/7/4 6060/7/4
f 6058/7/4 6059/7/4 6060/7/4
f 6060/7/4 6059/7/4 6061/7/4
f 6061/7/4 6062/7/4 6063/7/4
f 6063/7/4 6062/7/4 6064/7/4
f 6065/7/4 6066/7/4 6068/7/4
f 6068/7/4 6066/7/4 6069/7/4
f 6067/7/4 6068/7/4 6071/7/4
f 6071/7/4 6068/7/4 6072/7/4
f 6069/7/4 6070/7/4 6073/7/4
f 6073/7/4 6070/7/4 6074/7/4
f 6074/7/4 6070/7/4 6075/7/4
f 6076/7/4 6077/7/4 6078/7/4
f 6078/7/4 6077/7/4 6079/7/4
f 6080/7/4 6081/7/4 6082/7/4
f 6082/7/4 6081/7/4 6083/7/4
f 6084/7/4 6085/7/4 6086/7/4
f 6086/7/4 6085/7/4 6087/7/4
f 6088/7/4 6089/7/4 6090/7/4
f 6090/7/4 6089/7/4 6091/7/4
f 6092/7/4 6093/7/4 6097/7/4
f 6097/7/4 6093/7/4 6098/7/4
f 6095/7/4 6096/7/4 6099/7/4
f 6094/7/4 6095/7/4 6099/7/4
f 6099/7/4 6096/7/4 6100/7/4
f 6098/7/4 6099/7/4 6101/7/4
f 6101/7/4 6099/7/4 6102/7/4
f 6103/7/4 6104/7/4 6105/7/4
f 6105/7/4 6104/7/4 6106/7/4
f 6107/7/4 6108/7/4 6109/7/4
f 6109/7/4 6108/7/4 6110/7/4
f 6111/7/4 6112/7/4 6113/7/4
f 6113/7/4 6112/7/4 6114/7/4
f 6115/7/4 6116/7/4 6117/7/4
f 6117/7/4 6116/7/4 6118/7/4
f 6119/7/4 6120/7/4 6121/7/4
f 6121/7/4 6120/7/4 6122/7/4
f 6123/7/4 6124/7/4 6127/7/4
f 6127/7/4 6124/7/4 6128/7/4
f 6125/5/4 6126/5/4 6130/5/4
f 6130/5/4 6126/5/4 6131/5/4
f 6128/7/4 6129/7/4 6132/7/4
f 6132/7/4 6129/7/4 6133/7/4
f 6134/5/4 6135/5/4 6136/5/4
f 6134/5/4 6136/5/4 6137/5/4
f 6134/5/4 6137/5/4 6140/5/4
f 6140/5/4 6137/5/4 6141/5/4
f 6138/7/4 6139/7/4 6143/7/4
f 6143/7/4 6139/7/4 6144/7/4
f 6142/7/4 6143/7/4 6147/7/4
f 6147/7/4 6143/7/4 6148/7/4
f 6145/5/4 6146/5/4 6149/5/4
f 6149/5/4 6146/5/4 6150/5/4
f 6151/7/4 6152/7/4 6153/7/4
f 6153/7/4 6152/7/4 6154/7/4
f 6155/7/4 6156/7/4 6157/7/4
f 6157/7/4 6156/7/4 6158/7/4
f 6158/7/4 6156/7/4 6159/7/4
f 6160/4/4 6161/4/4 6162/4/4
f 6162/4/4 6161/4/4 6163/4/4
f 6163/4/4 6161/4/4 6164/4/4
f 6164/7/4 6165/7/4 6166/7/4
f 6163/7/4 6164/7/4 6166/7/4
f 6166/7/4 6165/7/4 6167/7/4
f 6168/1/4 6169/1/4 6170/1/4
f 6170/1/4 6169/1/4 6171/1/4
f 6172/7/4 6173/7/4 6175/7/4
f 6175/7/4 6173/7/4 6176/7/4
f 6176/7/4 6173/7/4 6177/7/4
f 6174/4/4 6175/4/4 6178/4/4
f 6175/4/4 6176/4/4 6178/4/4
f 6178/4/4 6176/4/4 6179/4/4
f 6180/7/4 6181/7/4 6183/7/4
f 6181/7/4 6182/7/4 6183/7/4
f 6183/7/4 6182/7/4 6184/7/4
f 6185/7/4 6186/7/4 6188/7/4
f 6188/7/4 6186/7/4 6189/7/4
f 6189/7/4 6186/7/4 6190/7/4
f 6187/7/4 6188/7/4 6191/7/4
f 6188/7/4 6189/7/4 6191/7/4
f 6191/7/4 6189/7/4 6192/7/4
f 6193/6/4 6194/6/4 6195/6/4
f 6195/6/4 6194/6/4 6196/6/4
f 6197/1/4 6198/1/4 6199/1/4
f 6199/1/4 6198/1/4 6200/1/4
f 6201/1/4 6202/1/4 6203/1/4
f 6203/1/4 6202/1/4 6204/1/4
f 6205/1/4 6206/1/4 6207/1/4
f 6207/1/4 6206/1/4 6208/1/4
f 6209/6/4 6210/6/4 6213/6/4
f 6213/6/4 6210/6/4 6214/6/4
f 6211/7/4 6212/7/4 6215/7/4
f 6215/7/4 6212/7/4 6216/7/4
f 6216/7/4 6212/7/4 6217/7/4
f 6217/7/4 6218/7/4 6219/7/4
f 6216/7/4 6217/7/4 6219/7/4
f 6219/7/4 6218/7/4 6220/7/4
f 6221/7/4 6222/7/4 6223/7/4
f 6223/7/4 6222/7/4 6224/7/4
f 6227/1/4 6228/1/4 6234/1/4
f 6234/1/4 6228/1/4 6235/1/4
f 6225/4/4 6226/4/4 6236/4/4
f 6236/4/4 6226/4/4 6237/4/4
f 6229/1/4 6230/1/4 6238/1/4
f 6238/1/4 6230/1/4 6239/1/4
f 6231/1/4 6232/1/4 6240/1/4
f 6240/1/4 6232/1/4 6241/1/4
f 6233/1/4 6234/1/4 6242/1/4
f 6241/1/4 6242/1/4 6243/1/4
f 6240/1/4 6241/1/4 6243/1/4
f 6239/1/4 6240/1/4 6243/1/4
f 6242/1/4 6234/1/4 6244/1/4
f 6243/1/4 6242/1/4 6244/1/4
f 6244/1/4 6245/1/4 6248/1/4
f 6248/1/4 6245/1/4 6249/1/4
f 6246/4/4 6247/4/4 6250/4/4
f 6250/4/4 6247/4/4 6251/4/4
f 6252/7/4 6253/7/4 6254/7/4
f 6254/7/4 6253/7/4 6255/7/4
f 6256/7/4 6257/7/4 6259/7/4
f 6257/7/4 6258/7/4 6259/7/4
f 6259/7/4 6258/7/4 6260/7/4
f 6260/7/4 6258/7/4 6261/7/4
f 6262/1/4 6263/1/4 6264/1/4
f 6264/1/4 6263/1/4 6265/1/4
f 6266/7/4 6267/7/4 6269/7/4
f 6267/7/4 6268/7/4 6269/7/4
f 6269/7/4 6268/7/4 6270/7/4
f 6270/7/4 6268/7/4 6271/7/4
f 6272/1/4 6273/1/4 6276/1/4
f 6276/1/4 6273/1/4 6277/1/4
f 6277/1/4 6273/1/4 6278/1/4
f 6274/4/4 6275/4/4 6279/4/4
f 6279/4/4 6275/4/4 6280/4/4
f 6277/1/4 6278/1/4 6283/1/4
f 6283/1/4 6278/1/4 6284/1/4
f 6281/1/4 6282/1/4 6285/1/4
f 6285/1/4 6282/1/4 6286/1/4
f 6287/1/4 6288/1/4 6290/1/4
f 6290/1/4 6288/1/4 6291/1/4
f 6290/1/4 6291/1/4 6294/1/4
f 6289/1/4 6290/1/4 6294/1/4
f 6294/1/4 6291/1/4 6295/1/4
f 6292/4/4 6293/4/4 6296/4/4
f 6296/4/4 6293/4/4 6297/4/4
f 6298/7/4 6299/7/4 6301/7/4
f 6301/7/4 6299/7/4 6302/7/4
f 6300/7/4 6301/7/4 6303/7/4
f 6303/7/4 6301/7/4 6304/7/4
f 6304/7/4 6301/7/4 6305/7/4
f 6306/6/4 6307/6/4 6308/6/4
f 6306/6/4 6308/6/4 6310/6/4
f 6310/6/4 6308/6/4 6311/6/4
f 6309/4/4 6310/4/4 6312/4/4
f 6310/6/4 6311/6/4 6313/6/4
f 6312/4/4 6310/4/4 6313/4/4
f 6313/6/4 6311/6/4 6314/6/4
f 6315/4/4 6316/4/4 6317/4/4
f 6317/4/4 6316/4/4 6318/4/4
f 6319/2/4 6320/2/4 6321/2/4
f 6321/2/4 6320/2/4 6322/2/4
f 6323/1/4 6324/1/4 6328/1/4
f 6328/1/4 6324/1/4 6329/1/4
f 6325/1/4 6326/1/4 6332/1/4
f 6332/1/4 6326/1/4 6333/1/4
f 6329/1/4 6330/1/4 6335/1/4
f 6327/1/4 6328/1/4 6335/1/4
f 6328/1/4 6329/1/4 6335/1/4
f 6335/1/4 6330/1/4 6336/1/4
f 6336/1/4 6330/1/4 6337/1/4
f 6333/1/4 6334/1/4 6339/1/4
f 6332/1/4 6333/1/4 6339/1/4
f 6331/1/4 6332/1/4 6339/1/4
f 6339/1/4 6334/1/4 6340/1/4
f 6340/1/4 6334/1/4 6341/1/4
f 6341/1/4 6334/1/4 6342/1/4
f 6337/1/4 6338/1/4 6344/1/4
f 6336/1/4 6337/1/4 6344/1/4
f 6344/1/4 6338/1/4 6345/1/4
f 6345/1/4 6338/1/4 6346/1/4
f 6340/1/4 6341/1/4 6347/1/4
f 6347/1/4 6341/1/4 6348/1/4
f 6344/1/4 6345/1/4 6349/1/4
f 6343/1/4 6344/1/4 6349/1/4
f 6349/1/4 6345/1/4 6350/1/4
f 6350/1/4 6345/1/4 6351/1/4
f 6351/1/4 6345/1/4 6352/1/4
f 6350/1/4 6351/1/4 6353/1/4
f 6353/1/4 6351/1/4 6354/1/4
f 6355/2/4 6356/2/4 6357/2/4
f 6357/2/4 6356/2/4 6358/2/4
f 6359/4/4 6360/4/4 6361/4/4
f 6361/4/4 6360/4/4 6362/4/4
f 6363/4/4 6364/4/4 6366/4/4
f 6364/6/4 6365/6/4 6367/6/4
f 6366/4/4 6364/4/4 6367/4/4
f 6367/6/4 6365/6/4 6368/6/4
f 6367/6/4 6368/6/4 6369/6/4
f 6367/6/4 6369/6/4 6373/6/4
f 6373/6/4 6369/6/4 6374/6/4
f 6371/7/4 6372/7/4 6375/7/4
f 6370/7/4 6371/7/4 6375/7/4
f 6375/7/4 6372/7/4 6376/7/4
f 6376/7/4 6377/7/4 6378/7/4
f 6378/7/4 6377/7/4 6379/7/4
f 6380/7/4 6381/7/4 6383/7/4
f 6383/7/4 6381/7/4 6384/7/4
f 6384/7/4 6381/7/4 6385/7/4
f 6382/7/4 6383/7/4 6386/7/4
f 6383/7/4 6384/7/4 6386/7/4
f 6386/7/4 6384/7/4 6387/7/4
f 6388/7/4 6389/7/4 6393/7/4
f 6393/7/4 6389/7/4 6394/7/4
f 6390/7/4 6391/7/4 6395/7/4
f 6395/7/4 6391/7/4 6396/7/4
f 6392/7/4 6393/7/4 6398/7/4
f 6398/7/4 6393/7/4 6399/7/4
f 6397/7/4 6398/7/4 6400/7/4
f 6400/7/4 6398/7/4 6401/7/4
f 6403/1/4 6404/1/4 6405/1/4
f 6402/4/4 6403/4/4 6405/4/4
f 6405/1/4 6404/1/4 6406/1/4
f 6402/4/4 6405/4/4 6410/4/4
f 6410/4/4 6405/4/4 6411/4/4
f 6407/4/4 6408/4/4 6412/4/4
f 6408/1/4 6409/1/4 6413/1/4
f 6412/4/4 6408/4/4 6413/4/4
f 6413/1/4 6409/1/4 6414/1/4
f 6414/4/4 6415/4/4 6416/4/4
f 6416/4/4 6415/4/4 6417/4/4
f 6418/4/4 6419/4/4 6423/4/4
f 6423/4/4 6419/4/4 6424/4/4
f 6420/1/4 6421/1/4 6425/1/4
f 6425/1/4 6421/1/4 6426/1/4
f 6426/1/4 6421/1/4 6427/1/4
f 6422/1/4 6423/1/4 6431/1/4
f 6431/1/4 6423/1/4 6432/1/4
f 6432/1/4 6423/1/4 6433/1/4
f 6426/1/4 6427/1/4 6435/1/4
f 6427/1/4 6428/1/4 6435/1/4
f 6435/1/4 6428/1/4 6436/1/4
f 6436/1/4 6428/1/4 6437/1/4
f 6429/1/4 6430/1/4 6438/1/4
f 6438/1/4 6430/1/4 6439/1/4
f 6434/1/4 6435/1/4 6443/1/4
f 6435/1/4 6436/1/4 6443/1/4
f 6443/1/4 6436/1/4 6444/1/4
f 6441/1/4 6442/1/4 6445/1/4
f 6440/1/4 6441/1/4 6445/1/4
f 6445/1/4 6442/1/4 6446/1/4
f 6446/4/4 6447/4/4 6448/4/4
f 6448/4/4 6447/4/4 6449/4/4
f 6450/4/4 6451/4/4 6454/4/4
f 6454/4/4 6451/4/4 6455/4/4
f 6452/4/4 6453/4/4 6456/4/4
f 6453/1/4 6454/1/4 6457/1/4
f 6456/4/4 6453/4/4 6457/4/4
f 6457/1/4 6454/1/4 6458/1/4
f 6459/4/4 6460/4/4 6461/4/4
f 6459/4/4 6461/4/4 6465/4/4
f 6461/1/4 6462/1/4 6466/1/4
f 6465/4/4 6461/4/4 6466/4/4
f 6466/1/4 6462/1/4 6467/1/4
f 6463/7/4 6464/7/4 6468/7/4
f 6468/7/4 6464/7/4 6469/7/4
f 6469/7/4 6470/7/4 6471/7/4
f 6471/7/4 6470/7/4 6472/7/4
f 6472/7/4 6473/7/4 6476/7/4
f 6476/7/4 6473/7/4 6477/7/4
f 6474/7/4 6475/7/4 6478/7/4
f 6478/7/4 6475/7/4 6479/7/4
f 6480/7/4 6481/7/4 6482/7/4
f 6482/7/4 6481/7/4 6483/7/4
f 6483/7/4 6481/7/4 6484/7/4
f 6484/7/4 6485/7/4 6486/7/4
f 6483/7/4 6484/7/4 6486/7/4
f 6486/7/4 6485/7/4 6487/7/4
f 6488/7/4 6489/7/4 6490/7/4
f 6490/7/4 6489/7/4 6491/7/4
f 6491/7/4 6489/7/4 6492/7/4
f 6492/7/4 6493/7/4 6494/7/4
f 6491/7/4 6492/7/4 6494/7/4
f 6494/7/4 6493/7/4 6495/7/4
f 6495/7/4 6496/7/4 6497/7/4
f 6497/7/4 6496/7/4 6498/7/4
f 6498/7/4 6496/7/4 6499/7/4
f 6498/7/4 6499/7/4 6503/7/4
f 6499/7/4 6500/7/4 6503/7/4
f 6503/7/4 6500/7/4 6504/7/4
f 6501/7/4 6502/7/4 6505/7/4
f 6505/7/4 6502/7/4 6506/7/4
f 6506/7/4 6502/7/4 6507/7/4
f 6506/7/4 6507/7/4 6508/7/4
f 6508/7/4 6507/7/4 6509/7/4
f 6510/1/4 6511/1/4 6512/1/4
f 6512/1/4 6511/1/4 6513/1/4
f 6514/2/4 6515/2/4 6516/2/4
f 6516/2/4 6515/2/4 6517/2/4
f 6518/2/4 6519/2/4 6521/2/4
f 6519/2/4 6520/2/4 6521/2/4
f 6521/2/4 6520/2/4 6522/2/4
f 6522/2/4 6520/2/4 6523/2/4
f 6523/2/4 6524/2/4 6526/2/4
f 6522/2/4 6523/2/4 6526/2/4
f 6526/2/4 6524/2/4 6527/2/4
f 6527/2/4 6524/2/4 6528/2/4
f 6525/2/4 6526/2/4 6529/2/4
f 6526/2/4 6527/2/4 6529/2/4
f 6529/2/4 6527/2/4 6530/2/4
f 6530/2/4 6527/2/4 6531/2/4
f 6532/2/4 6533/2/4 6534/2/4
f 6534/2/4 6533/2/4 6535/2/4
f 6536/1/4 6537/1/4 6538/1/4
f 6538/1/4 6537/1/4 6539/1/4
f 6540/7/4 6541/7/4 6545/7/4
f 6545/7/4 6541/7/4 6546/7/4
f 6542/7/4 6543/7/4 6548/7/4
f 6548/7/4 6543/7/4 6549/7/4
f 6549/7/4 6543/7/4 6550/7/4
f 6544/7/4 6545/7/4 6551/7/4
f 6545/7/4 6546/7/4 6551/7/4
f 6551/7/4 6546/7/4 6552/7/4
f 6548/7/4 6549/7/4 6554/7/4
f 6547/7/4 6548/7/4 6554/7/4
f 6554/7/4 6549/7/4 6555/7/4
f 6553/7/4 6554/7/4 6557/7/4
f 6557/7/4 6554/7/4 6558/7/4
f 6558/7/4 6554/7/4 6559/7/4
f 6556/7/4 6557/7/4 6560/7/4
f 6557/7/4 6558/7/4 6560/7/4
f 6560/7/4 6558/7/4 6561/7/4
f 6562/7/4 6563/7/4 6564/7/4
f 6564/7/4 6563/7/4 6565/7/4
f 6566/1/4 6567/1/4 6572/1/4
f 6572/1/4 6567/1/4 6573/1/4
f 6568/1/4 6569/1/4 6574/1/4
f 6574/1/4 6569/1/4 6575/1/4
f 6570/1/4 6571/1/4 6576/1/4
f 6576/1/4 6571/1/4 6577/1/4
f 6578/2/4 6579/2/4 6582/2/4
f 6582/2/4 6579/2/4 6583/2/4
f 6580/2/4 6581/2/4 6584/2/4
f 6584/2/4 6581/2/4 6585/2/4
f 6586/4/4 6587/4/4 6590/4/4
f 6590/4/4 6587/4/4 6591/4/4
f 6588/4/4 6589/4/4 6592/4/4
f 6589/2/4 6590/2/4 6593/2/4
f 6592/4/4 6589/4/4 6593/4/4
f 6593/2/4 6590/2/4 6594/2/4
f 6594/4/4 6595/4/4 6600/4/4
f 6600/4/4 6595/4/4 6601/4/4
f 6596/2/4 6597/2/4 6602/2/4
f 6602/2/4 6597/2/4 6603/2/4
f 6598/2/4 6599/2/4 6604/2/4
f 6604/2/4 6599/2/4 6605/2/4
f 6606/1/4 6607/1/4 6612/1/4
f 6612/1/4 6607/1/4 6613/1/4
f 6608/1/4 6609/1/4 6614/1/4
f 6614/1/4 6609/1/4 6615/1/4
f 6610/1/4 6611/1/4 6616/1/4
f 6616/1/4 6611/1/4 6617/1/4
f 6618/7/4 6619/7/4 6620/7/4
f 6620/7/4 6619/7/4 6621/7/4
f 6622/1/4 6623/1/4 6626/1/4
f 6626/1/4 6623/1/4 6627/1/4
f 6624/1/4 6625/1/4 6628/1/4
f 6628/1/4 6625/1/4 6629/1/4
f 6630/1/4 6631/1/4 6634/1/4
f 6634/1/4 6631/1/4 6635/1/4
f 6632/1/4 6633/1/4 6636/1/4
f 6636/1/4 6633/1/4 6637/1/4
f 6638/1/4 6639/1/4 6641/1/4
f 6641/1/4 6639/1/4 6642/1/4
f 6640/1/4 6641/1/4 6650/1/4
f 6650/1/4 6641/1/4 6651/1/4
f 6642/1/4 6643/1/4 6652/1/4
f 6644/1/4 6645/1/4 6653/1/4
f 6653/1/4 6645/1/4 6654/1/4
f 6646/1/4 6647/1/4 6663/1/4
f 6663/1/4 6647/1/4 6664/1/4
f 6664/1/4 6647/1/4 6665/1/4
f 6665/1/4 6647/1/4 6666/1/4
f 6648/1/4 6649/1/4 6668/1/4
f 6668/1/4 6649/1/4 6669/1/4
f 6642/1/4 6652/1/4 6670/1/4
f 6670/1/4 6652/1/4 6671/1/4
f 6654/1/4 6655/1/4 6672/1/4
f 6656/1/4 6657/1/4 6674/1/4
f 6674/1/4 6657/1/4 6675/1/4
f 6658/1/4 6659/1/4 6676/1/4
f 6676/1/4 6659/1/4 6677/1/4
f 6660/1/4 6661/1/4 6678/1/4
f 6678/1/4 6661/1/4 6679/1/4
f 6662/1/4 6663/1/4 6680/1/4
f 6663/1/4 6664/1/4 6680/1/4
f 6680/1/4 6664/1/4 6681/1/4
f 6666/1/4 6667/1/4 6682/1/4
f 6665/1/4 6666/1/4 6682/1/4
f 6682/1/4 6667/1/4 6683/1/4
f 6672/1/4 6673/1/4 6685/1/4
f 6654/1/4 6672/1/4 6685/1/4
f 6684/1/4 6685/1/4 6690/1/4
f 6685/1/4 6673/1/4 6691/1/4
f 6690/1/4 6685/1/4 6691/1/4
f 6686/1/4 6687/1/4 6696/1/4
f 6696/1/4 6687/1/4 6697/1/4
f 6691/2/4 6692/2/4 6698/2/4
f 6692/1/4 6693/1/4 6699/1/4
f 6698/2/4 6692/2/4 6699/2/4
f 6699/1/4 6693/1/4 6700/1/4
f 6694/1/4 6695/1/4 6701/1/4
f 6701/1/4 6695/1/4 6702/1/4
f 6688/1/4 6689/1/4 6703/1/4
f 6703/1/4 6689/1/4 6704/1/4
f 6699/4/4 6700/4/4 6705/4/4
f 6705/4/4 6700/4/4 6706/4/4
f 6707/4/4 6708/4/4 6710/4/4
f 6710/4/4 6708/4/4 6711/4/4
f 6709/2/4 6710/2/4 6717/2/4
f 6710/1/4 6711/1/4 6718/1/4
f 6717/2/4 6710/2/4 6718/2/4
f 6718/1/4 6711/1/4 6719/1/4
f 6712/1/4 6713/1/4 6720/1/4
f 6720/1/4 6713/1/4 6721/1/4
f 6716/1/4 6717/1/4 6732/1/4
f 6732/1/4 6717/1/4 6733/1/4
f 6722/1/4 6723/1/4 6734/1/4
f 6734/1/4 6723/1/4 6735/1/4
f 6714/1/4 6715/1/4 6736/1/4
f 6736/1/4 6715/1/4 6737/1/4
f 6724/1/4 6725/1/4 6738/1/4
f 6738/1/4 6725/1/4 6739/1/4
f 6726/1/4 6727/1/4 6740/1/4
f 6740/1/4 6727/1/4 6741/1/4
f 6728/1/4 6729/1/4 6742/1/4
f 6742/1/4 6729/1/4 6743/1/4
f 6743/1/4 6729/1/4 6744/1/4
f 6730/1/4 6731/1/4 6745/1/4
f 6745/1/4 6731/1/4 6746/1/4
f 6746/1/4 6731/1/4 6747/1/4
f 6733/1/4 6717/1/4 6752/1/4
f 6752/1/4 6717/1/4 6753/1/4
f 6743/1/4 6744/1/4 6756/1/4
f 6745/1/4 6746/1/4 6756/1/4
f 6744/1/4 6745/1/4 6756/1/4
f 6756/1/4 6746/1/4 6757/1/4
f 6748/1/4 6749/1/4 6758/1/4
f 6758/1/4 6749/1/4 6759/1/4
f 6750/1/4 6751/1/4 6762/1/4
f 6733/1/4 6752/1/4 6764/1/4
f 6764/1/4 6752/1/4 6765/1/4
f 6754/1/4 6755/1/4 6766/1/4
f 6766/1/4 6755/1/4 6767/1/4
f 6760/1/4 6761/1/4 6768/1/4
f 6768/1/4 6761/1/4 6769/1/4
f 6750/1/4 6762/1/4 6770/1/4
f 6770/1/4 6762/1/4 6771/1/4
f 6763/1/4 6764/1/4 6772/1/4
f 6772/1/4 6764/1/4 6773/1/4
f 6769/1/4 6770/1/4 6774/1/4
f 6774/1/4 6770/1/4 6775/1/4
f 6776/5/4 6777/5/4 6778/5/4
f 6778/5/4 6777/5/4 6779/5/4
f 6779/5/4 6777/5/4 6780/5/4
f 6781/7/4 6782/7/4 6785/7/4
f 6785/7/4 6782/7/4 6786/7/4
f 6783/3/4 6784/3/4 6787/3/4
f 6787/3/4 6784/3/4 6788/3/4
f 6789/1/4 6790/1/4 6800/1/4
f 6800/1/4 6790/1/4 6801/1/4
f 6791/1/4 6792/1/4 6807/1/4
f 6807/1/4 6792/1/4 6808/1/4
f 6808/1/4 6792/1/4 6809/1/4
f 6793/1/4 6794/1/4 6814/1/4
f 6814/1/4 6794/1/4 6815/1/4
f 6795/1/4 6796/1/4 6816/1/4
f 6816/1/4 6796/1/4 6817/1/4
f 6797/1/4 6798/1/4 6818/1/4
f 6818/1/4 6798/1/4 6819/1/4
f 6802/1/4 6803/1/4 6821/1/4
f 6804/1/4 6805/1/4 6822/1/4
f 6806/1/4 6807/1/4 6823/1/4
f 6807/1/4 6808/1/4 6823/1/4
f 6823/1/4 6808/1/4 6824/1/4
f 6824/1/4 6808/1/4 6825/1/4
f 6810/1/4 6811/1/4 6826/1/4
f 6826/1/4 6811/1/4 6827/1/4
f 6812/1/4 6813/1/4 6828/1/4
f 6828/1/4 6813/1/4 6829/1/4
f 6816/1/4 6817/1/4 6830/1/4
f 6815/1/4 6816/1/4 6830/1/4
f 6830/1/4 6817/1/4 6831/1/4
f 6799/1/4 6800/1/4 6832/1/4
f 6832/1/4 6800/1/4 6833/1/4
f 6820/1/4 6821/1/4 6834/1/4
f 6821/1/4 6803/1/4 6835/1/4
f 6834/1/4 6821/1/4 6835/1/4
f 6823/1/4 6824/1/4 6836/1/4
f 6822/1/4 6823/1/4 6836/1/4
f 6836/1/4 6824/1/4 6837/1/4
f 6837/1/4 6824/1/4 6838/1/4
f 6838/1/4 6824/1/4 6839/1/4
f 6839/1/4 6824/1/4 6840/1/4
f 6822/1/4 6836/1/4 6842/1/4
f 6804/1/4 6822/1/4 6842/1/4
f 6842/1/4 6836/1/4 6843/1/4
f 6843/1/4 6836/1/4 6844/1/4
f 6844/1/4 6836/1/4 6845/1/4
f 6845/1/4 6836/1/4 6846/1/4
f 6846/1/4 6836/1/4 6847/1/4
f 6837/1/4 6838/1/4 6848/1/4
f 6840/1/4 6841/1/4 6849/1/4
f 6839/1/4 6840/1/4 6849/1/4
f 6849/1/4 6841/1/4 6850/1/4
f 6850/1/4 6841/1/4 6851/1/4
f 6843/2/4 6844/2/4 6852/2/4
f 6844/1/4 6845/1/4 6853/1/4
f 6852/2/4 6844/2/4 6853/2/4
f 6853/1/4 6845/1/4 6854/1/4
f 6847/1/4 6848/1/4 6855/1/4
f 6846/1/4 6847/1/4 6855/1/4
f 6855/1/4 6848/1/4 6856/1/4
f 6848/1/4 6838/1/4 6857/1/4
f 6856/1/4 6848/1/4 6857/1/4
f 6852/4/4 6853/4/4 6860/4/4
f 6853/2/4 6854/2/4 6861/2/4
f 6860/4/4 6853/4/4 6861/4/4
f 6861/2/4 6854/2/4 6862/2/4
f 6855/2/4 6856/2/4 6863/2/4
f 6863/2/4 6856/2/4 6864/2/4
f 6858/4/4 6859/4/4 6865/4/4
f 6857/4/4 6858/4/4 6865/4/4
f 6865/4/4 6859/4/4 6866/4/4
f 6866/4/4 6859/4/4 6867/4/4
f 6868/4/4 6869/4/4 6876/4/4
f 6869/2/4 6870/2/4 6877/2/4
f 6876/4/4 6869/4/4 6877/4/4
f 6877/2/4 6870/2/4 6878/2/4
f 6871/2/4 6872/2/4 6879/2/4
f 6879/2/4 6872/2/4 6880/2/4
f 6874/4/4 6875/4/4 6881/4/4
f 6873/4/4 6874/4/4 6881/4/4
f 6881/4/4 6875/4/4 6882/4/4
f 6882/4/4 6875/4/4 6883/4/4
f 6876/2/4 6877/2/4 6885/2/4
f 6877/1/4 6878/1/4 6886/1/4
f 6885/2/4 6877/2/4 6886/2/4
f 6886/1/4 6878/1/4 6887/1/4
f 6879/1/4 6880/1/4 6888/1/4
f 6880/1/4 6881/1/4 6888/1/4
f 6888/1/4 6881/1/4 6889/1/4
f 6889/1/4 6881/1/4 6890/1/4
f 6886/1/4 6887/1/4 6904/1/4
f 6884/1/4 6885/1/4 6904/1/4
f 6885/1/4 6886/1/4 6904/1/4
f 6887/1/4 6888/1/4 6904/1/4
f 6888/1/4 6889/1/4 6904/1/4
f 6890/1/4 6881/1/4 6905/1/4
f 6905/1/4 6881/1/4 6906/1/4
f 6891/1/4 6892/1/4 6907/1/4
f 6892/1/4 6893/1/4 6907/1/4
f 6907/1/4 6893/1/4 6908/1/4
f 6908/1/4 6893/1/4 6909/1/4
f 6894/1/4 6895/1/4 6910/1/4
f 6910/1/4 6895/1/4 6911/1/4
f 6896/1/4 6897/1/4 6912/1/4
f 6912/1/4 6897/1/4 6913/1/4
f 6898/1/4 6899/1/4 6915/1/4
f 6915/1/4 6899/1/4 6916/1/4
f 6916/1/4 6899/1/4 6917/1/4
f 6902/1/4 6903/1/4 6920/1/4
f 6920/1/4 6903/1/4 6921/1/4
f 6905/1/4 6906/1/4 6922/1/4
f 6884/1/4 6904/1/4 6922/1/4
f 6904/1/4 6905/1/4 6922/1/4
f 6906/1/4 6907/1/4 6922/1/4
f 6907/1/4 6908/1/4 6922/1/4
f 6922/1/4 6908/1/4 6923/1/4
f 6923/1/4 6908/1/4 6924/1/4
f 6914/1/4 6915/1/4 6926/1/4
f 6926/1/4 6915/1/4 6927/1/4
f 6916/1/4 6917/1/4 6928/1/4
f 6928/1/4 6917/1/4 6929/1/4
f 6918/1/4 6919/1/4 6930/1/4
f 6930/1/4 6919/1/4 6931/1/4
f 6900/1/4 6901/1/4 6932/1/4
f 6932/1/4 6901/1/4 6933/1/4
f 6921/1/4 6903/1/4 6935/1/4
f 6935/1/4 6903/1/4 6936/1/4
f 6884/1/4 6922/1/4 6937/1/4
f 6937/1/4 6922/1/4 6938/1/4
f 6923/1/4 6924/1/4 6939/1/4
f 6924/1/4 6925/1/4 6939/1/4
f 6939/1/4 6925/1/4 6940/1/4
f 6940/1/4 6925/1/4 6941/1/4
f 6933/1/4 6934/1/4 6943/1/4
f 6943/1/4 6934/1/4 6944/1/4
f 6941/1/4 6942/1/4 6945/1/4
f 6940/1/4 6941/1/4 6945/1/4
f 6945/1/4 6942/1/4 6946/1/4
f 6947/7/4 6948/7/4 6951/7/4
f 6951/7/4 6948/7/4 6952/7/4
f 6949/3/4 6950/3/4 6953/3/4
f 6953/3/4 6950/3/4 6954/3/4
f 6955/5/4 6956/5/4 6958/5/4
f 6956/5/4 6957/5/4 6958/5/4
f 6958/5/4 6957/5/4 6959/5/4
f 6960/7/4 6961/7/4 6964/7/4
f 6964/7/4 6961/7/4 6965/7/4
f 6965/7/4 6961/7/4 6966/7/4
f 6962/3/4 6963/3/4 6968/3/4
f 6968/3/4 6963/3/4 6969/3/4
f 6966/7/4 6967/7/4 6971/7/4
f 6965/7/4 6966/7/4 6971/7/4
f 6971/7/4 6967/7/4 6972/7/4
f 6969/3/4 6970/3/4 6974/3/4
f 6974/3/4 6970/3/4 6975/3/4
f 6972/7/4 6973/7/4 6976/7/4
f 6976/7/4 6973/7/4 6977/7/4
f 6977/7/4 6973/7/4 6978/7/4
f 6977/7/4 6978/7/4 6984/7/4
f 6978/7/4 6979/7/4 6984/7/4
f 6984/7/4 6979/7/4 6985/7/4
f 6980/7/4 6981/7/4 6986/7/4
f 6986/7/4 6981/7/4 6987/7/4
f 6987/7/4 6981/7/4 6988/7/4
f 6982/3/4 6983/3/4 6990/3/4
f 6990/3/4 6983/3/4 6991/3/4
f 6988/7/4 6989/7/4 6992/7/4
f 6987/7/4 6988/7/4 6992/7/4
f 6992/7/4 6989/7/4 6993/7/4
f 6994/3/4 6995/3/4 6998/3/4
f 6998/3/4 6995/3/4 6999/3/4
f 6996/1/4 6997/1/4 7001/1/4
f 7001/1/4 6997/1/4 7002/1/4
f 7000/1/4 7001/1/4 7007/1/4
f 7001/1/4 7002/1/4 7007/1/4
f 7002/1/4 7003/1/4 7007/1/4
f 7007/1/4 7003/1/4 7008/1/4
f 7006/1/4 7007/1/4 7010/1/4
f 7008/1/4 7009/1/4 7010/1/4
f 7007/1/4 7008/1/4 7010/1/4
f 7010/1/4 7009/1/4 7011/1/4
f 7004/1/4 7005/1/4 7012/1/4
f 7012/1/4 7005/1/4 7013/1/4
f 7014/1/4 7015/1/4 7016/1/4
f 7016/1/4 7015/1/4 7017/1/4
f 7018/1/4 7019/1/4 7024/1/4
f 7024/1/4 7019/1/4 7025/1/4
f 7020/1/4 7021/1/4 7026/1/4
f 7026/1/4 7021/1/4 7027/1/4
f 7027/1/4 7021/1/4 7028/1/4
f 7028/1/4 7021/1/4 7029/1/4
f 7027/1/4 7028/1/4 7030/1/4
f 7030/1/4 7028/1/4 7031/1/4
f 7031/1/4 7028/1/4 7032/1/4
f 7032/1/4 7028/1/4 7033/1/4
f 7022/1/4 7023/1/4 7034/1/4
f 7034/1/4 7023/1/4 7035/1/4
f 7031/1/4 7032/1/4 7036/1/4
f 7036/1/4 7032/1/4 7037/1/4
f 7038/3/4 7039/3/4 7042/3/4
f 7042/3/4 7039/3/4 7043/3/4
f 7040/7/4 7041/7/4 7047/7/4
f 7047/7/4 7041/7/4 7048/7/4
f 7048/7/4 7041/7/4 7049/7/4
f 7044/7/4 7045/7/4 7053/7/4
f 7053/7/4 7045/7/4 7054/7/4
f 7054/7/4 7045/7/4 7055/7/4
f 7046/7/4 7047/7/4 7056/7/4
f 7047/7/4 7048/7/4 7056/7/4
f 7056/7/4 7048/7/4 7057/7/4
f 7050/3/4 7051/3/4 7058/3/4
f 7058/3/4 7051/3/4 7059/3/4
f 7053/7/4 7054/7/4 7061/7/4
f 7052/7/4 7053/7/4 7061/7/4
f 7061/7/4 7054/7/4 7062/7/4
f 7060/7/4 7061/7/4 7066/7/4
f 7066/7/4 7061/7/4 7067/7/4
f 7067/7/4 7061/7/4 7068/7/4
f 7063/3/4 7064/3/4 7070/3/4
f 7070/3/4 7064/3/4 7071/3/4
f 7065/7/4 7066/7/4 7072/7/4
f 7066/7/4 7067/7/4 7072/7/4
f 7072/7/4 7067/7/4 7073/7/4
f 7069/3/4 7070/3/4 7074/3/4
f 7074/3/4 7070/3/4 7075/3/4
f 7076/7/4 7077/7/4 7079/7/4
f 7079/7/4 7077/7/4 7080/7/4
f 7080/7/4 7077/7/4 7081/7/4
f 7078/7/4 7079/7/4 7082/7/4
f 7079/7/4 7080/7/4 7082/7/4
f 7082/7/4 7080/7/4 7083/7/4
f 7085/7/4 7086/7/4 7092/7/4
f 7084/7/4 7085/7/4 7092/7/4
f 7092/7/4 7086/7/4 7093/7/4
f 7087/7/4 7088/7/4 7094/7/4
f 7094/7/4 7088/7/4 7095/7/4
f 7089/3/4 7090/3/4 7096/3/4
f 7096/3/4 7090/3/4 7097/3/4
f 7091/7/4 7092/7/4 7100/7/4
f 7100/7/4 7092/7/4 7101/7/4
f 7097/3/4 7098/3/4 7102/3/4
f 7102/3/4 7098/3/4 7103/3/4
f 7099/7/4 7100/7/4 7104/7/4
f 7104/7/4 7100/7/4 7105/7/4
f 7106/1/4 7107/1/4 7108/1/4
f 7108/1/4 7107/1/4 7109/1/4
f 7110/4/4 7111/4/4 7113/4/4
f 7111/1/4 7112/1/4 7114/1/4
f 7113/4/4 7111/4/4 7114/4/4
f 7114/1/4 7112/1/4 7115/1/4
f 7116/4/4 7117/4/4 7121/4/4
f 7117/1/4 7118/1/4 7122/1/4
f 7121/4/4 7117/4/4 7122/4/4
f 7122/1/4 7118/1/4 7123/1/4
f 7119/1/4 7120/1/4 7124/1/4
f 7124/1/4 7120/1/4 7125/1/4
f 7126/7/4 7127/7/4 7128/7/4
f 7128/7/4 7127/7/4 7129/7/4
f 7129/7/4 7130/7/4 7133/7/4
f 7133/7/4 7130/7/4 7134/7/4
f 7131/3/4 7132/3/4 7139/3/4
f 7139/3/4 7132/3/4 7140/3/4
f 7134/7/4 7135/7/4 7141/7/4
f 7141/7/4 7135/7/4 7142/7/4
f 7142/7/4 7135/7/4 7143/7/4
f 7136/7/4 7137/7/4 7144/7/4
f 7144/7/4 7137/7/4 7145/7/4
f 7138/3/4 7139/3/4 7146/3/4
f 7146/3/4 7139/3/4 7147/3/4
f 7148/7/4 7149/7/4 7150/7/4
f 7150/7/4 7149/7/4 7151/7/4
f 7151/7/4 7149/7/4 7152/7/4
f 7152/7/4 7153/7/4 7154/7/4
f 7151/7/4 7152/7/4 7154/7/4
f 7154/7/4 7153/7/4 7155/7/4
f 7156/7/4 7157/7/4 7159/7/4
f 7159/7/4 7157/7/4 7160/7/4
f 7158/7/4 7159/7/4 7161/7/4
f 7161/7/4 7159/7/4 7162/7/4
f 7163/3/4 7164/3/4 7167/3/4
f 7167/3/4 7164/3/4 7168/3/4
f 7165/4/4 7166/4/4 7170/4/4
f 7168/3/4 7169/3/4 7172/3/4
f 7172/3/4 7169/3/4 7173/3/4
f 7170/4/4 7171/4/4 7176/4/4
f 7165/4/4 7170/4/4 7176/4/4
f 7176/4/4 7171/4/4 7177/4/4
f 7173/3/4 7174/3/4 7178/3/4
f 7178/3/4 7174/3/4 7179/3/4
f 7175/4/4 7176/4/4 7180/4/4
f 7175/4/4 7180/4/4 7182/4/4
f 7180/4/4 7181/4/4 7182/4/4
f 7182/4/4 7181/4/4 7183/4/4
f 7175/4/4 7182/4/4 7185/4/4
f 7185/4/4 7182/4/4 7186/4/4
f 7184/4/4 7185/4/4 7187/4/4
f 7187/4/4 7185/4/4 7188/4/4
f 7188/4/4 7189/4/4 7191/4/4
f 7189/1/4 7190/1/4 7192/1/4
f 7191/4/4 7189/4/4 7192/4/4
f 7192/1/4 7190/1/4 7193/1/4
f 7194/4/4 7195/4/4 7198/4/4
f 7195/1/4 7196/1/4 7199/1/4
f 7198/4/4 7195/4/4 7199/4/4
f 7199/1/4 7196/1/4 7200/1/4
f 7197/4/4 7198/4/4 7201/4/4
f 7201/4/4 7198/4/4 7202/4/4
f 7202/4/4 7203/4/4 7204/4/4
f 7202/4/4 7204/4/4 7206/4/4
f 7204/4/4 7205/4/4 7206/4/4
f 7206/4/4 7205/4/4 7207/4/4
f 7202/4/4 7206/4/4 7208/4/4
f 7208/4/4 7206/4/4 7209/4/4
f 7209/4/4 7210/4/4 7213/4/4
f 7213/4/4 7210/4/4 7214/4/4
f 7211/3/4 7212/3/4 7216/3/4
f 7216/3/4 7212/3/4 7217/3/4
f 7209/4/4 7213/4/4 7218/4/4
f 7218/4/4 7213/4/4 7219/4/4
f 7215/3/4 7216/3/4 7221/3/4
f 7221/3/4 7216/3/4 7222/3/4
f 7220/3/4 7221/3/4 7223/3/4
f 7223/3/4 7221/3/4 7224/3/4
f 7225/7/4 7226/7/4 7227/7/4
f 7227/7/4 7226/7/4 7228/7/4
f 7228/7/4 7229/7/4 7230/7/4
f 7230/7/4 7229/7/4 7231/7/4
f 7232/3/4 7233/3/4 7234/3/4
f 7234/3/4 7233/3/4 7235/3/4
f 7235/3/4 7233/3/4 7236/3/4
f 7238/5/4 7239/5/4 7240/5/4
f 7240/5/4 7239/5/4 7241/5/4
f 7241/5/4 7239/5/4 7242/5/4
f 7238/5/4 7240/5/4 7243/5/4
f 7243/5/4 7240/5/4 7244/5/4
f 7236/3/4 7237/3/4 7245/3/4
f 7245/3/4 7237/3/4 7246/3/4
f 7246/3/4 7247/3/4 7248/3/4
f 7248/3/4 7247/3/4 7249/3/4
f 7249/3/4 7250/3/4 7253/3/4
f 7253/3/4 7250/3/4 7254/3/4
f 7254/3/4 7250/3/4 7255/3/4
f 7251/4/4 7252/4/4 7257/4/4
f 7257/4/4 7252/4/4 7258/4/4
f 7258/4/4 7252/4/4 7259/4/4
f 7255/3/4 7256/3/4 7260/3/4
f 7254/3/4 7255/3/4 7260/3/4
f 7260/3/4 7256/3/4 7261/3/4
f 7258/1/4 7259/1/4 7262/1/4
f 7262/1/4 7259/1/4 7263/1/4
f 7261/3/4 7256/3/4 7264/3/4
f 7264/3/4 7256/3/4 7265/3/4
f 7266/1/4 7267/1/4 7274/1/4
f 7274/1/4 7267/1/4 7275/1/4
f 7268/1/4 7269/1/4 7277/1/4
f 7277/1/4 7269/1/4 7278/1/4
f 7270/4/4 7271/4/4 7279/4/4
f 7279/4/4 7271/4/4 7280/4/4
f 7280/4/4 7271/4/4 7281/4/4
f 7272/1/4 7273/1/4 7283/1/4
f 7277/1/4 7278/1/4 7284/1/4
f 7276/1/4 7277/1/4 7284/1/4
f 7279/1/4 7280/1/4 7284/1/4
f 7278/1/4 7279/1/4 7284/1/4
f 7284/1/4 7280/1/4 7285/1/4
f 7285/1/4 7280/1/4 7286/1/4
f 7286/1/4 7280/1/4 7287/1/4
f 7287/1/4 7280/1/4 7288/1/4
f 7288/1/4 7280/1/4 7289/1/4
f 7282/1/4 7283/1/4 7290/1/4
f 7283/1/4 7273/1/4 7291/1/4
f 7290/1/4 7283/1/4 7291/1/4
f 7285/1/4 7286/1/4 7293/1/4
f 7293/1/4 7286/1/4 7294/1/4
f 7287/1/4 7288/1/4 7295/1/4
f 7295/1/4 7288/1/4 7296/1/4
f 7293/1/4 7294/1/4 7302/1/4
f 7292/1/4 7293/1/4 7302/1/4
f 7294/1/4 7295/1/4 7302/1/4
f 7296/1/4 7297/1/4 7302/1/4
f 7295/1/4 7296/1/4 7302/1/4
f 7302/1/4 7297/1/4 7303/1/4
f 7303/1/4 7297/1/4 7304/1/4
f 7304/1/4 7297/1/4 7305/1/4
f 7305/1/4 7297/1/4 7306/1/4
f 7298/1/4 7299/1/4 7308/1/4
f 7308/1/4 7299/1/4 7309/1/4
f 7300/1/4 7301/1/4 7310/1/4
f 7310/1/4 7301/1/4 7311/1/4
f 7303/1/4 7304/1/4 7312/1/4
f 7312/1/4 7304/1/4 7313/1/4
f 7306/4/4 7307/4/4 7314/4/4
f 7305/4/4 7306/4/4 7314/4/4
f 7314/4/4 7307/4/4 7315/4/4
f 7309/1/4 7299/1/4 7316/1/4
f 7316/1/4 7299/1/4 7317/1/4
f 7318/1/4 7319/1/4 7323/1/4
f 7323/1/4 7319/1/4 7324/1/4
f 7320/3/4 7321/3/4 7326/3/4
f 7323/4/4 7324/4/4 7327/4/4
f 7322/4/4 7323/4/4 7327/4/4
f 7327/4/4 7324/4/4 7328/4/4
f 7325/3/4 7326/3/4 7330/3/4
f 7326/3/4 7321/3/4 7331/3/4
f 7330/3/4 7326/3/4 7331/3/4
f 7331/3/4 7321/3/4 7332/3/4
f 7329/3/4 7330/3/4 7334/3/4
f 7330/3/4 7331/3/4 7334/3/4
f 7334/3/4 7331/3/4 7335/3/4
f 7333/3/4 7334/3/4 7339/3/4
f 7339/3/4 7334/3/4 7340/3/4
f 7336/5/4 7337/5/4 7341/5/4
f 7336/5/4 7341/5/4 7344/5/4
f 7342/5/4 7343/5/4 7344/5/4
f 7341/5/4 7342/5/4 7344/5/4
f 7344/5/4 7343/5/4 7345/5/4
f 7338/3/4 7339/3/4 7348/3/4
f 7348/3/4 7339/3/4 7349/3/4
f 7346/3/4 7347/3/4 7350/3/4
f 7347/3/4 7348/3/4 7350/3/4
f 7350/3/4 7348/3/4 7351/3/4
f 7352/5/4 7353/5/4 7355/5/4
f 7353/3/4 7354/3/4 7355/3/4
f 7355/3/4 7354/3/4 7356/3/4
f 7352/5/4 7355/5/4 7359/5/4
f 7359/5/4 7355/5/4 7360/5/4
f 7356/3/4 7354/3/4 7361/3/4
f 7361/3/4 7354/3/4 7362/3/4
f 7357/5/4 7358/5/4 7364/5/4
f 7358/3/4 7359/3/4 7365/3/4
f 7364/5/4 7358/5/4 7365/5/4
f 7365/3/4 7359/3/4 7366/3/4
f 7363/5/4 7364/5/4 7368/5/4
f 7364/5/4 7365/5/4 7368/5/4
f 7365/5/4 7366/5/4 7368/5/4
f 7368/5/4 7366/5/4 7369/5/4
f 7369/5/4 7366/5/4 7370/5/4
f 7368/7/4 7369/7/4 7373/7/4
f 7367/7/4 7368/7/4 7373/7/4
f 7373/7/4 7369/7/4 7374/7/4
f 7371/3/4 7372/3/4 7375/3/4
f 7375/3/4 7376/3/4 7377/3/4
f 7371/3/4 7375/3/4 7377/3/4
f 7377/3/4 7376/3/4 7378/3/4
f 7378/3/4 7376/3/4 7379/3/4
f 7379/3/4 7380/3/4 7381/3/4
f 7378/3/4 7379/3/4 7381/3/4
f 7381/3/4 7380/3/4 7382/3/4
f 7382/3/4 7380/3/4 7383/3/4
f 7383/3/4 7384/3/4 7385/3/4
f 7382/3/4 7383/3/4 7385/3/4
f 7385/3/4 7384/3/4 7386/3/4
f 7387/1/4 7388/1/4 7389/1/4
f 7389/1/4 7388/1/4 7390/1/4
f 7391/1/4 7392/1/4 7396/1/4
f 7396/1/4 7392/1/4 7397/1/4
f 7393/1/4 7394/1/4 7400/1/4
f 7400/1/4 7394/1/4 7401/1/4
f 7398/1/4 7399/1/4 7402/1/4
f 7395/1/4 7396/1/4 7402/1/4
f 7396/1/4 7397/1/4 7402/1/4
f 7397/1/4 7398/1/4 7402/1/4
f 7402/1/4 7399/1/4 7403/1/4
f 7403/1/4 7399/1/4 7404/1/4
f 7404/1/4 7399/1/4 7405/1/4
f 7405/1/4 7399/1/4 7406/1/4
f 7403/1/4 7404/1/4 7409/1/4
f 7409/1/4 7404/1/4 7410/1/4
f 7407/1/4 7408/1/4 7411/1/4
f 7411/1/4 7408/1/4 7412/1/4
f 7413/3/4 7414/3/4 7416/3/4
f 7416/3/4 7414/3/4 7417/3/4
f 7417/3/4 7414/3/4 7418/3/4
f 7415/3/4 7416/3/4 7420/3/4
f 7416/3/4 7417/3/4 7420/3/4
f 7420/3/4 7417/3/4 7421/3/4
f 7421/3/4 7417/3/4 7422/3/4
f 7419/3/4 7420/3/4 7425/3/4
f 7420/3/4 7421/3/4 7425/3/4
f 7425/3/4 7421/3/4 7426/3/4
f 7423/7/4 7424/7/4 7427/7/4
f 7427/7/4 7424/7/4 7428/7/4
f 7428/7/4 7424/7/4 7429/7/4
f 7419/3/4 7425/3/4 7431/3/4
f 7431/3/4 7425/3/4 7432/3/4
f 7429/5/4 7430/5/4 7433/5/4
f 7428/5/4 7429/5/4 7433/5/4
f 7433/5/4 7430/5/4 7434/5/4
f 7434/5/4 7430/5/4 7435/5/4
f 7435/5/4 7430/5/4 7436/5/4
f 7434/5/4 7435/5/4 7437/5/4
f 7435/3/4 7436/3/4 7438/3/4
f 7437/5/4 7435/5/4 7438/5/4
f 7438/3/4 7436/3/4 7439/3/4
f 7439/5/4 7440/5/4 7443/5/4
f 7441/3/4 7442/3/4 7444/3/4
f 7439/5/4 7443/5/4 7445/5/4
f 7443/3/4 7444/3/4 7446/3/4
f 7445/5/4 7443/5/4 7446/5/4
f 7444/3/4 7442/3/4 7447/3/4
f 7446/3/4 7444/3/4 7447/3/4
f 7448/3/4 7449/3/4 7451/3/4
f 7451/3/4 7449/3/4 7452/3/4
f 7450/5/4 7451/5/4 7454/5/4
f 7451/5/4 7452/5/4 7454/5/4
f 7452/3/4 7453/3/4 7455/3/4
f 7454/5/4 7452/5/4 7455/5/4
f 7455/3/4 7453/3/4 7456/3/4
f 7458/7/4 7459/7/4 7462/7/4
f 7462/7/4 7459/7/4 7463/7/4
f 7460/6/4 7461/6/4 7464/6/4
f 7464/6/4 7461/6/4 7465/6/4
f 7456/3/4 7457/3/4 7466/3/4
f 7466/3/4 7457/3/4 7467/3/4
f 7467/3/4 7468/3/4 7471/3/4
f 7469/4/4 7470/4/4 7474/4/4
f 7474/4/4 7470/4/4 7475/4/4
f 7471/3/4 7472/3/4 7477/3/4
f 7467/3/4 7471/3/4 7477/3/4
f 7477/3/4 7472/3/4 7478/3/4
f 7475/1/4 7476/1/4 7480/1/4
f 7474/1/4 7475/1/4 7480/1/4
f 7473/1/4 7474/1/4 7480/1/4
f 7480/1/4 7476/1/4 7481/1/4
f 7481/1/4 7476/1/4 7482/1/4
f 7478/3/4 7479/3/4 7483/3/4
f 7483/3/4 7479/3/4 7484/3/4
f 7481/4/4 7482/4/4 7487/4/4
f 7484/3/4 7479/3/4 7488/3/4
f 7488/3/4 7479/3/4 7489/3/4
f 7485/1/4 7486/1/4 7493/1/4
f 7493/1/4 7486/1/4 7494/1/4
f 7481/4/4 7487/4/4 7496/4/4
f 7496/4/4 7487/4/4 7497/4/4
f 7490/1/4 7491/1/4 7498/1/4
f 7498/1/4 7491/1/4 7499/1/4
f 7500/1/4 7501/1/4 7502/1/4
f 7502/1/4 7501/1/4 7503/1/4
f 7494/1/4 7495/1/4 7504/1/4
f 7492/1/4 7493/1/4 7504/1/4
f 7493/1/4 7494/1/4 7504/1/4
f 7504/1/4 7495/1/4 7505/1/4
f 7505/1/4 7495/1/4 7506/1/4
f 7506/1/4 7495/1/4 7507/1/4
f 7505/1/4 7506/1/4 7510/1/4
f 7510/1/4 7506/1/4 7511/1/4
f 7508/4/4 7509/4/4 7512/4/4
f 7508/4/4 7512/4/4 7516/4/4
f 7516/4/4 7512/4/4 7517/4/4
f 7513/3/4 7514/3/4 7519/3/4
f 7516/1/4 7517/1/4 7520/1/4
f 7515/1/4 7516/1/4 7520/1/4
f 7520/1/4 7517/1/4 7521/1/4
f 7521/1/4 7517/1/4 7522/1/4
f 7522/1/4 7517/1/4 7523/1/4
f 7518/3/4 7519/3/4 7525/3/4
f 7519/3/4 7514/3/4 7526/3/4
f 7525/3/4 7519/3/4 7526/3/4
f 7521/4/4 7522/4/4 7527/4/4
f 7527/4/4 7522/4/4 7528/4/4
f 7524/3/4 7525/3/4 7529/3/4
f 7529/3/4 7525/3/4 7530/3/4
f 7524/3/4 7529/3/4 7532/3/4
f 7532/3/4 7529/3/4 7533/3/4
f 7534/7/4 7535/7/4 7538/7/4
f 7538/7/4 7535/7/4 7539/7/4
f 7536/6/4 7537/6/4 7540/6/4
f 7540/6/4 7537/6/4 7541/6/4
f 7531/3/4 7532/3/4 7544/3/4
f 7544/3/4 7532/3/4 7545/3/4
f 7542/5/4 7543/5/4 7546/5/4
f 7546/5/4 7543/5/4 7547/5/4
f 7543/3/4 7544/3/4 7548/3/4
f 7547/5/4 7543/5/4 7548/5/4
f 7548/3/4 7544/3/4 7549/3/4
f 7547/3/4 7548/3/4 7550/3/4
f 7550/3/4 7548/3/4 7551/3/4
f 7552/6/4 7553/6/4 7557/6/4
f 7553/3/4 7554/3/4 7558/3/4
f 7557/6/4 7553/6/4 7558/6/4
f 7555/7/4 7556/7/4 7560/7/4
f 7560/7/4 7556/7/4 7561/7/4
f 7561/7/4 7556/7/4 7562/7/4
f 7552/6/4 7557/6/4 7564/6/4
f 7564/6/4 7557/6/4 7565/6/4
f 7558/3/4 7554/3/4 7566/3/4
f 7566/3/4 7554/3/4 7567/3/4
f 7559/7/4 7560/7/4 7568/7/4
f 7560/7/4 7561/7/4 7568/7/4
f 7568/7/4 7561/7/4 7569/7/4
f 7563/5/4 7564/5/4 7570/5/4
f 7570/5/4 7564/5/4 7571/5/4
f 7567/3/4 7554/3/4 7572/3/4
f 7572/3/4 7554/3/4 7573/3/4
f 7574/3/4 7575/3/4 7576/3/4
f 7576/3/4 7575/3/4 7577/3/4
f 7577/3/4 7578/3/4 7579/3/4
f 7583/1/4 7584/1/4 7591/1/4
f 7591/1/4 7584/1/4 7592/1/4
f 7585/1/4 7586/1/4 7593/1/4
f 7593/1/4 7586/1/4 7594/1/4
f 7587/1/4 7588/1/4 7595/1/4
f 7595/1/4 7588/1/4 7596/1/4
f 7581/1/4 7582/1/4 7597/1/4
f 7597/1/4 7582/1/4 7598/1/4
f 7589/1/4 7590/1/4 7599/1/4
f 7599/1/4 7590/1/4 7600/1/4
f 7594/1/4 7586/1/4 7602/1/4
f 7602/1/4 7586/1/4 7603/1/4
f 7600/1/4 7601/1/4 7604/1/4
f 7604/1/4 7601/1/4 7605/1/4
f 7577/3/4 7579/3/4 7606/3/4
f 7579/3/4 7580/3/4 7606/3/4
f 7606/3/4 7580/3/4 7607/3/4
f 7577/3/4 7606/3/4 7609/3/4
f 7609/3/4 7606/3/4 7610/3/4
f 7608/3/4 7609/3/4 7611/3/4
f 7611/3/4 7609/3/4 7612/3/4
f 7613/7/4 7614/7/4 7619/7/4
f 7619/7/4 7614/7/4 7620/7/4
f 7620/7/4 7614/7/4 7621/7/4
f 7615/5/4 7616/5/4 7623/5/4
f 7623/5/4 7616/5/4 7624/5/4
f 7617/3/4 7618/3/4 7627/3/4
f 7621/7/4 7622/7/4 7628/7/4
f 7620/7/4 7621/7/4 7628/7/4
f 7628/7/4 7622/7/4 7629/7/4
f 7624/6/4 7625/6/4 7630/6/4
f 7626/3/4 7627/3/4 7631/3/4
f 7630/6/4 7631/6/4 7632/6/4
f 7624/6/4 7630/6/4 7632/6/4
f 7631/3/4 7627/3/4 7633/3/4
f 7632/6/4 7631/6/4 7633/6/4
f 7627/3/4 7618/3/4 7634/3/4
f 7633/3/4 7627/3/4 7634/3/4
f 7635/7/4 7636/7/4 7639/7/4
f 7639/7/4 7636/7/4 7640/7/4
f 7637/3/4 7638/3/4 7642/3/4
f 7642/3/4 7638/3/4 7643/3/4
f 7640/7/4 7636/7/4 7645/7/4
f 7645/7/4 7636/7/4 7646/7/4
f 7641/5/4 7642/5/4 7649/5/4
f 7649/5/4 7642/5/4 7650/5/4
f 7643/3/4 7644/3/4 7651/3/4
f 7651/3/4 7644/3/4 7652/3/4
f 7647/6/4 7648/6/4 7654/6/4
f 7648/5/4 7649/5/4 7655/5/4
f 7654/6/4 7648/6/4 7655/6/4
f 7655/5/4 7649/5/4 7656/5/4
f 7652/3/4 7653/3/4 7657/3/4
f 7657/3/4 7653/3/4 7658/3/4
f 7658/3/4 7653/3/4 7661/3/4
f 7661/3/4 7653/3/4 7662/3/4
f 7659/4/4 7660/4/4 7664/4/4
f 7664/4/4 7660/4/4 7665/4/4
f 7662/3/4 7663/3/4 7667/3/4
f 7665/7/4 7666/7/4 7671/7/4
f 7664/7/4 7665/7/4 7671/7/4
f 7671/7/4 7666/7/4 7672/7/4
f 7669/1/4 7670/1/4 7674/1/4
f 7674/1/4 7670/1/4 7675/1/4
f 7675/1/4 7670/1/4 7676/1/4
f 7676/1/4 7670/1/4 7677/1/4
f 7677/1/4 7670/1/4 7678/1/4
f 7673/1/4 7674/1/4 7679/1/4
f 7674/1/4 7675/1/4 7679/1/4
f 7679/1/4 7675/1/4 7680/1/4
f 7680/1/4 7675/1/4 7681/1/4
f 7676/1/4 7677/1/4 7682/1/4
f 7682/1/4 7677/1/4 7683/1/4
f 7673/1/4 7679/1/4 7685/1/4
f 7685/1/4 7679/1/4 7686/1/4
f 7680/1/4 7681/1/4 7687/1/4
f 7683/1/4 7684/1/4 7687/1/4
f 7682/1/4 7683/1/4 7687/1/4
f 7681/1/4 7682/1/4 7687/1/4
f 7687/1/4 7684/1/4 7688/1/4
f 7688/1/4 7684/1/4 7689/1/4
f 7689/1/4 7690/1/4 7691/1/4
f 7688/1/4 7689/1/4 7691/1/4
f 7691/1/4 7690/1/4 7692/1/4
f 7693/7/4 7694/7/4 7695/7/4
f 7695/7/4 7694/7/4 7696/7/4
f 7696/7/4 7694/7/4 7697/7/4
f 7667/3/4 7668/3/4 7698/3/4
f 7662/3/4 7667/3/4 7698/3/4
f 7698/3/4 7668/3/4 7699/3/4
f 7695/4/4 7696/4/4 7700/4/4
f 7700/4/4 7696/4/4 7701/4/4
f 7662/3/4 7698/3/4 7703/3/4
f 7703/3/4 7698/3/4 7704/3/4
f 7702/3/4 7703/3/4 7709/3/4
f 7705/6/4 7706/6/4 7712/6/4
f 7706/5/4 7707/5/4 7713/5/4
f 7712/6/4 7706/6/4 7713/6/4
f 7713/5/4 7707/5/4 7714/5/4
f 7708/3/4 7709/3/4 7717/3/4
f 7709/3/4 7703/3/4 7718/3/4
f 7717/3/4 7709/3/4 7718/3/4
f 7710/7/4 7711/7/4 7720/7/4
f 7714/5/4 7715/5/4 7721/5/4
f 7721/5/4 7715/5/4 7722/5/4
f 7716/3/4 7717/3/4 7723/3/4
f 7723/3/4 7717/3/4 7724/3/4
f 7719/7/4 7720/7/4 7725/7/4
f 7720/7/4 7711/7/4 7726/7/4
f 7725/7/4 7720/7/4 7726/7/4
f 7722/3/4 7723/3/4 7727/3/4
f 7727/3/4 7723/3/4 7728/3/4
f 7729/7/4 7730/7/4 7731/7/4
f 7731/7/4 7730/7/4 7732/7/4
f 7733/3/4 7734/3/4 7736/3/4
f 7736/3/4 7734/3/4 7737/3/4
f 7735/6/4 7736/6/4 7740/6/4
f 7737/3/4 7738/3/4 7741/3/4
f 7736/3/4 7737/3/4 7741/3/4
f 7740/6/4 7736/6/4 7741/6/4
f 7741/3/4 7738/3/4 7742/3/4
f 7739/6/4 7740/6/4 7746/6/4
f 7740/3/4 7741/3/4 7747/3/4
f 7746/6/4 7740/6/4 7747/6/4
f 7741/3/4 7742/3/4 7747/3/4
f 7742/3/4 7743/3/4 7747/3/4
f 7747/3/4 7743/3/4 7748/3/4
f 7748/3/4 7743/3/4 7749/3/4
f 7749/3/4 7743/3/4 7750/3/4
f 7744/7/4 7745/7/4 7752/7/4
f 7752/7/4 7745/7/4 7753/7/4
f 7746/5/4 7747/5/4 7755/5/4
f 7750/3/4 7751/3/4 7756/3/4
f 7749/3/4 7750/3/4 7756/3/4
f 7756/3/4 7751/3/4 7757/3/4
f 7753/7/4 7754/7/4 7758/7/4
f 7758/7/4 7754/7/4 7759/7/4
f 7746/5/4 7755/5/4 7760/5/4
f 7760/5/4 7755/5/4 7761/5/4
f 7761/5/4 7755/5/4 7762/5/4
f 7763/7/4 7764/7/4 7769/7/4
f 7769/7/4 7764/7/4 7770/7/4
f 7766/5/4 7767/5/4 7771/5/4
f 7765/5/4 7766/5/4 7771/5/4
f 7757/3/4 7751/3/4 7773/3/4
f 7768/7/4 7769/7/4 7774/7/4
f 7774/7/4 7769/7/4 7775/7/4
f 7765/5/4 7771/5/4 7776/5/4
f 7776/5/4 7771/5/4 7777/5/4
f 7772/3/4 7773/3/4 7779/3/4
f 7773/3/4 7751/3/4 7780/3/4
f 7779/3/4 7773/3/4 7780/3/4
f 7780/3/4 7751/3/4 7781/3/4
f 7776/6/4 7777/6/4 7782/6/4
f 7777/3/4 7778/3/4 7783/3/4
f 7782/6/4 7777/6/4 7783/6/4
f 7778/3/4 7779/3/4 7783/3/4
f 7779/3/4 7780/3/4 7783/3/4
f 7783/3/4 7780/3/4 7784/3/4
f 7784/3/4 7780/3/4 7785/3/4
f 7785/3/4 7780/3/4 7786/3/4
f 7783/6/4 7784/6/4 7787/6/4
f 7784/3/4 7785/3/4 7788/3/4
f 7787/6/4 7784/6/4 7788/6/4
f 7788/3/4 7785/3/4 7789/3/4
f 7789/3/4 7785/3/4 7790/3/4
f 7788/3/4 7789/3/4 7793/3/4
f 7793/3/4 7789/3/4 7794/3/4
f 7791/7/4 7792/7/4 7795/7/4
f 7795/7/4 7792/7/4 7796/7/4
f 7797/7/4 7798/7/4 7800/7/4
f 7798/7/4 7799/7/4 7800/7/4
f 7800/7/4 7799/7/4 7801/7/4
f 7802/7/4 7803/7/4 7807/7/4
f 7807/7/4 7803/7/4 7808/7/4
f 7804/5/4 7805/5/4 7809/5/4
f 7805/3/4 7806/3/4 7810/3/4
f 7809/5/4 7805/5/4 7810/5/4
f 7810/3/4 7806/3/4 7811/3/4
f 7811/3/4 7812/3/4 7816/3/4
f 7810/3/4 7811/3/4 7816/3/4
f 7816/3/4 7812/3/4 7817/3/4
f 7814/3/4 7815/3/4 7818/3/4
f 7813/5/4 7814/5/4 7818/5/4
f 7818/3/4 7815/3/4 7819/3/4
f 7817/3/4 7812/3/4 7820/3/4
f 7818/5/4 7819/5/4 7821/5/4
f 7813/5/4 7818/5/4 7821/5/4
f 7821/5/4 7819/5/4 7822/5/4
f 7820/3/4 7812/3/4 7823/3/4
f 7813/5/4 7821/5/4 7824/5/4
f 7821/3/4 7822/3/4 7825/3/4
f 7824/5/4 7821/5/4 7825/5/4
f 7825/3/4 7822/3/4 7826/3/4
f 7823/3/4 7812/3/4 7828/3/4
f 7827/3/4 7828/3/4 7832/3/4
f 7828/3/4 7812/3/4 7833/3/4
f 7832/3/4 7828/3/4 7833/3/4
f 7833/3/4 7812/3/4 7834/3/4
f 7829/7/4 7830/7/4 7835/7/4
f 7835/7/4 7830/7/4 7836/7/4
f 7831/5/4 7832/5/4 7837/5/4
f 7832/3/4 7833/3/4 7838/3/4
f 7837/5/4 7832/5/4 7838/5/4
f 7838/3/4 7833/3/4 7839/3/4
f 7840/7/4 7841/7/4 7842/7/4
f 7842/7/4 7841/7/4 7843/7/4
f 7843/7/4 7841/7/4 7844/7/4
f 7845/7/4 7846/7/4 7848/7/4
f 7848/7/4 7846/7/4 7849/7/4
f 7847/7/4 7848/7/4 7851/7/4
f 7851/7/4 7848/7/4 7852/7/4
f 7849/7/4 7850/7/4 7853/7/4
f 7853/7/4 7850/7/4 7854/7/4
f 7855/7/4 7856/7/4 7858/7/4
f 7856/7/4 7857/7/4 7858/7/4
f 7858/7/4 7857/7/4 7859/7/4
f 7860/7/4 7861/7/4 7862/7/4
f 7862/7/4 7861/7/4 7863/7/4
f 7864/3/4 7865/3/4 7866/3/4
f 7864/3/4 7866/3/4 7868/3/4
f 7866/3/4 7867/3/4 7868/3/4
f 7868/3/4 7867/3/4 7869/3/4
f 7868/5/4 7869/5/4 7870/5/4
f 7870/5/4 7869/5/4 7871/5/4
f 7870/3/4 7871/3/4 7872/3/4
f 7872/3/4 7871/3/4 7873/3/4
f 7870/3/4 7872/3/4 7876/3/4
f 7876/3/4 7872/3/4 7877/3/4
f 7874/7/4 7875/7/4 7878/7/4
f 7878/7/4 7875/7/4 7879/7/4
f 7880/7/4 7881/7/4 7882/7/4
f 7882/7/4 7881/7/4 7883/7/4
f 7883/7/4 7881/7/4 7884/7/4
f 7885/7/4 7886/7/4 7889/7/4
f 7889/7/4 7886/7/4 7890/7/4
f 7887/7/4 7888/7/4 7891/7/4
f 7891/7/4 7888/7/4 7892/7/4
f 7890/7/4 7891/7/4 7893/7/4
f 7893/7/4 7891/7/4 7894/7/4
f 7895/7/4 7896/7/4 7898/7/4
f 7898/7/4 7896/7/4 7899/7/4
f 7897/7/4 7898/7/4 7900/7/4
f 7900/7/4 7898/7/4 7901/7/4
f 7902/7/4 7903/7/4 7905/7/4
f 7905/7/4 7903/7/4 7906/7/4
f 7904/7/4 7905/7/4 7907/7/4
f 7907/7/4 7905/7/4 7908/7/4
f 7909/7/4 7910/7/4 7911/7/4
f 7911/7/4 7910/7/4 7912/7/4
f 7912/7/4 7913/7/4 7914/7/4
f 7914/7/4 7913/7/4 7915/7/4
f 7916/7/4 7917/7/4 7918/7/4
f 7918/7/4 7917/7/4 7919/7/4
f 7919/7/4 7920/7/4 7921/7/4
f 7921/7/4 7920/7/4 7922/7/4
f 7923/7/4 7924/7/4 7925/7/4
f 7925/7/4 7924/7/4 7926/7/4
f 7927/7/4 7928/7/4 7929/7/4
f 7929/7/4 7928/7/4 7930/7/4
f 7931/7/4 7932/7/4 7933/7/4
f 7933/7/4 7932/7/4 7934/7/4
f 7934/7/4 7935/7/4 7936/7/4
f 7936/7/4 7935/7/4 7937/7/4
f 7938/7/4 7939/7/4 7941/7/4
f 7941/7/4 7939/7/4 7942/7/4
f 7940/7/4 7941/7/4 7943/7/4
f 7943/7/4 7941/7/4 7944/7/4
f 7945/7/4 7946/7/4 7947/7/4
f 7947/7/4 7946/7/4 7948/7/4
f 7948/7/4 7949/7/4 7952/7/4
f 7952/7/4 7949/7/4 7953/7/4
f 7950/7/4 7951/7/4 7954/7/4
f 7954/7/4 7951/7/4 7955/7/4
f 7956/7/4 7957/7/4 7961/7/4
f 7961/7/4 7957/7/4 7962/7/4
f 7958/7/4 7959/7/4 7963/7/4
f 7963/7/4 7959/7/4 7964/7/4
f 7960/7/4 7961/7/4 7965/7/4
f 7965/7/4 7961/7/4 7966/7/4
f 7967/7/4 7968/7/4 7969/7/4
f 7969/7/4 7968/7/4 7970/7/4
f 7971/7/4 7972/7/4 7973/7/4
f 7973/7/4 7972/7/4 7974/7/4
f 7979/7/5 7976/7/5 7975/7/5
f 7980/7/5 7976/7/5 7979/7/5
f 7981/7/5 7978/7/5 7977/7/5
f 7982/7/5 7978/7/5 7981/7/5
f 7987/7/5 7984/7/5 7983/7/5
f 7988/7/5 7984/7/5 7987/7/5
f 7989/7/5 7986/7/5 7985/7/5
f 7990/7/5 7986/7/5 7989/7/5
f 7995/7/5 7992/7/5 7991/7/5
f 7996/7/5 7992/7/5 7995/7/5
f 7997/7/5 7994/7/5 7993/7/5
f 7998/7/5 7994/7/5 7997/7/5
f 8003/7/5 8000/7/5 7999/7/5
f 8004/7/5 8000/7/5 8003/7/5
f 8005/7/5 8002/7/5 8001/7/5
f 8006/7/5 8002/7/5 8005/7/5
f 8011/7/5 8008/7/5 8007/7/5
f 8012/7/5 8008/7/5 8011/7/5
f 8013/7/5 8010/7/5 8009/7/5
f 8014/7/5 8010/7/5 8013/7/5
f 8019/7/5 8016/7/5 8015/7/5
f 8020/7/5 8016/7/5 8019/7/5
f 8021/7/5 8018/7/5 8017/7/5
f 8022/7/5 8018/7/5 8021/7/5
f 8027/7/5 8024/7/5 8023/7/5
f 8028/7/5 8024/7/5 8027/7/5
f 8029/7/5 8026/7/5 8025/7/5
f 8030/7/5 8026/7/5 8029/7/5
f 8035/7/5 8032/7/5 8031/7/5
f 8036/7/5 8032/7/5 8035/7/5
f 8037/7/5 8034/7/5 8033/7/5
f 8038/7/5 8034/7/5 8037/7/5
f 8043/1/5 8040/1/5 8039/1/5
f 8044/1/5 8040/1/5 8043/1/5
f 8045/1/5 8042/1/5 8041/1/5
f 8046/1/5 8042/1/5 8045/1/5
f 8051/7/5 8048/7/5 8047/7/5
f 8052/7/5 8048/7/5 8051/7/5
f 8053/7/5 8050/7/5 8049/7/5
f 8054/7/5 8050/7/5 8053/7/5
f 8059/7/5 8056/7/5 8055/7/5
f 8060/7/5 8056/7/5 8059/7/5
f 8061/7/5 8058/7/5 8057/7/5
f 8062/7/5 8058/7/5 8061/7/5
f 8067/7/5 8064/7/5 8063/7/5
f 8068/7/5 8064/7/5 8067/7/5
f 8069/7/5 8066/7/5 8065/7/5
f 8070/7/5 8066/7/5 8069/7/5
f 8075/1/5 8072/1/5 8071/1/5
f 8076/1/5 8072/1/5 8075/1/5
f 8077/1/5 8074/1/5 8073/1/5
f 8078/1/5 8074/1/5 8077/1/5
f 8083/7/5 8080/7/5 8079/7/5
f 8084/7/5 8080/7/5 8083/7/5
f 8085/7/5 8082/7/5 8081/7/5
f 8086/7/5 8082/7/5 8085/7/5
f 8091/7/5 8088/7/5 8087/7/5
f 8092/7/5 8088/7/5 8091/7/5
f 8093/7/5 8090/7/5 8089/7/5
f 8094/7/5 8090/7/5 8093/7/5
f 8099/7/5 8096/7/5 8095/7/5
f 8100/7/5 8096/7/5 8099/7/5
f 8101/7/5 8098/7/5 8097/7/5
f 8102/7/5 8098/7/5 8101/7/5
f 8107/1/5 8104/1/5 8103/1/5
f 8108/1/5 8104/1/5 8107/1/5
f 8109/1/5 8106/1/5 8105/1/5
f 8110/1/5 8106/1/5 8109/1/5
f 8115/1/5 8112/1/5 8111/1/5
f 8116/1/5 8112/1/5 8115/1/5
f 8117/1/5 8114/1/5 8113/1/5
f 8118/1/5 8114/1/5 8117/1/5
f 8123/7/5 8120/7/5 8119/7/5
f 8124/7/5 8120/7/5 8123/7/5
f 8125/7/5 8122/7/5 8121/7/5
f 8126/7/5 8122/7/5 8125/7/5
f 8131/7/5 8128/7/5 8127/7/5
f 8132/7/5 8128/7/5 8131/7/5
f 8133/7/5 8130/7/5 8129/7/5
f 8134/7/5 8130/7/5 8133/7/5
f 8139/7/5 8136/7/5 8135/7/5
f 8140/7/5 8136/7/5 8139/7/5
f 8141/7/5 8138/7/5 8137/7/5
f 8142/7/5 8138/7/5 8141/7/5
f 8147/7/5 8144/7/5 8143/7/5
f 8148/7/5 8144/7/5 8147/7/5
f 8149/7/5 8146/7/5 8145/7/5
f 8150/7/5 8146/7/5 8149/7/5
f 8155/1/5 8152/1/5 8151/1/5
f 8156/1/5 8152/1/5 8155/1/5
f 8157/1/5 8154/1/5 8153/1/5
f 8158/1/5 8154/1/5 8157/1/5
f 8163/7/5 8160/7/5 8159/7/5
f 8164/7/5 8160/7/5 8163/7/5
f 8165/7/5 8162/7/5 8161/7/5
f 8166/7/5 8162/7/5 8165/7/5
f 8171/7/5 8168/7/5 8167/7/5
f 8172/7/5 8168/7/5 8171/7/5
f 8173/7/5 8170/7/5 8169/7/5
f 8174/7/5 8170/7/5 8173/7/5
f 8179/1/5 8176/1/5 8175/1/5
f 8180/1/5 8176/1/5 8179/1/5
f 8181/1/5 8178/1/5 8177/1/5
f 8182/1/5 8178/1/5 8181/1/5
f 8187/7/5 8184/7/5 8183/7/5
f 8188/7/5 8184/7/5 8187/7/5
f 8189/7/5 8186/7/5 8185/7/5
f 8190/7/5 8186/7/5 8189/7/5
f 8195/7/5 8192/7/5 8191/7/5
f 8196/7/5 8192/7/5 8195/7/5
f 8197/7/5 8194/7/5 8193/7/5
f 8198/7/5 8194/7/5 8197/7/5
f 8203/1/5 8200/1/5 8199/1/5
f 8204/1/5 8200/1/5 8203/1/5
f 8205/1/5 8202/1/5 8201/1/5
f 8206/1/5 8202/1/5 8205/1/5
f 8211/1/5 8208/1/5 8207/1/5
f 8212/1/5 8210/1/5 8209/1/5
f 8213/1/5 8208/1/5 8211/1/5
f 8214/1/5 8208/1/5 8213/1/5
f 8215/1/5 8212/1/5 8209/1/5
f 8216/1/5 8212/1/5 8215/1/5
f 8221/1/5 8218/1/5 8217/1/5
f 8222/1/5 8218/1/5 8221/1/5
f 8223/1/5 8220/1/5 8219/1/5
f 8224/1/5 8220/1/5 8223/1/5
f 8229/7/5 8226/7/5 8225/7/5
f 8230/7/5 8226/7/5 8229/7/5
f 8231/7/5 8228/7/5 8227/7/5
f 8232/7/5 8228/7/5 8231/7/5
f 8235/1/5 8234/1/5 8233/1/5
f 8236/1/5 8234/1/5 8235/1/5
f 8241/7/5 8238/7/5 8237/7/5
f 8242/7/5 8238/7/5 8241/7/5
f 8243/7/5 8240/7/5 8239/7/5
f 8244/7/5 8240/7/5 8243/7/5
f 8249/7/5 8246/7/5 8245/7/5
f 8250/7/5 8246/7/5 8249/7/5
f 8251/7/5 8248/7/5 8247/7/5
f 8252/7/5 8248/7/5 8251/7/5
f 8255/1/5 8254/1/5 8253/1/5
f 8256/1/5 8254/1/5 8255/1/5
f 8261/7/5 8258/7/5 8257/7/5
f 8262/7/5 8258/7/5 8261/7/5
f 8263/7/5 8260/7/5 8259/7/5
f 8264/7/5 8260/7/5 8263/7/5
f 8267/1/5 8266/1/5 8265/1/5
f 8268/1/5 8266/1/5 8267/1/5
f 8273/7/5 8270/7/5 8269/7/5
f 8274/7/5 8270/7/5 8273/7/5
f 8275/7/5 8272/7/5 8271/7/5
f 8276/7/5 8272/7/5 8275/7/5
f 8281/1/5 8278/1/5 8277/1/5
f 8282/1/5 8278/1/5 8281/1/5
f 8283/1/5 8280/1/5 8279/1/5
f 8284/1/5 8280/1/5 8283/1/5
f 8289/7/5 8286/7/5 8285/7/5
f 8290/7/5 8286/7/5 8289/7/5
f 8291/7/5 8288/7/5 8287/7/5
f 8292/7/5 8288/7/5 8291/7/5
f 8295/1/5 8294/1/5 8293/1/5
f 8296/1/5 8294/1/5 8295/1/5
f 8297/1/5 8294/1/5 8296/1/5
f 8302/7/5 8299/7/5 8298/7/5
f 8303/7/5 8299/7/5 8302/7/5
f 8304/7/5 8301/7/5 8300/7/5
f 8305/7/5 8301/7/5 8304/7/5
f 8310/1/5 8307/1/5 8306/1/5
f 8311/1/5 8307/1/5 8310/1/5
f 8312/1/5 8309/1/5 8308/1/5
f 8313/1/5 8309/1/5 8312/1/5
f 8318/7/5 8315/7/5 8314/7/5
f 8319/7/5 8315/7/5 8318/7/5
f 8320/7/5 8317/7/5 8316/7/5
f 8321/7/5 8317/7/5 8320/7/5
f 8326/7/5 8323/7/5 8322/7/5
f 8327/7/5 8323/7/5 8326/7/5
f 8328/7/5 8325/7/5 8324/7/5
f 8329/7/5 8325/7/5 8328/7/5
f 8334/1/5 8331/1/5 8330/1/5
f 8335/1/5 8331/1/5 8334/1/5
f 8336/1/5 8333/1/5 8332/1/5
f 8337/1/5 8333/1/5 8336/1/5
f 8342/1/5 8339/1/5 8338/1/5
f 8343/1/5 8339/1/5 8342/1/5
f 8344/1/5 8341/1/5 8340/1/5
f 8345/1/5 8341/1/5 8344/1/5
f 8350/7/5 8347/7/5 8346/7/5
f 8351/7/5 8347/7/5 8350/7/5
f 8352/7/5 8349/7/5 8348/7/5
f 8353/7/5 8349/7/5 8352/7/5
f 8358/7/5 8355/7/5 8354/7/5
f 8359/7/5 8355/7/5 8358/7/5
f 8360/7/5 8357/7/5 8356/7/5
f 8361/7/5 8357/7/5 8360/7/5
f 8364/1/5 8363/1/5 8362/1/5
f 8365/1/5 8363/1/5 8364/1/5
f 8366/1/5 8364/1/5 8362/1/5
f 8367/1/5 8364/1/5 8366/1/5
f 8372/1/5 8369/1/5 8368/1/5
f 8373/1/5 8369/1/5 8372/1/5
f 8374/1/5 8371/1/5 8370/1/5
f 8375/1/5 8371/1/5 8374/1/5
f 8378/1/5 8377/1/5 8376/1/5
f 8380/1/5 8378/1/5 8376/1/5
f 8380/1/5 8379/1/5 8378/1/5
f 8381/1/5 8379/1/5 8380/1/5
f 8386/7/5 8383/7/5 8382/7/5
f 8387/7/5 8383/7/5 8386/7/5
f 8388/7/5 8385/7/5 8384/7/5
f 8389/7/5 8385/7/5 8388/7/5
f 8392/1/5 8391/1/5 8390/1/5
f 8393/1/5 8391/1/5 8392/1/5
f 8398/1/5 8395/1/5 8394/1/5
f 8399/1/5 8395/1/5 8398/1/5
f 8400/1/5 8397/1/5 8396/1/5
f 8401/1/5 8397/1/5 8400/1/5
f 8406/1/5 8403/1/5 8402/1/5
f 8407/1/5 8403/1/5 8406/1/5
f 8408/1/5 8405/1/5 8404/1/5
f 8409/1/5 8405/1/5 8408/1/5
f 8412/1/5 8411/1/5 8410/1/5
f 8413/1/5 8411/1/5 8412/1/5
f 8416/1/5 8415/1/5 8414/1/5
f 8417/1/5 8415/1/5 8416/1/5
f 8422/1/5 8419/1/5 8418/1/5
f 8423/1/5 8419/1/5 8422/1/5
f 8424/1/5 8421/1/5 8420/1/5
f 8425/1/5 8421/1/5 8424/1/5
f 8428/1/5 8427/1/5 8426/1/5
f 8429/1/5 8427/1/5 8428/1/5
f 8434/7/5 8431/7/5 8430/7/5
f 8435/7/5 8431/7/5 8434/7/5
f 8436/7/5 8433/7/5 8432/7/5
f 8437/7/5 8433/7/5 8436/7/5
f 8440/1/5 8439/1/5 8438/1/5
f 8441/1/5 8439/1/5 8440/1/5
f 8444/1/5 8443/1/5 8442/1/5
f 8445/1/5 8443/1/5 8444/1/5
f 8450/7/5 8447/7/5 8446/7/5
f 8451/7/5 8447/7/5 8450/7/5
f 8452/7/5 8449/7/5 8448/7/5
f 8453/7/5 8449/7/5 8452/7/5
f 8458/7/5 8455/7/5 8454/7/5
f 8459/7/5 8455/7/5 8458/7/5
f 8460/7/5 8457/7/5 8456/7/5
f 8461/7/5 8457/7/5 8460/7/5
f 8466/1/5 8465/1/5 8464/1/5
f 8467/1/5 8465/1/5 8466/1/5
f 8469/1/5 8463/1/5 8462/1/5
f 8470/1/5 8463/1/5 8469/1/5
f 8471/1/5 8468/1/5 8467/1/5
f 8472/1/5 8468/1/5 8471/1/5
f 8473/1/5 8471/1/5 8470/1/5
f 8474/1/5 8471/1/5 8473/1/5
f 8479/1/5 8476/1/5 8475/1/5
f 8480/1/5 8476/1/5 8479/1/5
f 8481/1/5 8478/1/5 8477/1/5
f 8482/1/5 8478/1/5 8481/1/5
f 8487/1/5 8484/1/5 8483/1/5
f 8488/1/5 8484/1/5 8487/1/5
f 8489/1/5 8486/1/5 8485/1/5
f 8490/1/5 8486/1/5 8489/1/5
f 8495/1/5 8492/1/5 8491/1/5
f 8496/1/5 8492/1/5 8495/1/5
f 8497/1/5 8494/1/5 8493/1/5
f 8498/1/5 8494/1/5 8497/1/5
f 8502/1/5 8500/1/5 8499/1/5
f 8503/1/5 8500/1/5 8502/1/5
f 8506/1/5 8504/1/5 8503/1/5
f 8507/1/5 8504/1/5 8506/1/5
f 8508/1/5 8502/1/5 8501/1/5
f 8509/1/5 8502/1/5 8508/1/5
f 8510/1/5 8506/1/5 8505/1/5
f 8511/1/5 8506/1/5 8510/1/5
f 8516/7/5 8513/7/5 8512/7/5
f 8517/7/5 8513/7/5 8516/7/5
f 8518/7/5 8515/7/5 8514/7/5
f 8519/7/5 8515/7/5 8518/7/5
f 8522/1/5 8521/1/5 8520/1/5
f 8523/1/5 8521/1/5 8522/1/5
f 8528/1/5 8525/1/5 8524/1/5
f 8529/1/5 8525/1/5 8528/1/5
f 8530/1/5 8527/1/5 8526/1/5
f 8531/1/5 8527/1/5 8530/1/5
f 8536/1/5 8533/1/5 8532/1/5
f 8537/1/5 8533/1/5 8536/1/5
f 8538/1/5 8535/1/5 8534/1/5
f 8539/1/5 8535/1/5 8538/1/5
f 8542/1/5 8541/1/5 8540/1/5
f 8543/1/5 8541/1/5 8542/1/5
f 8548/7/5 8545/7/5 8544/7/5
f 8549/7/5 8545/7/5 8548/7/5
f 8550/7/5 8547/7/5 8546/7/5
f 8551/7/5 8547/7/5 8550/7/5
f 8556/1/5 8553/1/5 8552/1/5
f 8557/1/5 8553/1/5 8556/1/5
f 8558/1/5 8555/1/5 8554/1/5
f 8559/1/5 8555/1/5 8558/1/5
f 8564/1/5 8561/1/5 8560/1/5
f 8565/1/5 8561/1/5 8564/1/5
f 8566/1/5 8563/1/5 8562/1/5
f 8567/1/5 8563/1/5 8566/1/5
f 8572/7/5 8569/7/5 8568/7/5
f 8573/7/5 8569/7/5 8572/7/5
f 8574/7/5 8571/7/5 8570/7/5
f 8575/7/5 8571/7/5 8574/7/5
f 8580/7/5 8577/7/5 8576/7/5
f 8581/7/5 8577/7/5 8580/7/5
f 8582/7/5 8579/7/5 8578/7/5
f 8583/7/5 8579/7/5 8582/7/5
f 8586/1/5 8585/1/5 8584/1/5
f 8587/1/5 8585/1/5 8586/1/5
f 8590/1/5 8589/1/5 8588/1/5
f 8591/1/5 8589/1/5 8590/1/5
f 8600/7/5 8593/7/5 8592/7/5
f 8601/7/5 8593/7/5 8600/7/5
f 8602/1/5 8595/1/5 8594/1/5
f 8603/1/5 8595/1/5 8602/1/5
f 8604/1/5 8597/1/5 8596/1/5
f 8605/1/5 8597/1/5 8604/1/5
f 8606/7/5 8599/7/5 8598/7/5
f 8607/7/5 8599/7/5 8606/7/5
f 8616/7/5 8609/7/5 8608/7/5
f 8617/7/5 8609/7/5 8616/7/5
f 8618/1/5 8611/1/5 8610/1/5
f 8619/1/5 8611/1/5 8618/1/5
f 8620/1/5 8613/1/5 8612/1/5
f 8621/1/5 8613/1/5 8620/1/5
f 8622/7/5 8615/7/5 8614/7/5
f 8623/7/5 8615/7/5 8622/7/5
f 8626/1/5 8625/1/5 8624/1/5
f 8627/1/5 8625/1/5 8626/1/5
f 8630/1/5 8629/1/5 8628/1/5
f 8631/1/5 8629/1/5 8630/1/5
f 8636/7/5 8633/7/5 8632/7/5
f 8637/7/5 8633/7/5 8636/7/5
f 8638/7/5 8635/7/5 8634/7/5
f 8639/7/5 8635/7/5 8638/7/5
f 8644/1/5 8641/1/5 8640/1/5
f 8645/1/5 8641/1/5 8644/1/5
f 8648/1/5 8643/1/5 8642/1/5
f 8649/1/5 8643/1/5 8648/1/5
f 8650/1/5 8647/1/5 8646/1/5
f 8651/1/5 8647/1/5 8650/1/5
f 8656/1/5 8653/1/5 8652/1/5
f 8657/1/5 8653/1/5 8656/1/5
f 8660/1/5 8655/1/5 8654/1/5
f 8661/1/5 8655/1/5 8660/1/5
f 8662/1/5 8659/1/5 8658/1/5
f 8663/1/5 8659/1/5 8662/1/5
f 8670/1/5 8665/1/5 8664/1/5
f 8670/1/5 8666/1/5 8665/1/5
f 8671/1/5 8666/1/5 8670/1/5
f 8672/1/5 8669/1/5 8668/1/5
f 8672/1/5 8668/1/5 8667/1/5
f 8673/1/5 8669/1/5 8672/1/5
f 8674/1/5 8666/1/5 8671/1/5
f 8675/1/5 8666/1/5 8674/1/5
f 8676/1/5 8672/1/5 8667/1/5
f 8677/1/5 8672/1/5 8676/1/5
f 8683/1/5 8679/1/5 8678/1/5
f 8684/1/5 8681/1/5 8680/1/5
f 8686/1/5 8683/1/5 8682/1/5
f 8687/1/5 8679/1/5 8683/1/5
f 8687/1/5 8683/1/5 8686/1/5
f 8688/1/5 8679/1/5 8687/1/5
f 8689/1/5 8684/1/5 8680/1/5
f 8689/1/5 8685/1/5 8684/1/5
f 8690/1/5 8685/1/5 8689/1/5
f 8691/1/5 8685/1/5 8690/1/5
f 8698/1/5 8693/1/5 8692/1/5
f 8699/1/5 8693/1/5 8698/1/5
f 8700/1/5 8695/1/5 8694/1/5
f 8701/1/5 8695/1/5 8700/1/5
f 8704/1/5 8697/1/5 8696/1/5
f 8705/1/5 8697/1/5 8704/1/5
f 8706/1/5 8703/1/5 8702/1/5
f 8707/1/5 8703/1/5 8706/1/5
f 8712/1/5 8709/1/5 8708/1/5
f 8713/1/5 8709/1/5 8712/1/5
f 8718/1/5 8711/1/5 8710/1/5
f 8719/1/5 8711/1/5 8718/1/5
f 8720/1/5 8715/1/5 8714/1/5
f 8721/1/5 8715/1/5 8720/1/5
f 8722/1/5 8717/1/5 8716/1/5
f 8723/1/5 8717/1/5 8722/1/5
f 8728/7/5 8725/7/5 8724/7/5
f 8729/7/5 8725/7/5 8728/7/5
f 8730/7/5 8727/7/5 8726/7/5
f 8731/7/5 8727/7/5 8730/7/5
f 8736/1/5 8733/1/5 8732/1/5
f 8737/1/5 8733/1/5 8736/1/5
f 8738/1/5 8735/1/5 8734/1/5
f 8739/1/5 8735/1/5 8738/1/5
f 8744/7/5 8741/7/5 8740/7/5
f 8745/7/5 8741/7/5 8744/7/5
f 8746/7/5 8743/7/5 8742/7/5
f 8747/7/5 8743/7/5 8746/7/5
f 8752/7/5 8749/7/5 8748/7/5
f 8753/7/5 8749/7/5 8752/7/5
f 8754/7/5 8751/7/5 8750/7/5
f 8755/7/5 8751/7/5 8754/7/5
f 8760/7/5 8757/7/5 8756/7/5
f 8761/7/5 8757/7/5 8760/7/5
f 8762/7/5 8759/7/5 8758/7/5
f 8763/7/5 8759/7/5 8762/7/5
f 8769/1/5 8765/1/5 8764/1/5
f 8770/1/5 8765/1/5 8769/1/5
f 8771/1/5 8767/1/5 8766/1/5
f 8772/1/5 8767/1/5 8771/1/5
f 8775/1/5 8769/1/5 8768/1/5
f 8776/1/5 8769/1/5 8775/1/5
f 8781/1/5 8773/1/5 8772/1/5
f 8782/1/5 8773/1/5 8781/1/5
f 8784/1/5 8775/1/5 8774/1/5
f 8785/1/5 8775/1/5 8784/1/5
f 8787/1/5 8778/1/5 8777/1/5
f 8788/1/5 8778/1/5 8787/1/5
f 8789/1/5 8780/1/5 8779/1/5
f 8790/1/5 8780/1/5 8789/1/5
f 8792/1/5 8783/1/5 8782/1/5
f 8793/1/5 8783/1/5 8792/1/5
f 8794/1/5 8786/1/5 8785/1/5
f 8795/1/5 8786/1/5 8794/1/5
f 8798/1/5 8792/1/5 8791/1/5
f 8799/1/5 8792/1/5 8798/1/5
f 8800/1/5 8796/1/5 8795/1/5
f 8801/1/5 8796/1/5 8800/1/5
f 8802/1/5 8798/1/5 8797/1/5
f 8803/1/5 8798/1/5 8802/1/5
f 8808/7/5 8805/7/5 8804/7/5
f 8809/7/5 8805/7/5 8808/7/5
f 8810/7/5 8807/7/5 8806/7/5
f 8811/7/5 8807/7/5 8810/7/5
f 8816/7/5 8813/7/5 8812/7/5
f 8817/7/5 8813/7/5 8816/7/5
f 8818/7/5 8815/7/5 8814/7/5
f 8819/7/5 8815/7/5 8818/7/5
f 8824/1/5 8821/1/5 8820/1/5
f 8825/1/5 8821/1/5 8824/1/5
f 8826/1/5 8823/1/5 8822/1/5
f 8827/1/5 8823/1/5 8826/1/5
f 8832/1/5 8829/1/5 8828/1/5
f 8833/1/5 8829/1/5 8832/1/5
f 8834/1/5 8831/1/5 8830/1/5
f 8835/1/5 8831/1/5 8834/1/5
f 8840/1/5 8837/1/5 8836/1/5
f 8841/1/5 8837/1/5 8840/1/5
f 8844/7/5 8839/7/5 8838/7/5
f 8845/7/5 8839/7/5 8844/7/5
f 8850/7/5 8843/7/5 8842/7/5
f 8851/7/5 8843/7/5 8850/7/5
f 8852/1/5 8847/1/5 8846/1/5
f 8853/1/5 8847/1/5 8852/1/5
f 8854/1/5 8849/1/5 8848/1/5
f 8855/1/5 8849/1/5 8854/1/5
f 8862/1/5 8857/1/5 8856/1/5
f 8863/1/5 8857/1/5 8862/1/5
f 8864/1/5 8859/1/5 8858/1/5
f 8865/1/5 8859/1/5 8864/1/5
f 8868/7/5 8861/7/5 8860/7/5
f 8869/7/5 8861/7/5 8868/7/5
f 8872/7/5 8867/7/5 8866/7/5
f 8873/7/5 8867/7/5 8872/7/5
f 8874/1/5 8871/1/5 8870/1/5
f 8875/1/5 8871/1/5 8874/1/5
f 8880/7/5 8877/7/5 8876/7/5
f 8881/7/5 8877/7/5 8880/7/5
f 8882/7/5 8879/7/5 8878/7/5
f 8883/7/5 8879/7/5 8882/7/5
f 8888/7/5 8885/7/5 8884/7/5
f 8889/7/5 8885/7/5 8888/7/5
f 8890/7/5 8887/7/5 8886/7/5
f 8891/7/5 8887/7/5 8890/7/5
f 8896/1/5 8893/1/5 8892/1/5
f 8897/1/5 8893/1/5 8896/1/5
f 8898/1/5 8895/1/5 8894/1/5
f 8899/1/5 8895/1/5 8898/1/5
f 8904/7/5 8901/7/5 8900/7/5
f 8905/7/5 8901/7/5 8904/7/5
f 8906/7/5 8903/7/5 8902/7/5
f 8907/7/5 8903/7/5 8906/7/5
f 8912/7/5 8909/7/5 8908/7/5
f 8913/7/5 8909/7/5 8912/7/5
f 8914/7/5 8911/7/5 8910/7/5
f 8915/7/5 8911/7/5 8914/7/5
f 8920/7/5 8917/7/5 8916/7/5
f 8921/7/5 8917/7/5 8920/7/5
f 8922/7/5 8919/7/5 8918/7/5
f 8923/7/5 8919/7/5 8922/7/5
f 8928/7/5 8925/7/5 8924/7/5
f 8929/7/5 8925/7/5 8928/7/5
f 8930/7/5 8927/7/5 8926/7/5
f 8931/7/5 8927/7/5 8930/7/5
f 8936/7/5 8933/7/5 8932/7/5
f 8937/7/5 8933/7/5 8936/7/5
f 8938/7/5 8935/7/5 8934/7/5
f 8939/7/5 8935/7/5 8938/7/5
f 8944/7/5 8941/7/5 8940/7/5
f 8945/7/5 8941/7/5 8944/7/5
f 8946/7/5 8943/7/5 8942/7/5
f 8947/7/5 8943/7/5 8946/7/5
f 8952/7/5 8949/7/5 8948/7/5
f 8953/7/5 8949/7/5 8952/7/5
f 8954/7/5 8951/7/5 8950/7/5
f 8955/7/5 8951/7/5 8954/7/5
f 8960/7/5 8957/7/5 8956/7/5
f 8961/7/5 8957/7/5 8960/7/5
f 8962/7/5 8959/7/5 8958/7/5
f 8963/7/5 8959/7/5 8962/7/5
f 8968/7/5 8965/7/5 8964/7/5
f 8969/7/5 8965/7/5 8968/7/5
f 8970/7/5 8967/7/5 8966/7/5
f 8971/7/5 8967/7/5 8970/7/5
f 8976/1/5 8973/1/5 8972/1/5
f 8977/1/5 8973/1/5 8976/1/5
f 8978/1/5 8973/1/5 8977/1/5
f 8981/1/5 8975/1/5 8974/1/5
f 8982/1/5 8975/1/5 8981/1/5
f 8983/1/5 8975/1/5 8982/1/5
f 8986/2/5 8979/2/5 8978/2/5
f 8987/2/5 8979/2/5 8986/2/5
f 8988/2/5 8981/2/5 8980/2/5
f 8989/2/5 8981/2/5 8988/2/5
f 8992/1/5 8985/1/5 8984/1/5
f 8992/1/5 8986/1/5 8985/1/5
f 8993/1/5 8986/1/5 8992/1/5
f 8994/1/5 8991/1/5 8990/1/5
f 8994/1/5 8990/1/5 8989/1/5
f 8995/1/5 8991/1/5 8994/1/5
f 9000/7/5 8997/7/5 8996/7/5
f 9001/7/5 8997/7/5 9000/7/5
f 9002/7/5 8999/7/5 8998/7/5
f 9003/7/5 8999/7/5 9002/7/5
f 9008/7/5 9005/7/5 9004/7/5
f 9009/7/5 9007/7/5 9006/7/5
f 9010/7/5 9005/7/5 9008/7/5
f 9011/7/5 9005/7/5 9010/7/5
f 9012/7/5 9009/7/5 9006/7/5
f 9013/7/5 9009/7/5 9012/7/5
f 9018/4/5 9015/4/5 9014/4/5
f 9019/4/5 9015/4/5 9018/4/5
f 9020/4/5 9017/4/5 9016/4/5
f 9021/4/5 9017/4/5 9020/4/5
f 9026/7/5 9023/7/5 9022/7/5
f 9027/7/5 9025/7/5 9024/7/5
f 9028/7/5 9023/7/5 9026/7/5
f 9029/7/5 9023/7/5 9028/7/5
f 9030/7/5 9027/7/5 9024/7/5
f 9031/7/5 9027/7/5 9030/7/5
f 9036/7/5 9033/7/5 9032/7/5
f 9037/7/5 9033/7/5 9036/7/5
f 9038/7/5 9035/7/5 9034/7/5
f 9039/7/5 9035/7/5 9038/7/5
f 9044/1/5 9041/1/5 9040/1/5
f 9045/1/5 9041/1/5 9044/1/5
f 9048/1/5 9043/1/5 9042/1/5
f 9049/1/5 9043/1/5 9048/1/5
f 9050/1/5 9047/1/5 9046/1/5
f 9051/1/5 9047/1/5 9050/1/5
f 9058/2/5 9053/2/5 9052/2/5
f 9059/4/5 9054/4/5 9053/4/5
f 9059/2/5 9053/2/5 9058/2/5
f 9060/4/5 9054/4/5 9059/4/5
f 9061/4/5 9056/4/5 9055/4/5
f 9062/2/5 9057/2/5 9056/2/5
f 9062/4/5 9056/4/5 9061/4/5
f 9063/2/5 9057/2/5 9062/2/5
f 9070/2/5 9065/2/5 9064/2/5
f 9071/4/5 9066/4/5 9065/4/5
f 9071/2/5 9065/2/5 9070/2/5
f 9072/4/5 9066/4/5 9071/4/5
f 9073/4/5 9068/4/5 9067/4/5
f 9074/2/5 9069/2/5 9068/2/5
f 9074/4/5 9068/4/5 9073/4/5
f 9075/2/5 9069/2/5 9074/2/5
f 9080/1/5 9077/1/5 9076/1/5
f 9081/1/5 9077/1/5 9080/1/5
f 9084/1/5 9079/1/5 9078/1/5
f 9085/1/5 9079/1/5 9084/1/5
f 9086/1/5 9083/1/5 9082/1/5
f 9087/1/5 9083/1/5 9086/1/5
f 9092/7/5 9089/7/5 9088/7/5
f 9093/7/5 9089/7/5 9092/7/5
f 9094/7/5 9091/7/5 9090/7/5
f 9095/7/5 9091/7/5 9094/7/5
f 9100/7/5 9097/7/5 9096/7/5
f 9101/7/5 9097/7/5 9100/7/5
f 9102/7/5 9099/7/5 9098/7/5
f 9103/7/5 9099/7/5 9102/7/5
f 9108/2/5 9105/2/5 9104/2/5
f 9109/2/5 9105/2/5 9108/2/5
f 9110/2/5 9107/2/5 9106/2/5
f 9111/2/5 9107/2/5 9110/2/5
f 9116/1/5 9113/1/5 9112/1/5
f 9117/1/5 9113/1/5 9116/1/5
f 9118/1/5 9115/1/5 9114/1/5
f 9119/1/5 9115/1/5 9118/1/5
f 9124/2/5 9121/2/5 9120/2/5
f 9125/2/5 9121/2/5 9124/2/5
f 9126/2/5 9123/2/5 9122/2/5
f 9127/2/5 9123/2/5 9126/2/5
f 9132/7/5 9129/7/5 9128/7/5
f 9133/7/5 9129/7/5 9132/7/5
f 9134/7/5 9131/7/5 9130/7/5
f 9135/7/5 9131/7/5 9134/7/5
f 9140/7/5 9137/7/5 9136/7/5
f 9141/7/5 9137/7/5 9140/7/5
f 9142/7/5 9139/7/5 9138/7/5
f 9143/7/5 9139/7/5 9142/7/5
f 9146/1/5 9145/1/5 9144/1/5
f 9147/1/5 9145/1/5 9146/1/5
f 9150/1/5 9149/1/5 9148/1/5
f 9151/1/5 9149/1/5 9150/1/5
f 9156/1/5 9153/1/5 9152/1/5
f 9157/1/5 9153/1/5 9156/1/5
f 9158/1/5 9155/1/5 9154/1/5
f 9159/1/5 9155/1/5 9158/1/5
f 9164/1/5 9161/1/5 9160/1/5
f 9165/1/5 9161/1/5 9164/1/5
f 9166/1/5 9163/1/5 9162/1/5
f 9167/1/5 9163/1/5 9166/1/5
f 9170/1/5 9169/1/5 9168/1/5
f 9171/1/5 9169/1/5 9170/1/5
f 9174/1/5 9173/1/5 9172/1/5
f 9175/1/5 9173/1/5 9174/1/5
f 9180/7/5 9177/7/5 9176/7/5
f 9181/7/5 9177/7/5 9180/7/5
f 9182/7/5 9179/7/5 9178/7/5
f 9183/7/5 9179/7/5 9182/7/5
f 9189/2/5 9185/2/5 9184/2/5
f 9190/2/5 9185/2/5 9189/2/5
f 9194/1/5 9187/1/5 9186/1/5
f 9195/2/5 9188/2/5 9187/2/5
f 9195/1/5 9187/1/5 9194/1/5
f 9196/2/5 9188/2/5 9195/2/5
f 9197/2/5 9192/2/5 9191/2/5
f 9198/1/5 9193/1/5 9192/1/5
f 9198/2/5 9192/2/5 9197/2/5
f 9199/1/5 9193/1/5 9198/1/5
f 9206/1/5 9201/1/5 9200/1/5
f 9207/2/5 9202/2/5 9201/2/5
f 9207/1/5 9201/1/5 9206/1/5
f 9208/2/5 9202/2/5 9207/2/5
f 9211/2/5 9204/2/5 9203/2/5
f 9212/1/5 9205/1/5 9204/1/5
f 9212/2/5 9204/2/5 9211/2/5
f 9213/1/5 9205/1/5 9212/1/5
f 9214/2/5 9210/2/5 9209/2/5
f 9215/2/5 9210/2/5 9214/2/5
f 9220/7/5 9217/7/5 9216/7/5
f 9221/7/5 9217/7/5 9220/7/5
f 9222/7/5 9219/7/5 9218/7/5
f 9223/7/5 9219/7/5 9222/7/5
f 9228/7/5 9225/7/5 9224/7/5
f 9229/7/5 9225/7/5 9228/7/5
f 9230/7/5 9227/7/5 9226/7/5
f 9231/7/5 9227/7/5 9230/7/5
f 9236/7/5 9233/7/5 9232/7/5
f 9237/7/5 9233/7/5 9236/7/5
f 9238/7/5 9235/7/5 9234/7/5
f 9239/7/5 9235/7/5 9238/7/5
f 9244/1/5 9241/1/5 9240/1/5
f 9245/1/5 9241/1/5 9244/1/5
f 9246/1/5 9243/1/5 9242/1/5
f 9247/1/5 9243/1/5 9246/1/5
f 9252/1/5 9249/1/5 9248/1/5
f 9253/1/5 9249/1/5 9252/1/5
f 9254/1/5 9251/1/5 9250/1/5
f 9255/1/5 9251/1/5 9254/1/5
f 9260/7/5 9257/7/5 9256/7/5
f 9261/7/5 9257/7/5 9260/7/5
f 9262/7/5 9259/7/5 9258/7/5
f 9263/7/5 9259/7/5 9262/7/5
f 9268/4/5 9265/4/5 9264/4/5
f 9269/4/5 9265/4/5 9268/4/5
f 9270/4/5 9267/4/5 9266/4/5
f 9271/4/5 9267/4/5 9270/4/5
f 9274/4/5 9273/4/5 9272/4/5
f 9275/4/5 9273/4/5 9274/4/5
f 9278/4/5 9277/4/5 9276/4/5
f 9279/4/5 9277/4/5 9278/4/5
f 9284/4/5 9281/4/5 9280/4/5
f 9285/4/5 9281/4/5 9284/4/5
f 9286/4/5 9283/4/5 9282/4/5
f 9287/4/5 9283/4/5 9286/4/5
f 9294/4/5 9289/4/5 9288/4/5
f 9295/4/5 9289/4/5 9294/4/5
f 9296/4/5 9291/4/5 9290/4/5
f 9297/4/5 9291/4/5 9296/4/5
f 9300/7/5 9293/7/5 9292/7/5
f 9301/7/5 9293/7/5 9300/7/5
f 9306/7/5 9299/7/5 9298/7/5
f 9307/7/5 9299/7/5 9306/7/5
f 9310/4/5 9303/4/5 9302/4/5
f 9311/4/5 9303/4/5 9310/4/5
f 9312/4/5 9305/4/5 9304/4/5
f 9313/4/5 9305/4/5 9312/4/5
f 9316/7/5 9309/7/5 9308/7/5
f 9317/7/5 9309/7/5 9316/7/5
f 9322/7/5 9315/7/5 9314/7/5
f 9323/7/5 9315/7/5 9322/7/5
f 9324/4/5 9319/4/5 9318/4/5
f 9325/4/5 9319/4/5 9324/4/5
f 9326/4/5 9321/4/5 9320/4/5
f 9327/4/5 9321/4/5 9326/4/5
f 9334/4/5 9329/4/5 9328/4/5
f 9335/7/5 9330/7/5 9329/7/5
f 9335/4/5 9329/4/5 9334/4/5
f 9336/7/5 9330/7/5 9335/7/5
f 9337/7/5 9332/7/5 9331/7/5
f 9338/4/5 9333/4/5 9332/4/5
f 9338/7/5 9332/7/5 9337/7/5
f 9339/4/5 9333/4/5 9338/4/5
f 9340/1/5 9336/1/5 9335/1/5
f 9341/1/5 9336/1/5 9340/1/5
f 9342/1/5 9338/1/5 9337/1/5
f 9343/1/5 9338/1/5 9342/1/5
f 9348/1/5 9345/1/5 9344/1/5
f 9349/1/5 9345/1/5 9348/1/5
f 9350/1/5 9347/1/5 9346/1/5
f 9351/1/5 9347/1/5 9350/1/5
f 9358/4/5 9354/4/5 9353/4/5
f 9358/4/5 9353/4/5 9352/4/5
f 9359/4/5 9354/4/5 9358/4/5
f 9362/4/5 9356/4/5 9355/4/5
f 9362/4/5 9357/4/5 9356/4/5
f 9363/4/5 9357/4/5 9362/4/5
f 9367/4/5 9358/4/5 9352/4/5
f 9368/4/5 9358/4/5 9367/4/5
f 9369/4/5 9360/4/5 9359/4/5
f 9370/4/5 9360/4/5 9369/4/5
f 9371/4/5 9362/4/5 9361/4/5
f 9372/4/5 9362/4/5 9371/4/5
f 9373/4/5 9357/4/5 9363/4/5
f 9374/4/5 9357/4/5 9373/4/5
f 9378/7/5 9365/7/5 9364/7/5
f 9379/7/5 9365/7/5 9378/7/5
f 9380/1/5 9368/1/5 9367/1/5
f 9380/1/5 9367/1/5 9366/1/5
f 9381/1/5 9368/1/5 9380/1/5
f 9382/4/5 9370/4/5 9369/4/5
f 9383/4/5 9370/4/5 9382/4/5
f 9384/4/5 9372/4/5 9371/4/5
f 9385/4/5 9372/4/5 9384/4/5
f 9386/1/5 9374/1/5 9373/1/5
f 9386/1/5 9375/1/5 9374/1/5
f 9387/1/5 9375/1/5 9386/1/5
f 9388/7/5 9377/7/5 9376/7/5
f 9389/7/5 9377/7/5 9388/7/5
f 9395/4/5 9384/4/5 9383/4/5
f 9396/4/5 9384/4/5 9395/4/5
f 9402/7/5 9391/7/5 9390/7/5
f 9403/7/5 9391/7/5 9402/7/5
f 9404/1/5 9393/1/5 9392/1/5
f 9405/1/5 9393/1/5 9404/1/5
f 9406/1/5 9393/1/5 9405/1/5
f 9407/4/5 9395/4/5 9394/4/5
f 9408/4/5 9395/4/5 9407/4/5
f 9409/4/5 9397/4/5 9396/4/5
f 9410/4/5 9397/4/5 9409/4/5
f 9411/1/5 9399/1/5 9398/1/5
f 9412/1/5 9399/1/5 9411/1/5
f 9413/1/5 9399/1/5 9412/1/5
f 9414/7/5 9401/7/5 9400/7/5
f 9415/7/5 9401/7/5 9414/7/5
f 9416/4/5 9406/4/5 9405/4/5
f 9417/4/5 9408/4/5 9407/4/5
f 9418/4/5 9408/4/5 9417/4/5
f 9419/4/5 9410/4/5 9409/4/5
f 9420/4/5 9410/4/5 9419/4/5
f 9421/4/5 9412/4/5 9411/4/5
f 9422/4/5 9416/4/5 9405/4/5
f 9422/4/5 9417/4/5 9416/4/5
f 9423/4/5 9417/4/5 9422/4/5
f 9424/4/5 9417/4/5 9423/4/5
f 9425/4/5 9421/4/5 9420/4/5
f 9426/4/5 9412/4/5 9421/4/5
f 9426/4/5 9421/4/5 9425/4/5
f 9427/4/5 9412/4/5 9426/4/5
f 9432/1/5 9429/1/5 9428/1/5
f 9433/1/5 9429/1/5 9432/1/5
f 9434/1/5 9431/1/5 9430/1/5
f 9435/1/5 9431/1/5 9434/1/5
f 9441/1/5 9437/1/5 9436/1/5
f 9442/1/5 9437/1/5 9441/1/5
f 9443/1/5 9439/1/5 9438/1/5
f 9444/1/5 9439/1/5 9443/1/5
f 9446/4/5 9441/4/5 9440/4/5
f 9447/7/5 9442/7/5 9441/7/5
f 9447/4/5 9441/4/5 9446/4/5
f 9448/7/5 9442/7/5 9447/7/5
f 9449/7/5 9444/7/5 9443/7/5
f 9450/4/5 9445/4/5 9444/4/5
f 9450/7/5 9444/7/5 9449/7/5
f 9451/4/5 9445/4/5 9450/4/5
f 9460/7/5 9457/7/5 9456/7/5
f 9461/7/5 9457/7/5 9460/7/5
f 9462/1/5 9453/1/5 9452/1/5
f 9463/1/5 9455/1/5 9454/1/5
f 9464/7/5 9459/7/5 9458/7/5
f 9465/7/5 9459/7/5 9464/7/5
f 9467/1/5 9462/1/5 9452/1/5
f 9468/1/5 9462/1/5 9467/1/5
f 9469/1/5 9455/1/5 9463/1/5
f 9470/1/5 9455/1/5 9469/1/5
f 9472/4/5 9467/4/5 9466/4/5
f 9473/4/5 9467/4/5 9472/4/5
f 9474/4/5 9467/4/5 9473/4/5
f 9475/4/5 9471/4/5 9470/4/5
f 9476/4/5 9471/4/5 9475/4/5
f 9477/4/5 9471/4/5 9476/4/5
f 9479/4/5 9467/4/5 9474/4/5
f 9480/4/5 9467/4/5 9479/4/5
f 9485/4/5 9475/4/5 9470/4/5
f 9486/4/5 9475/4/5 9485/4/5
f 9490/4/5 9479/4/5 9478/4/5
f 9491/4/5 9479/4/5 9490/4/5
f 9492/2/5 9482/2/5 9481/2/5
f 9493/2/5 9482/2/5 9492/2/5
f 9494/2/5 9484/2/5 9483/2/5
f 9495/2/5 9484/2/5 9494/2/5
f 9496/4/5 9487/4/5 9486/4/5
f 9497/4/5 9487/4/5 9496/4/5
f 9504/4/5 9501/4/5 9500/4/5
f 9505/4/5 9501/4/5 9504/4/5
f 9506/4/5 9503/4/5 9502/4/5
f 9507/4/5 9503/4/5 9506/4/5
f 9508/1/5 9489/1/5 9488/1/5
f 9509/1/5 9489/1/5 9508/1/5
f 9518/1/5 9499/1/5 9498/1/5
f 9519/1/5 9499/1/5 9518/1/5
f 9520/4/5 9511/4/5 9510/4/5
f 9521/4/5 9511/4/5 9520/4/5
f 9523/2/5 9513/2/5 9512/2/5
f 9524/2/5 9513/2/5 9523/2/5
f 9525/2/5 9515/2/5 9514/2/5
f 9526/2/5 9515/2/5 9525/2/5
f 9528/4/5 9517/4/5 9516/4/5
f 9529/4/5 9517/4/5 9528/4/5
f 9532/4/5 9522/4/5 9521/4/5
f 9533/4/5 9528/4/5 9527/4/5
f 9536/4/5 9531/4/5 9530/4/5
f 9536/4/5 9532/4/5 9531/4/5
f 9537/4/5 9522/4/5 9532/4/5
f 9537/4/5 9532/4/5 9536/4/5
f 9540/4/5 9534/4/5 9533/4/5
f 9540/4/5 9535/4/5 9534/4/5
f 9540/4/5 9533/4/5 9527/4/5
f 9541/4/5 9535/4/5 9540/4/5
f 9544/1/5 9538/1/5 9537/1/5
f 9545/1/5 9540/1/5 9539/1/5
f 9548/7/5 9543/7/5 9542/7/5
f 9549/7/5 9543/7/5 9548/7/5
f 9550/7/5 9547/7/5 9546/7/5
f 9551/7/5 9547/7/5 9550/7/5
f 9552/1/5 9544/1/5 9537/1/5
f 9553/1/5 9544/1/5 9552/1/5
f 9554/1/5 9540/1/5 9545/1/5
f 9555/1/5 9540/1/5 9554/1/5
f 9562/4/5 9557/4/5 9556/4/5
f 9563/4/5 9557/4/5 9562/4/5
f 9564/4/5 9559/4/5 9558/4/5
f 9565/4/5 9559/4/5 9564/4/5
f 9569/4/5 9561/4/5 9560/4/5
f 9570/4/5 9561/4/5 9569/4/5
f 9571/2/5 9563/2/5 9562/2/5
f 9572/2/5 9563/2/5 9571/2/5
f 9573/2/5 9565/2/5 9564/2/5
f 9574/2/5 9565/2/5 9573/2/5
f 9575/4/5 9567/4/5 9566/4/5
f 9576/4/5 9567/4/5 9575/4/5
f 9578/4/5 9569/4/5 9568/4/5
f 9579/4/5 9569/4/5 9578/4/5
f 9580/4/5 9569/4/5 9579/4/5
f 9583/4/5 9577/4/5 9576/4/5
f 9584/4/5 9577/4/5 9583/4/5
f 9585/4/5 9577/4/5 9584/4/5
f 9586/4/5 9581/4/5 9580/4/5
f 9586/4/5 9580/4/5 9579/4/5
f 9587/4/5 9581/4/5 9586/4/5
f 9592/4/5 9584/4/5 9583/4/5
f 9592/4/5 9583/4/5 9582/4/5
f 9593/4/5 9584/4/5 9592/4/5
f 9594/1/5 9589/1/5 9588/1/5
f 9595/1/5 9589/1/5 9594/1/5
f 9598/1/5 9591/1/5 9590/1/5
f 9599/1/5 9591/1/5 9598/1/5
f 9601/1/5 9596/1/5 9595/1/5
f 9602/1/5 9596/1/5 9601/1/5
f 9603/1/5 9598/1/5 9597/1/5
f 9604/1/5 9598/1/5 9603/1/5
f 9608/1/5 9601/1/5 9600/1/5
f 9609/1/5 9601/1/5 9608/1/5
f 9610/1/5 9605/1/5 9604/1/5
f 9611/1/5 9605/1/5 9610/1/5
f 9615/4/5 9607/4/5 9606/4/5
f 9616/4/5 9607/4/5 9615/4/5
f 9617/4/5 9607/4/5 9616/4/5
f 9618/4/5 9613/4/5 9612/4/5
f 9619/4/5 9613/4/5 9618/4/5
f 9620/4/5 9613/4/5 9619/4/5
f 9622/4/5 9615/4/5 9614/4/5
f 9622/4/5 9616/4/5 9615/4/5
f 9623/4/5 9616/4/5 9622/4/5
f 9630/4/5 9621/4/5 9620/4/5
f 9630/4/5 9620/4/5 9619/4/5
f 9631/4/5 9621/4/5 9630/4/5
f 9632/4/5 9624/4/5 9623/4/5
f 9633/4/5 9624/4/5 9632/4/5
f 9634/2/5 9626/2/5 9625/2/5
f 9635/2/5 9626/2/5 9634/2/5
f 9636/2/5 9628/2/5 9627/2/5
f 9637/2/5 9628/2/5 9636/2/5
f 9638/4/5 9630/4/5 9629/4/5
f 9639/4/5 9630/4/5 9638/4/5
f 9640/4/5 9635/4/5 9634/4/5
f 9641/4/5 9635/4/5 9640/4/5
f 9642/4/5 9637/4/5 9636/4/5
f 9643/4/5 9637/4/5 9642/4/5
f 9648/5/5 9645/5/5 9644/5/5
f 9649/5/5 9645/5/5 9648/5/5
f 9653/6/5 9647/6/5 9646/6/5
f 9654/5/5 9648/5/5 9647/5/5
f 9654/5/5 9649/5/5 9648/5/5
f 9654/6/5 9647/6/5 9653/6/5
f 9654/5/5 9650/5/5 9649/5/5
f 9655/5/5 9650/5/5 9654/5/5
f 9656/5/5 9650/5/5 9655/5/5
f 9657/5/5 9650/5/5 9656/5/5
f 9658/5/5 9650/5/5 9657/5/5
f 9659/6/5 9651/6/5 9650/6/5
f 9659/5/5 9650/5/5 9658/5/5
f 9660/6/5 9651/6/5 9659/6/5
f 9662/6/5 9653/6/5 9652/6/5
f 9662/6/5 9654/6/5 9653/6/5
f 9663/6/5 9654/6/5 9662/6/5
f 9664/6/5 9654/6/5 9663/6/5
f 9669/6/5 9661/6/5 9660/6/5
f 9669/6/5 9660/6/5 9659/6/5
f 9670/6/5 9661/6/5 9669/6/5
f 9671/6/5 9661/6/5 9670/6/5
f 9674/4/5 9666/4/5 9665/4/5
f 9675/4/5 9666/4/5 9674/4/5
f 9676/4/5 9668/4/5 9667/4/5
f 9677/4/5 9668/4/5 9676/4/5
f 9681/5/5 9673/5/5 9672/5/5
f 9682/5/5 9673/5/5 9681/5/5
f 9691/5/5 9679/5/5 9678/5/5
f 9692/5/5 9679/5/5 9691/5/5
f 9694/5/5 9681/5/5 9680/5/5
f 9695/6/5 9682/6/5 9681/6/5
f 9695/5/5 9681/5/5 9694/5/5
f 9696/6/5 9682/6/5 9695/6/5
f 9697/1/5 9684/1/5 9683/1/5
f 9698/1/5 9684/1/5 9697/1/5
f 9699/1/5 9686/1/5 9685/1/5
f 9700/1/5 9686/1/5 9699/1/5
f 9701/1/5 9688/1/5 9687/1/5
f 9702/1/5 9688/1/5 9701/1/5
f 9703/1/5 9690/1/5 9689/1/5
f 9704/1/5 9690/1/5 9703/1/5
f 9705/6/5 9692/6/5 9691/6/5
f 9706/5/5 9693/5/5 9692/5/5
f 9706/6/5 9692/6/5 9705/6/5
f 9707/5/5 9693/5/5 9706/5/5
f 9708/6/5 9695/6/5 9694/6/5
f 9709/6/5 9695/6/5 9708/6/5
f 9714/6/5 9707/6/5 9706/6/5
f 9715/6/5 9707/6/5 9714/6/5
f 9718/1/5 9711/1/5 9710/1/5
f 9719/1/5 9711/1/5 9718/1/5
f 9720/1/5 9713/1/5 9712/1/5
f 9721/1/5 9713/1/5 9720/1/5
f 9724/4/5 9717/4/5 9716/4/5
f 9725/4/5 9717/4/5 9724/4/5
f 9726/4/5 9723/4/5 9722/4/5
f 9727/4/5 9723/4/5 9726/4/5
f 9732/4/5 9729/4/5 9728/4/5
f 9733/4/5 9729/4/5 9732/4/5
f 9738/4/5 9731/4/5 9730/4/5
f 9739/4/5 9731/4/5 9738/4/5
f 9742/1/5 9735/1/5 9734/1/5
f 9743/1/5 9735/1/5 9742/1/5
f 9744/1/5 9737/1/5 9736/1/5
f 9745/1/5 9737/1/5 9744/1/5
f 9748/6/5 9741/6/5 9740/6/5
f 9749/6/5 9741/6/5 9748/6/5
f 9760/6/5 9747/6/5 9746/6/5
f 9761/6/5 9747/6/5 9760/6/5
f 9762/5/5 9749/5/5 9748/5/5
f 9763/6/5 9750/6/5 9749/6/5
f 9763/5/5 9749/5/5 9762/5/5
f 9764/6/5 9750/6/5 9763/6/5
f 9765/1/5 9752/1/5 9751/1/5
f 9766/1/5 9752/1/5 9765/1/5
f 9767/1/5 9754/1/5 9753/1/5
f 9768/1/5 9754/1/5 9767/1/5
f 9769/1/5 9756/1/5 9755/1/5
f 9770/1/5 9756/1/5 9769/1/5
f 9771/1/5 9758/1/5 9757/1/5
f 9772/1/5 9758/1/5 9771/1/5
f 9773/6/5 9760/6/5 9759/6/5
f 9774/5/5 9761/5/5 9760/5/5
f 9774/6/5 9760/6/5 9773/6/5
f 9775/5/5 9761/5/5 9774/5/5
f 9776/5/5 9764/5/5 9763/5/5
f 9777/5/5 9764/5/5 9776/5/5
f 9782/5/5 9774/5/5 9773/5/5
f 9783/5/5 9774/5/5 9782/5/5
f 9787/4/5 9779/4/5 9778/4/5
f 9788/4/5 9779/4/5 9787/4/5
f 9789/4/5 9781/4/5 9780/4/5
f 9790/4/5 9781/4/5 9789/4/5
f 9794/6/5 9786/6/5 9785/6/5
f 9794/6/5 9785/6/5 9784/6/5
f 9795/6/5 9786/6/5 9794/6/5
f 9796/6/5 9786/6/5 9795/6/5
f 9801/6/5 9793/6/5 9792/6/5
f 9801/6/5 9792/6/5 9791/6/5
f 9802/6/5 9793/6/5 9801/6/5
f 9803/6/5 9793/6/5 9802/6/5
f 9804/6/5 9796/6/5 9795/6/5
f 9805/5/5 9800/5/5 9799/5/5
f 9805/6/5 9796/6/5 9804/6/5
f 9805/5/5 9799/5/5 9798/5/5
f 9805/5/5 9801/5/5 9800/5/5
f 9805/5/5 9797/5/5 9796/5/5
f 9805/5/5 9798/5/5 9797/5/5
f 9806/5/5 9801/5/5 9805/5/5
f 9807/5/5 9801/5/5 9806/5/5
f 9808/6/5 9802/6/5 9801/6/5
f 9808/5/5 9801/5/5 9807/5/5
f 9809/6/5 9802/6/5 9808/6/5
f 9810/5/5 9807/5/5 9806/5/5
f 9811/5/5 9807/5/5 9810/5/5
f 9822/6/5 9813/6/5 9812/6/5
f 9823/6/5 9813/6/5 9822/6/5
f 9824/6/5 9815/6/5 9814/6/5
f 9825/5/5 9816/5/5 9815/5/5
f 9825/6/5 9815/6/5 9824/6/5
f 9826/6/5 9817/6/5 9816/6/5
f 9826/5/5 9816/5/5 9825/5/5
f 9827/6/5 9817/6/5 9826/6/5
f 9828/6/5 9819/6/5 9818/6/5
f 9829/6/5 9819/6/5 9828/6/5
f 9833/5/5 9821/5/5 9820/5/5
f 9834/5/5 9821/5/5 9833/5/5
f 9836/5/5 9823/5/5 9822/5/5
f 9836/5/5 9824/5/5 9823/5/5
f 9837/5/5 9824/5/5 9836/5/5
f 9838/6/5 9825/6/5 9824/6/5
f 9838/5/5 9824/5/5 9837/5/5
f 9838/6/5 9827/6/5 9826/6/5
f 9838/6/5 9826/6/5 9825/6/5
f 9839/6/5 9827/6/5 9838/6/5
f 9840/6/5 9827/6/5 9839/6/5
f 9841/5/5 9828/5/5 9827/5/5
f 9841/6/5 9827/6/5 9840/6/5
f 9841/5/5 9829/5/5 9828/5/5
f 9842/5/5 9829/5/5 9841/5/5
f 9843/5/5 9829/5/5 9842/5/5
f 9845/5/5 9831/5/5 9830/5/5
f 9846/5/5 9831/5/5 9845/5/5
f 9850/6/5 9835/6/5 9834/6/5
f 9850/6/5 9834/6/5 9833/6/5
f 9850/6/5 9833/6/5 9832/6/5
f 9851/6/5 9835/6/5 9850/6/5
f 9853/5/5 9840/5/5 9839/5/5
f 9854/5/5 9840/5/5 9853/5/5
f 9856/6/5 9847/6/5 9846/6/5
f 9856/6/5 9846/6/5 9845/6/5
f 9856/6/5 9845/6/5 9844/6/5
f 9857/6/5 9847/6/5 9856/6/5
f 9860/5/5 9849/5/5 9848/5/5
f 9861/5/5 9849/5/5 9860/5/5
f 9863/6/5 9835/6/5 9851/6/5
f 9864/6/5 9835/6/5 9863/6/5
f 9865/6/5 9835/6/5 9864/6/5
f 9866/6/5 9853/6/5 9852/6/5
f 9867/6/5 9853/6/5 9866/6/5
f 9868/6/5 9855/6/5 9854/6/5
f 9869/6/5 9855/6/5 9868/6/5
f 9870/6/5 9856/6/5 9844/6/5
f 9871/6/5 9856/6/5 9870/6/5
f 9872/6/5 9856/6/5 9871/6/5
f 9874/5/5 9859/5/5 9858/5/5
f 9875/5/5 9859/5/5 9874/5/5
f 9876/6/5 9863/6/5 9862/6/5
f 9877/6/5 9863/6/5 9876/6/5
f 9878/6/5 9873/6/5 9872/6/5
f 9879/6/5 9873/6/5 9878/6/5
f 9888/5/5 9881/5/5 9880/5/5
f 9889/6/5 9882/6/5 9881/6/5
f 9889/5/5 9881/5/5 9888/5/5
f 9890/5/5 9883/5/5 9882/5/5
f 9890/6/5 9882/6/5 9889/6/5
f 9891/5/5 9883/5/5 9890/5/5
f 9894/5/5 9885/5/5 9884/5/5
f 9895/6/5 9886/6/5 9885/6/5
f 9895/5/5 9885/5/5 9894/5/5
f 9896/5/5 9887/5/5 9886/5/5
f 9896/6/5 9886/6/5 9895/6/5
f 9897/5/5 9887/5/5 9896/5/5
f 9899/6/5 9889/6/5 9888/6/5
f 9899/6/5 9892/6/5 9891/6/5
f 9899/6/5 9890/6/5 9889/6/5
f 9899/6/5 9891/6/5 9890/6/5
f 9900/6/5 9892/6/5 9899/6/5
f 9901/6/5 9892/6/5 9900/6/5
f 9902/6/5 9892/6/5 9901/6/5
f 9903/6/5 9892/6/5 9902/6/5
f 9904/6/5 9894/6/5 9893/6/5
f 9904/6/5 9895/6/5 9894/6/5
f 9904/6/5 9897/6/5 9896/6/5
f 9904/6/5 9896/6/5 9895/6/5
f 9905/6/5 9897/6/5 9904/6/5
f 9906/6/5 9897/6/5 9905/6/5
f 9907/6/5 9897/6/5 9906/6/5
f 9908/6/5 9897/6/5 9907/6/5
f 9910/6/5 9900/6/5 9899/6/5
f 9911/6/5 9902/6/5 9901/6/5
f 9912/6/5 9906/6/5 9905/6/5
f 9913/6/5 9908/6/5 9907/6/5
f 9914/6/5 9910/6/5 9899/6/5
f 9914/6/5 9911/6/5 9910/6/5
f 9915/6/5 9902/6/5 9911/6/5
f 9915/6/5 9911/6/5 9914/6/5
f 9916/6/5 9912/6/5 9905/6/5
f 9916/6/5 9913/6/5 9912/6/5
f 9917/6/5 9908/6/5 9913/6/5
f 9917/6/5 9913/6/5 9916/6/5
f 9918/5/5 9899/5/5 9898/5/5
f 9919/6/5 9914/6/5 9899/6/5
f 9919/5/5 9899/5/5 9918/5/5
f 9920/6/5 9914/6/5 9919/6/5
f 9921/6/5 9902/6/5 9915/6/5
f 9922/6/5 9902/6/5 9921/6/5
f 9925/6/5 9916/6/5 9905/6/5
f 9926/6/5 9916/6/5 9925/6/5
f 9927/6/5 9908/6/5 9917/6/5
f 9928/5/5 9909/5/5 9908/5/5
f 9928/6/5 9908/6/5 9927/6/5
f 9929/5/5 9909/5/5 9928/5/5
f 9930/6/5 9920/6/5 9919/6/5
f 9930/6/5 9923/6/5 9922/6/5
f 9930/6/5 9921/6/5 9920/6/5
f 9930/6/5 9922/6/5 9921/6/5
f 9931/6/5 9923/6/5 9930/6/5
f 9932/6/5 9923/6/5 9931/6/5
f 9933/6/5 9923/6/5 9932/6/5
f 9934/6/5 9923/6/5 9933/6/5
f 9935/6/5 9927/6/5 9926/6/5
f 9935/6/5 9926/6/5 9925/6/5
f 9935/6/5 9928/6/5 9927/6/5
f 9935/6/5 9925/6/5 9924/6/5
f 9936/6/5 9928/6/5 9935/6/5
f 9937/6/5 9928/6/5 9936/6/5
f 9938/6/5 9928/6/5 9937/6/5
f 9939/6/5 9928/6/5 9938/6/5
f 9940/5/5 9931/5/5 9930/5/5
f 9941/6/5 9932/6/5 9931/6/5
f 9941/5/5 9931/5/5 9940/5/5
f 9942/5/5 9933/5/5 9932/5/5
f 9942/6/5 9932/6/5 9941/6/5
f 9943/5/5 9933/5/5 9942/5/5
f 9944/5/5 9937/5/5 9936/5/5
f 9945/6/5 9938/6/5 9937/6/5
f 9945/5/5 9937/5/5 9944/5/5
f 9946/5/5 9939/5/5 9938/5/5
f 9946/6/5 9938/6/5 9945/6/5
f 9947/5/5 9939/5/5 9946/5/5
f 9954/6/5 9949/6/5 9948/6/5
f 9955/6/5 9949/6/5 9954/6/5
f 9964/6/5 9951/6/5 9950/6/5
f 9965/6/5 9951/6/5 9964/6/5
f 9968/5/5 9953/5/5 9952/5/5
f 9969/5/5 9953/5/5 9968/5/5
f 9971/6/5 9956/6/5 9955/6/5
f 9971/6/5 9957/6/5 9956/6/5
f 9972/6/5 9959/6/5 9958/6/5
f 9973/6/5 9959/6/5 9972/6/5
f 9974/6/5 9961/6/5 9960/6/5
f 9975/6/5 9961/6/5 9974/6/5
f 9976/6/5 9963/6/5 9962/6/5
f 9976/6/5 9964/6/5 9963/6/5
f 9978/5/5 9967/5/5 9966/5/5
f 9979/5/5 9967/5/5 9978/5/5
f 9980/6/5 9971/6/5 9970/6/5
f 9981/6/5 9957/6/5 9971/6/5
f 9981/6/5 9971/6/5 9980/6/5
f 9982/6/5 9957/6/5 9981/6/5
f 9983/6/5 9957/6/5 9982/6/5
f 9987/5/5 9974/5/5 9973/5/5
f 9988/5/5 9974/5/5 9987/5/5
f 9992/6/5 9977/6/5 9976/6/5
f 9992/6/5 9976/6/5 9962/6/5
f 9993/6/5 9977/6/5 9992/6/5
f 9994/6/5 9977/6/5 9993/6/5
f 9995/6/5 9977/6/5 9994/6/5
f 9996/5/5 9982/5/5 9981/5/5
f 9997/5/5 9982/5/5 9996/5/5
f 9998/5/5 9986/5/5 9985/5/5
f 9998/5/5 9985/5/5 9984/5/5
f 9999/5/5 9986/5/5 9998/5/5
f 10000/6/5 9987/6/5 9986/6/5
f 10000/5/5 9986/5/5 9999/5/5
f 10000/6/5 9988/6/5 9987/6/5
f 10000/6/5 9989/6/5 9988/6/5
f 10001/6/5 9989/6/5 10000/6/5
f 10002/6/5 9989/6/5 10001/6/5
f 10003/5/5 9991/5/5 9990/5/5
f 10003/6/5 9989/6/5 10002/6/5
f 10003/5/5 9990/5/5 9989/5/5
f 10004/5/5 9991/5/5 10003/5/5
f 10005/5/5 9991/5/5 10004/5/5
f 10006/5/5 9994/5/5 9993/5/5
f 10007/5/5 9994/5/5 10006/5/5
f 10008/6/5 9999/6/5 9998/6/5
f 10009/6/5 9999/6/5 10008/6/5
f 10010/6/5 10001/6/5 10000/6/5
f 10011/5/5 10002/5/5 10001/5/5
f 10011/6/5 10001/6/5 10010/6/5
f 10012/6/5 10003/6/5 10002/6/5
f 10012/5/5 10002/5/5 10011/5/5
f 10013/6/5 10003/6/5 10012/6/5
f 10014/6/5 10005/6/5 10004/6/5
f 10015/6/5 10005/6/5 10014/6/5
f 10021/3/5 10017/3/5 10016/3/5
f 10022/3/5 10017/3/5 10021/3/5
f 10023/5/5 10018/5/5 10017/5/5
f 10023/3/5 10017/3/5 10022/3/5
f 10024/3/5 10019/3/5 10018/3/5
f 10024/5/5 10018/5/5 10023/5/5
f 10025/3/5 10019/3/5 10024/3/5
f 10026/3/5 10019/3/5 10025/3/5
f 10030/5/5 10021/5/5 10020/5/5
f 10031/3/5 10022/3/5 10021/3/5
f 10031/5/5 10021/5/5 10030/5/5
f 10032/3/5 10022/3/5 10031/3/5
f 10033/3/5 10026/3/5 10025/3/5
f 10034/5/5 10027/5/5 10026/5/5
f 10034/3/5 10026/3/5 10033/3/5
f 10035/5/5 10027/5/5 10034/5/5
f 10039/6/5 10029/6/5 10028/6/5
f 10040/6/5 10029/6/5 10039/6/5
f 10041/6/5 10037/6/5 10036/6/5
f 10042/6/5 10037/6/5 10041/6/5
f 10045/5/5 10039/5/5 10038/5/5
f 10046/5/5 10039/5/5 10045/5/5
f 10047/5/5 10043/5/5 10042/5/5
f 10048/5/5 10043/5/5 10047/5/5
f 10051/6/5 10045/6/5 10044/6/5
f 10052/6/5 10045/6/5 10051/6/5
f 10053/6/5 10045/6/5 10052/6/5
f 10054/6/5 10049/6/5 10048/6/5
f 10055/6/5 10049/6/5 10054/6/5
f 10056/6/5 10049/6/5 10055/6/5
f 10059/5/5 10051/5/5 10050/5/5
f 10060/3/5 10052/3/5 10051/3/5
f 10060/5/5 10051/5/5 10059/5/5
f 10061/3/5 10052/3/5 10060/3/5
f 10062/3/5 10056/3/5 10055/3/5
f 10063/5/5 10057/5/5 10056/5/5
f 10063/3/5 10056/3/5 10062/3/5
f 10064/5/5 10057/5/5 10063/5/5
f 10067/5/5 10059/5/5 10058/5/5
f 10068/5/5 10059/5/5 10067/5/5
f 10069/5/5 10059/5/5 10068/5/5
f 10070/5/5 10065/5/5 10064/5/5
f 10071/5/5 10065/5/5 10070/5/5
f 10072/5/5 10065/5/5 10071/5/5
f 10074/3/5 10067/3/5 10066/3/5
f 10074/3/5 10068/3/5 10067/3/5
f 10075/3/5 10068/3/5 10074/3/5
f 10076/3/5 10073/3/5 10072/3/5
f 10076/3/5 10072/3/5 10071/3/5
f 10077/3/5 10073/3/5 10076/3/5
f 10078/3/5 10074/3/5 10066/3/5
f 10079/6/5 10075/6/5 10074/6/5
f 10079/3/5 10074/3/5 10078/3/5
f 10080/6/5 10075/6/5 10079/6/5
f 10081/6/5 10077/6/5 10076/6/5
f 10082/3/5 10073/3/5 10077/3/5
f 10082/6/5 10077/6/5 10081/6/5
f 10083/3/5 10073/3/5 10082/3/5
f 10084/6/5 10080/6/5 10079/6/5
f 10084/6/5 10079/6/5 10078/6/5
f 10085/6/5 10080/6/5 10084/6/5
f 10086/6/5 10083/6/5 10082/6/5
f 10086/6/5 10082/6/5 10081/6/5
f 10087/6/5 10083/6/5 10086/6/5
f 10088/3/5 10085/3/5 10084/3/5
f 10089/3/5 10085/3/5 10088/3/5
f 10090/3/5 10085/3/5 10089/3/5
f 10091/3/5 10087/3/5 10086/3/5
f 10092/3/5 10087/3/5 10091/3/5
f 10093/3/5 10087/3/5 10092/3/5
f 10094/5/5 10089/5/5 10088/5/5
f 10095/5/5 10089/5/5 10094/5/5
f 10098/5/5 10093/5/5 10092/5/5
f 10099/5/5 10093/5/5 10098/5/5
f 10100/3/5 10096/3/5 10095/3/5
f 10100/3/5 10095/3/5 10094/3/5
f 10101/3/5 10096/3/5 10100/3/5
f 10102/3/5 10099/3/5 10098/3/5
f 10102/3/5 10098/3/5 10097/3/5
f 10103/3/5 10099/3/5 10102/3/5
f 10104/6/5 10101/6/5 10100/6/5
f 10105/6/5 10101/6/5 10104/6/5
f 10106/6/5 10101/6/5 10105/6/5
f 10107/6/5 10103/6/5 10102/6/5
f 10108/6/5 10103/6/5 10107/6/5
f 10109/6/5 10103/6/5 10108/6/5
f 10110/6/5 10106/6/5 10105/6/5
f 10110/3/5 10105/3/5 10104/3/5
f 10111/6/5 10106/6/5 10110/6/5
f 10112/6/5 10108/6/5 10107/6/5
f 10113/3/5 10109/3/5 10108/3/5
f 10113/6/5 10108/6/5 10112/6/5
f 10114/3/5 10111/3/5 10110/3/5
f 10114/3/5 10110/3/5 10104/3/5
f 10115/3/5 10111/3/5 10114/3/5
f 10116/3/5 10111/3/5 10115/3/5
f 10119/3/5 10113/3/5 10112/3/5
f 10120/3/5 10109/3/5 10113/3/5
f 10120/3/5 10113/3/5 10119/3/5
f 10121/3/5 10109/3/5 10120/3/5
f 10122/5/5 10117/5/5 10116/5/5
f 10122/5/5 10116/5/5 10115/5/5
f 10123/5/5 10117/5/5 10122/5/5
f 10128/5/5 10119/5/5 10118/5/5
f 10128/5/5 10120/5/5 10119/5/5
f 10129/5/5 10120/5/5 10128/5/5
f 10130/5/5 10124/5/5 10123/5/5
f 10131/3/5 10125/3/5 10124/3/5
f 10131/5/5 10124/5/5 10130/5/5
f 10132/3/5 10125/3/5 10131/3/5
f 10135/3/5 10127/3/5 10126/3/5
f 10136/5/5 10128/5/5 10127/5/5
f 10136/3/5 10127/3/5 10135/3/5
f 10137/5/5 10128/5/5 10136/5/5
f 10138/6/5 10133/6/5 10132/6/5
f 10138/6/5 10132/6/5 10131/6/5
f 10139/6/5 10133/6/5 10138/6/5
f 10142/6/5 10135/6/5 10134/6/5
f 10142/6/5 10136/6/5 10135/6/5
f 10143/6/5 10136/6/5 10142/6/5
f 10144/5/5 10140/5/5 10139/5/5
f 10145/5/5 10140/5/5 10144/5/5
f 10148/5/5 10142/5/5 10141/5/5
f 10149/5/5 10142/5/5 10148/5/5
f 10150/6/5 10146/6/5 10145/6/5
f 10151/6/5 10146/6/5 10150/6/5
f 10158/6/5 10148/6/5 10147/6/5
f 10159/6/5 10148/6/5 10158/6/5
f 10160/5/5 10153/5/5 10152/5/5
f 10161/3/5 10154/3/5 10153/3/5
f 10161/5/5 10153/5/5 10160/5/5
f 10162/3/5 10154/3/5 10161/3/5
f 10165/3/5 10156/3/5 10155/3/5
f 10166/5/5 10157/5/5 10156/5/5
f 10166/3/5 10156/3/5 10165/3/5
f 10167/5/5 10157/5/5 10166/5/5
f 10168/3/5 10162/3/5 10161/3/5
f 10168/3/5 10163/3/5 10162/3/5
f 10169/5/5 10164/5/5 10163/5/5
f 10169/3/5 10163/3/5 10168/3/5
f 10170/3/5 10165/3/5 10164/3/5
f 10170/5/5 10164/5/5 10169/5/5
f 10170/3/5 10166/3/5 10165/3/5
f 10171/3/5 10166/3/5 10170/3/5
f 10177/3/5 10173/3/5 10172/3/5
f 10178/3/5 10173/3/5 10177/3/5
f 10179/3/5 10175/3/5 10174/3/5
f 10180/3/5 10175/3/5 10179/3/5
f 10182/3/5 10177/3/5 10176/3/5
f 10183/3/5 10177/3/5 10182/3/5
f 10184/3/5 10181/3/5 10180/3/5
f 10185/3/5 10181/3/5 10184/3/5
f 10190/3/5 10187/3/5 10186/3/5
f 10191/3/5 10187/3/5 10190/3/5
f 10192/3/5 10189/3/5 10188/3/5
f 10193/3/5 10189/3/5 10192/3/5
f 10198/3/5 10195/3/5 10194/3/5
f 10199/3/5 10195/3/5 10198/3/5
f 10200/3/5 10197/3/5 10196/3/5
f 10201/3/5 10197/3/5 10200/3/5
f 10206/3/5 10203/3/5 10202/3/5
f 10207/3/5 10203/3/5 10206/3/5
f 10210/3/5 10205/3/5 10204/3/5
f 10211/3/5 10205/3/5 10210/3/5
f 10212/3/5 10208/3/5 10207/3/5
f 10213/3/5 10208/3/5 10212/3/5
f 10214/3/5 10210/3/5 10209/3/5
f 10215/3/5 10210/3/5 10214/3/5
f 10220/3/5 10217/3/5 10216/3/5
f 10221/3/5 10219/3/5 10218/3/5
f 10222/3/5 10220/3/5 10216/3/5
f 10223/3/5 10219/3/5 10221/3/5
f 10224/3/5 10222/3/5 10216/3/5
f 10225/3/5 10219/3/5 10223/3/5
f 10226/3/5 10224/3/5 10216/3/5
f 10227/3/5 10219/3/5 10225/3/5
f 10228/3/5 10226/3/5 10216/3/5
f 10229/3/5 10226/3/5 10228/3/5
f 10230/3/5 10219/3/5 10227/3/5
f 10231/3/5 10219/3/5 10230/3/5
f 10232/7/6 10233/7/6 10236/7/6
f 10236/7/6 10233/7/6 10237/7/6
f 10234/7/6 10235/7/6 10238/7/6
f 10238/7/6 10235/7/6 10239/7/6
f 10240/7/6 10241/7/6 10244/7/6
f 10244/7/6 10241/7/6 10245/7/6
f 10242/7/6 10243/7/6 10246/7/6
f 10246/7/6 10243/7/6 10247/7/6
f 10248/7/6 10249/7/6 10252/7/6
f 10252/7/6 10249/7/6 10253/7/6
f 10250/7/6 10251/7/6 10254/7/6
f 10254/7/6 10251/7/6 10255/7/6
f 10256/7/6 10257/7/6 10260/7/6
f 10260/7/6 10257/7/6 10261/7/6
f 10258/7/6 10259/7/6 10262/7/6
f 10262/7/6 10259/7/6 10263/7/6
f 10264/7/6 10265/7/6 10268/7/6
f 10268/7/6 10265/7/6 10269/7/6
f 10266/7/6 10267/7/6 10270/7/6
f 10270/7/6 10267/7/6 10271/7/6
f 10272/7/6 10273/7/6 10276/7/6
f 10276/7/6 10273/7/6 10277/7/6
f 10274/7/6 10275/7/6 10278/7/6
f 10278/7/6 10275/7/6 10279/7/6
f 10280/1/6 10281/1/6 10284/1/6
f 10284/1/6 10281/1/6 10285/1/6
f 10282/1/6 10283/1/6 10286/1/6
f 10286/1/6 10283/1/6 10287/1/6
f 10288/7/6 10289/7/6 10292/7/6
f 10292/7/6 10289/7/6 10293/7/6
f 10290/7/6 10291/7/6 10294/7/6
f 10294/7/6 10291/7/6 10295/7/6
f 10296/7/6 10297/7/6 10300/7/6
f 10300/7/6 10297/7/6 10301/7/6
f 10298/7/6 10299/7/6 10302/7/6
f 10302/7/6 10299/7/6 10303/7/6
f 10304/1/6 10305/1/6 10308/1/6
f 10308/1/6 10305/1/6 10309/1/6
f 10306/1/6 10307/1/6 10310/1/6
f 10310/1/6 10307/1/6 10311/1/6
f 10312/7/6 10313/7/6 10316/7/6
f 10316/7/6 10313/7/6 10317/7/6
f 10314/7/6 10315/7/6 10318/7/6
f 10318/7/6 10315/7/6 10319/7/6
f 10320/7/6 10321/7/6 10324/7/6
f 10324/7/6 10321/7/6 10325/7/6
f 10322/7/6 10323/7/6 10326/7/6
f 10326/7/6 10323/7/6 10327/7/6
f 10328/7/6 10329/7/6 10332/7/6
f 10332/7/6 10329/7/6 10333/7/6
f 10330/7/6 10331/7/6 10334/7/6
f 10334/7/6 10331/7/6 10335/7/6
f 10336/1/6 10337/1/6 10340/1/6
f 10340/1/6 10337/1/6 10341/1/6
f 10338/1/6 10339/1/6 10342/1/6
f 10342/1/6 10339/1/6 10343/1/6
f 10344/7/6 10345/7/6 10348/7/6
f 10348/7/6 10345/7/6 10349/7/6
f 10346/7/6 10347/7/6 10350/7/6
f 10350/7/6 10347/7/6 10351/7/6
f 10352/1/6 10353/1/6 10356/1/6
f 10356/1/6 10353/1/6 10357/1/6
f 10354/1/6 10355/1/6 10358/1/6
f 10358/1/6 10355/1/6 10359/1/6
f 10360/7/6 10361/7/6 10364/7/6
f 10364/7/6 10361/7/6 10365/7/6
f 10362/7/6 10363/7/6 10366/7/6
f 10366/7/6 10363/7/6 10367/7/6
f 10368/7/6 10369/7/6 10372/7/6
f 10372/7/6 10369/7/6 10373/7/6
f 10370/7/6 10371/7/6 10374/7/6
f 10374/7/6 10371/7/6 10375/7/6
f 10376/7/6 10377/7/6 10380/7/6
f 10380/7/6 10377/7/6 10381/7/6
f 10378/7/6 10379/7/6 10382/7/6
f 10382/7/6 10379/7/6 10383/7/6
f 10384/7/6 10385/7/6 10388/7/6
f 10388/7/6 10385/7/6 10389/7/6
f 10386/7/6 10387/7/6 10390/7/6
f 10390/7/6 10387/7/6 10391/7/6
f 10392/1/6 10393/1/6 10396/1/6
f 10396/1/6 10393/1/6 10397/1/6
f 10394/1/6 10395/1/6 10398/1/6
f 10398/1/6 10395/1/6 10399/1/6
f 10400/7/6 10401/7/6 10404/7/6
f 10404/7/6 10401/7/6 10405/7/6
f 10402/7/6 10403/7/6 10406/7/6
f 10406/7/6 10403/7/6 10407/7/6
f 10408/7/6 10409/7/6 10412/7/6
f 10412/7/6 10409/7/6 10413/7/6
f 10410/7/6 10411/7/6 10414/7/6
f 10414/7/6 10411/7/6 10415/7/6
f 10416/1/6 10417/1/6 10420/1/6
f 10418/1/6 10419/1/6 10421/1/6
f 10420/1/6 10417/1/6 10422/1/6
f 10422/1/6 10417/1/6 10423/1/6
f 10418/1/6 10421/1/6 10424/1/6
f 10424/1/6 10421/1/6 10425/1/6
f 10426/1/6 10427/1/6 10430/1/6
f 10430/1/6 10427/1/6 10431/1/6
f 10428/1/6 10429/1/6 10432/1/6
f 10432/1/6 10429/1/6 10433/1/6
f 10434/7/6 10435/7/6 10438/7/6
f 10438/7/6 10435/7/6 10439/7/6
f 10436/7/6 10437/7/6 10440/7/6
f 10440/7/6 10437/7/6 10441/7/6
f 10442/7/6 10443/7/6 10446/7/6
f 10446/7/6 10443/7/6 10447/7/6
f 10444/7/6 10445/7/6 10448/7/6
f 10448/7/6 10445/7/6 10449/7/6
f 10450/1/6 10451/1/6 10452/1/6
f 10452/1/6 10451/1/6 10453/1/6
f 10454/7/6 10455/7/6 10458/7/6
f 10458/7/6 10455/7/6 10459/7/6
f 10456/7/6 10457/7/6 10460/7/6
f 10460/7/6 10457/7/6 10461/7/6
f 10462/7/6 10463/7/6 10466/7/6
f 10466/7/6 10463/7/6 10467/7/6
f 10464/7/6 10465/7/6 10468/7/6
f 10468/7/6 10465/7/6 10469/7/6
f 10470/1/6 10471/1/6 10472/1/6
f 10472/1/6 10471/1/6 10473/1/6
f 10474/7/6 10475/7/6 10478/7/6
f 10478/7/6 10475/7/6 10479/7/6
f 10476/7/6 10477/7/6 10480/7/6
f 10480/7/6 10477/7/6 10481/7/6
f 10482/7/6 10483/7/6 10486/7/6
f 10486/7/6 10483/7/6 10487/7/6
f 10484/7/6 10485/7/6 10488/7/6
f 10488/7/6 10485/7/6 10489/7/6
f 10490/1/6 10491/1/6 10494/1/6
f 10494/1/6 10491/1/6 10495/1/6
f 10492/1/6 10493/1/6 10496/1/6
f 10496/1/6 10493/1/6 10497/1/6
f 10498/1/6 10499/1/6 10500/1/6
f 10500/1/6 10499/1/6 10501/1/6
f 10502/7/6 10503/7/6 10506/7/6
f 10506/7/6 10503/7/6 10507/7/6
f 10504/7/6 10505/7/6 10508/7/6
f 10508/7/6 10505/7/6 10509/7/6
f 10510/7/6 10511/7/6 10514/7/6
f 10514/7/6 10511/7/6 10515/7/6
f 10512/7/6 10513/7/6 10516/7/6
f 10516/7/6 10513/7/6 10517/7/6
f 10518/1/6 10519/1/6 10522/1/6
f 10522/1/6 10519/1/6 10523/1/6
f 10520/1/6 10521/1/6 10524/1/6
f 10524/1/6 10521/1/6 10525/1/6
f 10526/1/6 10527/1/6 10530/1/6
f 10530/1/6 10527/1/6 10531/1/6
f 10528/1/6 10529/1/6 10532/1/6
f 10532/1/6 10529/1/6 10533/1/6
f 10534/7/6 10535/7/6 10538/7/6
f 10538/7/6 10535/7/6 10539/7/6
f 10536/7/6 10537/7/6 10540/7/6
f 10540/7/6 10537/7/6 10541/7/6
f 10542/7/6 10543/7/6 10546/7/6
f 10546/7/6 10543/7/6 10547/7/6
f 10544/7/6 10545/7/6 10548/7/6
f 10548/7/6 10545/7/6 10549/7/6
f 10550/1/6 10551/1/6 10552/1/6
f 10552/1/6 10551/1/6 10553/1/6
f 10554/1/6 10555/1/6 10556/1/6
f 10556/1/6 10555/1/6 10557/1/6
f 10558/1/6 10559/1/6 10560/1/6
f 10560/1/6 10559/1/6 10561/1/6
f 10562/1/6 10563/1/6 10564/1/6
f 10564/1/6 10563/1/6 10565/1/6
f 10566/7/6 10567/7/6 10570/7/6
f 10570/7/6 10567/7/6 10571/7/6
f 10568/7/6 10569/7/6 10572/7/6
f 10572/7/6 10569/7/6 10573/7/6
f 10574/7/6 10575/7/6 10578/7/6
f 10578/7/6 10575/7/6 10579/7/6
f 10576/7/6 10577/7/6 10580/7/6
f 10580/7/6 10577/7/6 10581/7/6
f 10582/7/6 10583/7/6 10586/7/6
f 10586/7/6 10583/7/6 10587/7/6
f 10584/7/6 10585/7/6 10588/7/6
f 10588/7/6 10585/7/6 10589/7/6
f 10590/1/6 10591/1/6 10594/1/6
f 10594/1/6 10591/1/6 10595/1/6
f 10592/1/6 10593/1/6 10596/1/6
f 10596/1/6 10593/1/6 10597/1/6
f 10598/1/6 10599/1/6 10602/1/6
f 10602/1/6 10599/1/6 10603/1/6
f 10600/1/6 10601/1/6 10604/1/6
f 10604/1/6 10601/1/6 10605/1/6
f 10606/7/6 10607/7/6 10610/7/6
f 10610/7/6 10607/7/6 10611/7/6
f 10608/7/6 10609/7/6 10612/7/6
f 10612/7/6 10609/7/6 10613/7/6
f 10614/7/6 10615/7/6 10618/7/6
f 10618/7/6 10615/7/6 10619/7/6
f 10616/7/6 10617/7/6 10620/7/6
f 10620/7/6 10617/7/6 10621/7/6
f 10622/1/6 10623/1/6 10624/1/6
f 10624/1/6 10623/1/6 10625/1/6
f 10626/1/6 10627/1/6 10628/1/6
f 10628/1/6 10627/1/6 10629/1/6
f 10630/7/6 10631/7/6 10634/7/6
f 10634/7/6 10631/7/6 10635/7/6
f 10632/7/6 10633/7/6 10636/7/6
f 10636/7/6 10633/7/6 10637/7/6
f 10638/7/6 10639/7/6 10642/7/6
f 10642/7/6 10639/7/6 10643/7/6
f 10640/7/6 10641/7/6 10644/7/6
f 10644/7/6 10641/7/6 10645/7/6
f 10646/7/6 10647/7/6 10650/7/6
f 10650/7/6 10647/7/6 10651/7/6
f 10648/7/6 10649/7/6 10652/7/6
f 10652/7/6 10649/7/6 10653/7/6
f 10654/7/6 10655/7/6 10658/7/6
f 10658/7/6 10655/7/6 10659/7/6
f 10656/7/6 10657/7/6 10660/7/6
f 10660/7/6 10657/7/6 10661/7/6
f 10662/1/6 10663/1/6 10664/1/6
f 10664/1/6 10663/1/6 10665/1/6
f 10666/1/6 10667/1/6 10670/1/6
f 10670/1/6 10667/1/6 10671/1/6
f 10668/1/6 10669/1/6 10672/1/6
f 10672/1/6 10669/1/6 10673/1/6
f 10674/1/6 10675/1/6 10678/1/6
f 10678/1/6 10675/1/6 10679/1/6
f 10676/1/6 10677/1/6 10680/1/6
f 10680/1/6 10677/1/6 10681/1/6
f 10682/1/6 10683/1/6 10684/1/6
f 10684/1/6 10683/1/6 10685/1/6
f 10686/7/6 10687/7/6 10690/7/6
f 10690/7/6 10687/7/6 10691/7/6
f 10688/7/6 10689/7/6 10692/7/6
f 10692/7/6 10689/7/6 10693/7/6
f 10694/1/6 10695/1/6 10696/1/6
f 10696/1/6 10695/1/6 10697/1/6
f 10698/1/6 10699/1/6 10700/1/6
f 10700/1/6 10699/1/6 10701/1/6
f 10702/1/6 10703/1/6 10704/1/6
f 10704/1/6 10703/1/6 10705/1/6
f 10706/1/6 10707/1/6 10710/1/6
f 10710/1/6 10707/1/6 10711/1/6
f 10708/1/6 10709/1/6 10712/1/6
f 10712/1/6 10709/1/6 10713/1/6
f 10714/1/6 10715/1/6 10718/1/6
f 10718/1/6 10715/1/6 10719/1/6
f 10716/1/6 10717/1/6 10720/1/6
f 10720/1/6 10717/1/6 10721/1/6
f 10722/1/6 10723/1/6 10724/1/6
f 10724/1/6 10723/1/6 10725/1/6
f 10726/1/6 10727/1/6 10730/1/6
f 10730/1/6 10727/1/6 10731/1/6
f 10728/1/6 10729/1/6 10732/1/6
f 10732/1/6 10729/1/6 10733/1/6
f 10734/1/6 10735/1/6 10738/1/6
f 10736/1/6 10737/1/6 10741/1/6
f 10738/1/6 10739/1/6 10742/1/6
f 10734/1/6 10738/1/6 10742/1/6
f 10742/1/6 10739/1/6 10743/1/6
f 10740/1/6 10741/1/6 10744/1/6
f 10741/1/6 10737/1/6 10745/1/6
f 10744/1/6 10741/1/6 10745/1/6
f 10746/1/6 10747/1/6 10750/1/6
f 10750/1/6 10747/1/6 10751/1/6
f 10748/1/6 10749/1/6 10752/1/6
f 10752/1/6 10749/1/6 10753/1/6
f 10746/1/6 10750/1/6 10754/1/6
f 10754/1/6 10750/1/6 10755/1/6
f 10753/1/6 10749/1/6 10756/1/6
f 10756/1/6 10749/1/6 10757/1/6
f 10758/1/6 10759/1/6 10762/1/6
f 10762/1/6 10759/1/6 10763/1/6
f 10760/1/6 10761/1/6 10764/1/6
f 10764/1/6 10761/1/6 10765/1/6
f 10766/7/6 10767/7/6 10770/7/6
f 10770/7/6 10767/7/6 10771/7/6
f 10768/7/6 10769/7/6 10772/7/6
f 10772/7/6 10769/7/6 10773/7/6
f 10774/7/6 10775/7/6 10778/7/6
f 10778/7/6 10775/7/6 10779/7/6
f 10776/7/6 10777/7/6 10780/7/6
f 10780/7/6 10777/7/6 10781/7/6
f 10782/7/6 10783/7/6 10786/7/6
f 10786/7/6 10783/7/6 10787/7/6
f 10784/7/6 10785/7/6 10788/7/6
f 10788/7/6 10785/7/6 10789/7/6
f 10790/7/6 10791/7/6 10794/7/6
f 10794/7/6 10791/7/6 10795/7/6
f 10792/7/6 10793/7/6 10796/7/6
f 10796/7/6 10793/7/6 10797/7/6
f 10798/7/6 10799/7/6 10802/7/6
f 10802/7/6 10799/7/6 10803/7/6
f 10800/7/6 10801/7/6 10804/7/6
f 10804/7/6 10801/7/6 10805/7/6
f 10806/1/6 10807/1/6 10811/1/6
f 10811/1/6 10807/1/6 10812/1/6
f 10812/1/6 10807/1/6 10813/1/6
f 10808/1/6 10809/1/6 10814/1/6
f 10814/1/6 10809/1/6 10815/1/6
f 10815/1/6 10809/1/6 10816/1/6
f 10810/1/6 10811/1/6 10819/1/6
f 10811/1/6 10812/1/6 10819/1/6
f 10819/1/6 10812/1/6 10820/1/6
f 10816/1/6 10817/1/6 10821/1/6
f 10815/1/6 10816/1/6 10821/1/6
f 10821/1/6 10817/1/6 10822/1/6
f 10818/1/6 10819/1/6 10824/1/6
f 10824/1/6 10819/1/6 10825/1/6
f 10822/1/6 10823/1/6 10828/1/6
f 10828/1/6 10823/1/6 10829/1/6
f 10825/1/6 10826/1/6 10830/1/6
f 10830/1/6 10826/1/6 10831/1/6
f 10831/1/6 10826/1/6 10832/1/6
f 10827/1/6 10828/1/6 10835/1/6
f 10835/1/6 10828/1/6 10836/1/6
f 10836/1/6 10828/1/6 10837/1/6
f 10832/1/6 10833/1/6 10838/1/6
f 10831/1/6 10832/1/6 10838/1/6
f 10838/1/6 10833/1/6 10839/1/6
f 10835/1/6 10836/1/6 10840/1/6
f 10834/1/6 10835/1/6 10840/1/6
f 10840/1/6 10836/1/6 10841/1/6
f 10842/7/6 10843/7/6 10846/7/6
f 10846/7/6 10843/7/6 10847/7/6
f 10844/7/6 10845/7/6 10848/7/6
f 10848/7/6 10845/7/6 10849/7/6
f 10850/7/6 10851/7/6 10854/7/6
f 10854/7/6 10851/7/6 10855/7/6
f 10852/7/6 10853/7/6 10856/7/6
f 10856/7/6 10853/7/6 10857/7/6
f 10858/1/6 10859/1/6 10862/1/6
f 10862/1/6 10859/1/6 10863/1/6
f 10860/1/6 10861/1/6 10864/1/6
f 10864/1/6 10861/1/6 10865/1/6
f 10866/7/6 10867/7/6 10870/7/6
f 10870/7/6 10867/7/6 10871/7/6
f 10868/7/6 10869/7/6 10872/7/6
f 10872/7/6 10869/7/6 10873/7/6
f 10874/7/6 10875/7/6 10878/7/6
f 10878/7/6 10875/7/6 10879/7/6
f 10876/7/6 10877/7/6 10880/7/6
f 10880/7/6 10877/7/6 10881/7/6
f 10882/1/6 10883/1/6 10886/1/6
f 10886/1/6 10883/1/6 10887/1/6
f 10884/1/6 10885/1/6 10888/1/6
f 10888/1/6 10885/1/6 10889/1/6
f 10890/1/6 10891/1/6 10894/1/6
f 10894/1/6 10891/1/6 10895/1/6
f 10892/1/6 10893/1/6 10896/1/6
f 10896/1/6 10893/1/6 10897/1/6
f 10898/7/6 10899/7/6 10902/7/6
f 10902/7/6 10899/7/6 10903/7/6
f 10900/7/6 10901/7/6 10904/7/6
f 10904/7/6 10901/7/6 10905/7/6
f 10906/7/6 10907/7/6 10910/7/6
f 10910/7/6 10907/7/6 10911/7/6
f 10908/7/6 10909/7/6 10912/7/6
f 10912/7/6 10909/7/6 10913/7/6
f 10914/1/6 10915/1/6 10918/1/6
f 10918/1/6 10915/1/6 10919/1/6
f 10916/1/6 10917/1/6 10920/1/6
f 10920/1/6 10917/1/6 10921/1/6
f 10922/1/6 10923/1/6 10924/1/6
f 10924/1/6 10923/1/6 10925/1/6
f 10926/1/6 10927/1/6 10928/1/6
f 10928/1/6 10927/1/6 10929/1/6
f 10930/1/6 10931/1/6 10934/1/6
f 10934/1/6 10931/1/6 10935/1/6
f 10932/1/6 10933/1/6 10936/1/6
f 10936/1/6 10933/1/6 10937/1/6
f 10938/7/6 10939/7/6 10942/7/6
f 10942/7/6 10939/7/6 10943/7/6
f 10940/7/6 10941/7/6 10944/7/6
f 10944/7/6 10941/7/6 10945/7/6
f 10946/7/6 10947/7/6 10950/7/6
f 10950/7/6 10947/7/6 10951/7/6
f 10948/7/6 10949/7/6 10952/7/6
f 10952/7/6 10949/7/6 10953/7/6
f 10954/1/6 10955/1/6 10959/1/6
f 10959/1/6 10955/1/6 10960/1/6
f 10956/1/6 10957/1/6 10961/1/6
f 10961/1/6 10957/1/6 10962/1/6
f 10958/1/6 10959/1/6 10964/1/6
f 10964/1/6 10959/1/6 10965/1/6
f 10962/1/6 10963/1/6 10968/1/6
f 10968/1/6 10963/1/6 10969/1/6
f 10965/1/6 10966/1/6 10970/1/6
f 10970/1/6 10966/1/6 10971/1/6
f 10967/1/6 10968/1/6 10972/1/6
f 10972/1/6 10968/1/6 10973/1/6
f 10974/7/6 10975/7/6 10978/7/6
f 10978/7/6 10975/7/6 10979/7/6
f 10976/7/6 10977/7/6 10980/7/6
f 10980/7/6 10977/7/6 10981/7/6
f 10982/7/6 10983/7/6 10986/7/6
f 10986/7/6 10983/7/6 10987/7/6
f 10984/7/6 10985/7/6 10988/7/6
f 10988/7/6 10985/7/6 10989/7/6
f 10990/7/6 10991/7/6 10994/7/6
f 10994/7/6 10991/7/6 10995/7/6
f 10992/7/6 10993/7/6 10996/7/6
f 10996/7/6 10993/7/6 10997/7/6
f 10998/7/6 10999/7/6 11002/7/6
f 11002/7/6 10999/7/6 11003/7/6
f 11000/7/6 11001/7/6 11004/7/6
f 11004/7/6 11001/7/6 11005/7/6
f 11006/1/6 11007/1/6 11010/1/6
f 11010/1/6 11007/1/6 11011/1/6
f 11008/1/6 11009/1/6 11012/1/6
f 11012/1/6 11009/1/6 11013/1/6
f 11014/7/6 11015/7/6 11018/7/6
f 11018/7/6 11015/7/6 11019/7/6
f 11016/7/6 11017/7/6 11020/7/6
f 11020/7/6 11017/7/6 11021/7/6
f 11022/1/6 11023/1/6 11024/1/6
f 11024/1/6 11023/1/6 11025/1/6
f 11026/7/6 11027/7/6 11030/7/6
f 11030/7/6 11027/7/6 11031/7/6
f 11028/7/6 11029/7/6 11036/7/6
f 11036/7/6 11029/7/6 11037/7/6
f 11032/1/6 11033/1/6 11038/1/6
f 11038/1/6 11033/1/6 11039/1/6
f 11034/1/6 11035/1/6 11040/1/6
f 11040/1/6 11035/1/6 11041/1/6
f 11042/1/6 11043/1/6 11048/1/6
f 11048/1/6 11043/1/6 11049/1/6
f 11044/1/6 11045/1/6 11050/1/6
f 11050/1/6 11045/1/6 11051/1/6
f 11046/7/6 11047/7/6 11054/7/6
f 11054/7/6 11047/7/6 11055/7/6
f 11052/7/6 11053/7/6 11056/7/6
f 11056/7/6 11053/7/6 11057/7/6
f 11058/1/6 11059/1/6 11060/1/6
f 11060/1/6 11059/1/6 11061/1/6
f 11062/7/6 11063/7/6 11066/7/6
f 11066/7/6 11063/7/6 11067/7/6
f 11064/7/6 11065/7/6 11068/7/6
f 11068/7/6 11065/7/6 11069/7/6
f 11070/7/6 11071/7/6 11074/7/6
f 11074/7/6 11071/7/6 11075/7/6
f 11075/7/6 11071/7/6 11076/7/6
f 11072/7/6 11073/7/6 11077/7/6
f 11077/7/6 11073/7/6 11078/7/6
f 11078/7/6 11073/7/6 11079/7/6
f 11080/7/6 11081/7/6 11086/7/6
f 11081/7/6 11082/7/6 11086/7/6
f 11086/7/6 11082/7/6 11087/7/6
f 11084/7/6 11085/7/6 11088/7/6
f 11083/7/6 11084/7/6 11088/7/6
f 11088/7/6 11085/7/6 11089/7/6
f 11090/7/6 11091/7/6 11094/7/6
f 11094/7/6 11091/7/6 11095/7/6
f 11092/7/6 11093/7/6 11096/7/6
f 11096/7/6 11093/7/6 11097/7/6
f 11098/1/6 11099/1/6 11102/1/6
f 11102/1/6 11099/1/6 11103/1/6
f 11100/1/6 11101/1/6 11104/1/6
f 11104/1/6 11101/1/6 11105/1/6
f 11106/2/6 11107/2/6 11110/2/6
f 11110/2/6 11107/2/6 11111/2/6
f 11108/2/6 11109/2/6 11112/2/6
f 11112/2/6 11109/2/6 11113/2/6
f 11114/1/6 11115/1/6 11118/1/6
f 11118/1/6 11115/1/6 11119/1/6
f 11116/1/6 11117/1/6 11120/1/6
f 11120/1/6 11117/1/6 11121/1/6
f 11122/7/6 11123/7/6 11126/7/6
f 11126/7/6 11123/7/6 11127/7/6
f 11124/7/6 11125/7/6 11128/7/6
f 11128/7/6 11125/7/6 11129/7/6
f 11130/1/6 11131/1/6 11132/1/6
f 11132/1/6 11131/1/6 11133/1/6
f 11134/1/6 11135/1/6 11140/1/6
f 11135/2/6 11136/2/6 11141/2/6
f 11140/1/6 11135/1/6 11141/1/6
f 11141/2/6 11136/2/6 11142/2/6
f 11137/2/6 11138/2/6 11143/2/6
f 11138/1/6 11139/1/6 11144/1/6
f 11143/2/6 11138/2/6 11144/2/6
f 11144/1/6 11139/1/6 11145/1/6
f 11146/1/6 11147/1/6 11152/1/6
f 11147/2/6 11148/2/6 11153/2/6
f 11152/1/6 11147/1/6 11153/1/6
f 11153/2/6 11148/2/6 11154/2/6
f 11149/2/6 11150/2/6 11155/2/6
f 11150/1/6 11151/1/6 11156/1/6
f 11155/2/6 11150/2/6 11156/2/6
f 11156/1/6 11151/1/6 11157/1/6
f 11158/1/6 11159/1/6 11160/1/6
f 11160/1/6 11159/1/6 11161/1/6
f 11162/7/6 11163/7/6 11166/7/6
f 11166/7/6 11163/7/6 11167/7/6
f 11164/7/6 11165/7/6 11168/7/6
f 11168/7/6 11165/7/6 11169/7/6
f 11170/7/6 11171/7/6 11174/7/6
f 11174/7/6 11171/7/6 11175/7/6
f 11172/7/6 11173/7/6 11176/7/6
f 11176/7/6 11173/7/6 11177/7/6
f 11178/7/6 11179/7/6 11182/7/6
f 11182/7/6 11179/7/6 11183/7/6
f 11180/7/6 11181/7/6 11184/7/6
f 11184/7/6 11181/7/6 11185/7/6
f 11186/2/6 11187/2/6 11193/2/6
f 11193/2/6 11187/2/6 11194/2/6
f 11188/2/6 11189/2/6 11195/2/6
f 11195/2/6 11189/2/6 11196/2/6
f 11190/1/6 11191/1/6 11200/1/6
f 11200/1/6 11191/1/6 11201/1/6
f 11192/2/6 11193/2/6 11202/2/6
f 11202/2/6 11193/2/6 11203/2/6
f 11196/2/6 11197/2/6 11204/2/6
f 11204/2/6 11197/2/6 11205/2/6
f 11198/1/6 11199/1/6 11206/1/6
f 11206/1/6 11199/1/6 11207/1/6
f 11208/1/6 11209/1/6 11216/1/6
f 11216/1/6 11209/1/6 11217/1/6
f 11210/2/6 11211/2/6 11218/2/6
f 11218/2/6 11211/2/6 11219/2/6
f 11212/2/6 11213/2/6 11222/2/6
f 11222/2/6 11213/2/6 11223/2/6
f 11214/1/6 11215/1/6 11224/1/6
f 11224/1/6 11215/1/6 11225/1/6
f 11219/2/6 11220/2/6 11226/2/6
f 11226/2/6 11220/2/6 11227/2/6
f 11221/2/6 11222/2/6 11228/2/6
f 11228/2/6 11222/2/6 11229/2/6
f 11230/7/6 11231/7/6 11234/7/6
f 11234/7/6 11231/7/6 11235/7/6
f 11232/7/6 11233/7/6 11236/7/6
f 11236/7/6 11233/7/6 11237/7/6
f 11238/7/6 11239/7/6 11242/7/6
f 11242/7/6 11239/7/6 11243/7/6
f 11240/7/6 11241/7/6 11244/7/6
f 11244/7/6 11241/7/6 11245/7/6
f 11246/7/6 11247/7/6 11250/7/6
f 11250/7/6 11247/7/6 11251/7/6
f 11248/7/6 11249/7/6 11252/7/6
f 11252/7/6 11249/7/6 11253/7/6
f 11254/7/6 11255/7/6 11258/7/6
f 11258/7/6 11255/7/6 11259/7/6
f 11256/7/6 11257/7/6 11260/7/6
f 11260/7/6 11257/7/6 11261/7/6
f 11262/1/6 11263/1/6 11266/1/6
f 11266/1/6 11263/1/6 11267/1/6
f 11264/1/6 11265/1/6 11268/1/6
f 11268/1/6 11265/1/6 11269/1/6
f 11270/1/6 11271/1/6 11274/1/6
f 11274/1/6 11271/1/6 11275/1/6
f 11272/1/6 11273/1/6 11276/1/6
f 11276/1/6 11273/1/6 11277/1/6
f 11278/7/6 11279/7/6 11282/7/6
f 11282/7/6 11279/7/6 11283/7/6
f 11280/7/6 11281/7/6 11284/7/6
f 11284/7/6 11281/7/6 11285/7/6
f 11286/7/6 11287/7/6 11290/7/6
f 11290/7/6 11287/7/6 11291/7/6
f 11288/7/6 11289/7/6 11292/7/6
f 11292/7/6 11289/7/6 11293/7/6
f 11294/7/6 11295/7/6 11298/7/6
f 11298/7/6 11295/7/6 11299/7/6
f 11296/7/6 11297/7/6 11300/7/6
f 11300/7/6 11297/7/6 11301/7/6
f 11302/7/6 11303/7/6 11306/7/6
f 11306/7/6 11303/7/6 11307/7/6
f 11304/7/6 11305/7/6 11308/7/6
f 11308/7/6 11305/7/6 11309/7/6
f 11310/1/6 11311/1/6 11314/1/6
f 11314/1/6 11311/1/6 11315/1/6
f 11312/1/6 11313/1/6 11316/1/6
f 11316/1/6 11313/1/6 11317/1/6
f 11318/4/6 11319/4/6 11322/4/6
f 11322/4/6 11319/4/6 11323/4/6
f 11320/4/6 11321/4/6 11324/4/6
f 11324/4/6 11321/4/6 11325/4/6
f 11326/7/6 11327/7/6 11330/7/6
f 11330/7/6 11327/7/6 11331/7/6
f 11328/7/6 11329/7/6 11336/7/6
f 11336/7/6 11329/7/6 11337/7/6
f 11332/1/6 11333/1/6 11340/1/6
f 11340/1/6 11333/1/6 11341/1/6
f 11334/1/6 11335/1/6 11342/1/6
f 11342/1/6 11335/1/6 11343/1/6
f 11338/7/6 11339/7/6 11346/7/6
f 11346/7/6 11339/7/6 11347/7/6
f 11344/7/6 11345/7/6 11348/7/6
f 11348/7/6 11345/7/6 11349/7/6
f 11350/4/6 11351/4/6 11354/4/6
f 11354/4/6 11351/4/6 11355/4/6
f 11352/4/6 11353/4/6 11356/4/6
f 11356/4/6 11353/4/6 11357/4/6
f 11358/1/6 11359/1/6 11362/1/6
f 11362/1/6 11359/1/6 11363/1/6
f 11360/1/6 11361/1/6 11364/1/6
f 11364/1/6 11361/1/6 11365/1/6
f 11366/4/6 11367/4/6 11370/4/6
f 11370/4/6 11367/4/6 11371/4/6
f 11368/4/6 11369/4/6 11372/4/6
f 11372/4/6 11369/4/6 11373/4/6
f 11374/7/6 11375/7/6 11378/7/6
f 11378/7/6 11375/7/6 11379/7/6
f 11376/7/6 11377/7/6 11384/7/6
f 11384/7/6 11377/7/6 11385/7/6
f 11380/1/6 11381/1/6 11386/1/6
f 11386/1/6 11381/1/6 11387/1/6
f 11382/1/6 11383/1/6 11388/1/6
f 11388/1/6 11383/1/6 11389/1/6
f 11390/4/6 11391/4/6 11394/4/6
f 11394/4/6 11391/4/6 11395/4/6
f 11392/4/6 11393/4/6 11396/4/6
f 11396/4/6 11393/4/6 11397/4/6
f 11398/4/6 11399/4/6 11402/4/6
f 11402/4/6 11399/4/6 11403/4/6
f 11400/4/6 11401/4/6 11404/4/6
f 11404/4/6 11401/4/6 11405/4/6
f 11406/1/6 11407/1/6 11412/1/6
f 11412/1/6 11407/1/6 11413/1/6
f 11408/1/6 11409/1/6 11414/1/6
f 11414/1/6 11409/1/6 11415/1/6
f 11410/7/6 11411/7/6 11418/7/6
f 11418/7/6 11411/7/6 11419/7/6
f 11416/7/6 11417/7/6 11420/7/6
f 11420/7/6 11417/7/6 11421/7/6
f 11422/4/6 11423/4/6 11426/4/6
f 11426/4/6 11423/4/6 11427/4/6
f 11424/4/6 11425/4/6 11428/4/6
f 11428/4/6 11425/4/6 11429/4/6
f 11430/3/6 11431/3/6 11434/3/6
f 11434/3/6 11431/3/6 11435/3/6
f 11432/3/6 11433/3/6 11436/3/6
f 11436/3/6 11433/3/6 11437/3/6
f 11438/3/6 11439/3/6 11442/3/6
f 11442/3/6 11439/3/6 11443/3/6
f 11440/3/6 11441/3/6 11444/3/6
f 11444/3/6 11441/3/6 11445/3/6
f 11446/3/6 11447/3/6 11452/3/6
f 11447/5/6 11448/5/6 11453/5/6
f 11452/3/6 11447/3/6 11453/3/6
f 11448/3/6 11449/3/6 11454/3/6
f 11453/5/6 11448/5/6 11454/5/6
f 11454/3/6 11449/3/6 11455/3/6
f 11450/3/6 11451/3/6 11460/3/6
f 11460/3/6 11451/3/6 11461/3/6
f 11456/3/6 11457/3/6 11462/3/6
f 11462/3/6 11457/3/6 11463/3/6
f 11458/3/6 11459/3/6 11467/3/6
f 11467/3/6 11459/3/6 11468/3/6
f 11464/3/6 11465/3/6 11469/3/6
f 11469/3/6 11465/3/6 11470/3/6
f 11466/3/6 11467/3/6 11472/3/6
f 11472/3/6 11467/3/6 11473/3/6
f 11470/3/6 11471/3/6 11474/3/6
f 11474/3/6 11471/3/6 11475/3/6
f 11476/3/6 11477/3/6 11480/3/6
f 11480/3/6 11477/3/6 11481/3/6
f 11478/3/6 11479/3/6 11482/3/6
f 11482/3/6 11479/3/6 11483/3/6
f 11484/3/6 11485/3/6 11488/3/6
f 11488/3/6 11485/3/6 11489/3/6
f 11486/3/6 11487/3/6 11490/3/6
f 11490/3/6 11487/3/6 11491/3/6
f 11492/3/6 11493/3/6 11496/3/6
f 11496/3/6 11493/3/6 11497/3/6
f 11494/3/6 11495/3/6 11500/3/6
f 11500/3/6 11495/3/6 11501/3/6
f 11497/3/6 11498/3/6 11502/3/6
f 11502/3/6 11498/3/6 11503/3/6
f 11499/3/6 11500/3/6 11508/3/6
f 11508/3/6 11500/3/6 11509/3/6
f 11504/3/6 11505/3/6 11510/3/6
f 11510/3/6 11505/3/6 11511/3/6
f 11506/3/6 11507/3/6 11516/3/6
f 11516/3/6 11507/3/6 11517/3/6
f 11512/3/6 11513/3/6 11518/3/6
f 11513/5/6 11514/5/6 11519/5/6
f 11518/3/6 11513/3/6 11519/3/6
f 11514/3/6 11515/3/6 11520/3/6
f 11519/5/6 11514/5/6 11520/5/6
f 11520/3/6 11515/3/6 11521/3/6
f 11522/3/6 11523/3/6 11526/3/6
f 11526/3/6 11523/3/6 11527/3/6
f 11524/3/6 11525/3/6 11531/3/6
f 11531/3/6 11525/3/6 11532/3/6
f 11528/3/6 11529/3/6 11533/3/6
f 11533/3/6 11529/3/6 11534/3/6
f 11530/3/6 11531/3/6 11536/3/6
f 11536/3/6 11531/3/6 11537/3/6
f 11534/3/6 11535/3/6 11538/3/6
f 11538/3/6 11535/3/6 11539/3/6
f 11540/3/6 11541/3/6 11544/3/6
f 11544/3/6 11541/3/6 11545/3/6
f 11542/3/6 11543/3/6 11548/3/6
f 11548/3/6 11543/3/6 11549/3/6
f 11545/3/6 11546/3/6 11550/3/6
f 11550/3/6 11546/3/6 11551/3/6
f 11547/3/6 11548/3/6 11554/3/6
f 11554/3/6 11548/3/6 11555/3/6
f 11552/3/6 11553/3/6 11556/3/6
f 11556/3/6 11553/3/6 11557/3/6
f 11558/3/6 11559/3/6 11562/3/6
f 11562/3/6 11559/3/6 11563/3/6
f 11560/3/6 11561/3/6 11564/3/6
f 11564/3/6 11561/3/6 11565/3/6
f 11566/3/6 11567/3/6 11571/3/6
f 11571/3/6 11567/3/6 11572/3/6
f 11568/3/6 11569/3/6 11573/3/6
f 11573/3/6 11569/3/6 11574/3/6
f 11570/3/6 11571/3/6 11577/3/6
f 11574/3/6 11575/3/6 11578/3/6
f 11576/3/6 11577/3/6 11581/3/6
f 11577/3/6 11571/3/6 11582/3/6
f 11581/3/6 11577/3/6 11582/3/6
f 11578/3/6 11579/3/6 11583/3/6
f 11574/3/6 11578/3/6 11583/3/6
f 11583/3/6 11579/3/6 11584/3/6
f 11580/3/6 11581/3/6 11587/3/6
f 11587/3/6 11581/3/6 11588/3/6
f 11584/3/6 11585/3/6 11589/3/6
f 11589/3/6 11585/3/6 11590/3/6
f 11586/3/6 11587/3/6 11592/3/6
f 11592/3/6 11587/3/6 11593/3/6
f 11590/3/6 11591/3/6 11596/3/6
f 11596/3/6 11591/3/6 11597/3/6
f 11593/3/6 11594/3/6 11598/3/6
f 11598/3/6 11594/3/6 11599/3/6
f 11595/3/6 11596/3/6 11602/3/6
f 11602/3/6 11596/3/6 11603/3/6
f 11599/3/6 11600/3/6 11604/3/6
f 11604/3/6 11600/3/6 11605/3/6
f 11601/3/6 11602/3/6 11606/3/6
f 11606/3/6 11602/3/6 11607/3/6
f 11605/3/6 11600/3/6 11608/3/6
f 11608/3/6 11600/3/6 11609/3/6
f 11601/3/6 11606/3/6 11612/3/6
f 11612/3/6 11606/3/6 11613/3/6
f 11609/3/6 11610/3/6 11614/3/6
f 11614/3/6 11610/3/6 11615/3/6
f 11611/3/6 11612/3/6 11616/3/6
f 11616/3/6 11612/3/6 11617/3/6
f 11618/3/6 11619/3/6 11622/3/6
f 11622/3/6 11619/3/6 11623/3/6
f 11620/3/6 11621/3/6 11624/3/6
f 11624/3/6 11621/3/6 11625/3/6
f 11626/3/6 11627/3/6 11629/3/6
f 11629/3/6 11627/3/6 11630/3/6
f 11628/3/6 11629/3/6 11633/3/6
f 11633/3/6 11629/3/6 11634/3/6
f 11630/3/6 11631/3/6 11635/3/6
f 11635/3/6 11631/3/6 11636/3/6
f 11632/3/6 11633/3/6 11638/3/6
f 11638/3/6 11633/3/6 11639/3/6
f 11636/3/6 11637/3/6 11640/3/6
f 11640/3/6 11637/3/6 11641/3/6
f 11632/3/6 11638/3/6 11643/3/6
f 11643/3/6 11638/3/6 11644/3/6
f 11641/3/6 11637/3/6 11645/3/6
f 11645/3/6 11637/3/6 11646/3/6
f 11642/3/6 11643/3/6 11648/3/6
f 11648/3/6 11643/3/6 11649/3/6
f 11646/3/6 11647/3/6 11650/3/6
f 11650/3/6 11647/3/6 11651/3/6
f 11642/3/6 11648/3/6 11652/3/6
f 11652/3/6 11648/3/6 11653/3/6
f 11651/3/6 11647/3/6 11654/3/6
f 11654/3/6 11647/3/6 11655/3/6
f 11642/3/6 11652/3/6 11657/3/6
f 11655/3/6 11647/3/6 11658/3/6
f 11656/3/6 11657/3/6 11660/3/6
f 11657/3/6 11652/3/6 11661/3/6
f 11660/3/6 11657/3/6 11661/3/6
f 11658/3/6 11659/3/6 11662/3/6
f 11655/3/6 11658/3/6 11662/3/6
f 11662/3/6 11659/3/6 11663/3/6
f 11661/3/6 11652/3/6 11664/3/6
f 11655/3/6 11662/3/6 11667/3/6
f 11664/3/6 11665/3/6 11668/3/6
f 11666/3/6 11667/3/6 11671/3/6
f 11668/3/6 11669/3/6 11672/3/6
f 11661/3/6 11664/3/6 11672/3/6
f 11664/3/6 11668/3/6 11672/3/6
f 11672/3/6 11669/3/6 11673/3/6
f 11670/3/6 11671/3/6 11676/3/6
f 11671/3/6 11667/3/6 11677/3/6
f 11667/3/6 11662/3/6 11677/3/6
f 11676/3/6 11671/3/6 11677/3/6
f 11673/3/6 11674/3/6 11678/3/6
f 11675/3/6 11676/3/6 11681/3/6
f 11678/3/6 11679/3/6 11682/3/6
f 11673/3/6 11678/3/6 11682/3/6
f 11682/3/6 11679/3/6 11683/3/6
f 11680/3/6 11681/3/6 11686/3/6
f 11681/3/6 11676/3/6 11687/3/6
f 11686/3/6 11681/3/6 11687/3/6
f 11683/3/6 11684/3/6 11688/3/6
f 11688/3/6 11684/3/6 11689/3/6
f 11685/3/6 11686/3/6 11690/3/6
f 11690/3/6 11686/3/6 11691/3/6
f 11689/3/6 11690/3/6 11692/3/6
f 11692/3/6 11690/3/6 11693/3/6
f 11694/3/6 11695/3/6 11698/3/6
f 11698/3/6 11695/3/6 11699/3/6
f 11696/3/6 11697/3/6 11700/3/6
f 11700/3/6 11697/3/6 11701/3/6
f 11702/3/6 11703/3/6 11708/3/6
f 11708/3/6 11703/3/6 11709/3/6
f 11704/3/6 11705/3/6 11710/3/6
f 11710/3/6 11705/3/6 11711/3/6
f 11706/3/6 11707/3/6 11715/3/6
f 11715/3/6 11707/3/6 11716/3/6
f 11712/3/6 11713/3/6 11717/3/6
f 11717/3/6 11713/3/6 11718/3/6
f 11714/3/6 11715/3/6 11721/3/6
f 11721/3/6 11715/3/6 11722/3/6
f 11718/3/6 11719/3/6 11723/3/6
f 11723/3/6 11719/3/6 11724/3/6
f 11720/3/6 11721/3/6 11727/3/6
f 11727/3/6 11721/3/6 11728/3/6
f 11724/3/6 11725/3/6 11729/3/6
f 11729/3/6 11725/3/6 11730/3/6
f 11726/3/6 11727/3/6 11732/3/6
f 11732/3/6 11727/3/6 11733/3/6
f 11730/3/6 11731/3/6 11734/3/6
f 11734/3/6 11731/3/6 11735/3/6
f 11736/3/6 11737/3/6 11740/3/6
f 11740/3/6 11737/3/6 11741/3/6
f 11738/3/6 11739/3/6 11744/3/6
f 11744/3/6 11739/3/6 11745/3/6
f 11741/3/6 11742/3/6 11746/3/6
f 11746/3/6 11742/3/6 11747/3/6
f 11743/3/6 11744/3/6 11750/3/6
f 11750/3/6 11744/3/6 11751/3/6
f 11747/3/6 11748/3/6 11752/3/6
f 11752/3/6 11748/3/6 11753/3/6
f 11749/3/6 11750/3/6 11756/3/6
f 11756/3/6 11750/3/6 11757/3/6
f 11753/3/6 11754/3/6 11758/3/6
f 11758/3/6 11754/3/6 11759/3/6
f 11755/3/6 11756/3/6 11764/3/6
f 11764/3/6 11756/3/6 11765/3/6
f 11760/3/6 11761/3/6 11766/3/6
f 11766/3/6 11761/3/6 11767/3/6
f 11762/3/6 11763/3/6 11768/3/6
f 11768/3/6 11763/3/6 11769/3/6
f 11770/3/6 11771/3/6 11774/3/6
f 11774/3/6 11771/3/6 11775/3/6
f 11772/3/6 11773/3/6 11776/3/6
f 11776/3/6 11773/3/6 11777/3/6
f 11778/3/6 11779/3/6 11781/3/6
f 11781/3/6 11779/3/6 11782/3/6
f 11780/3/6 11781/3/6 11785/3/6
f 11785/3/6 11781/3/6 11786/3/6
f 11782/3/6 11783/3/6 11787/3/6
f 11787/3/6 11783/3/6 11788/3/6
f 11784/3/6 11785/3/6 11792/3/6
f 11792/3/6 11785/3/6 11793/3/6
f 11788/3/6 11789/3/6 11794/3/6
f 11794/3/6 11789/3/6 11795/3/6
f 11790/3/6 11791/3/6 11798/3/6
f 11798/3/6 11791/3/6 11799/3/6
f 11796/3/6 11797/3/6 11800/3/6
f 11800/3/6 11797/3/6 11801/3/6
f 11802/3/6 11803/3/6 11806/3/6
f 11806/3/6 11803/3/6 11807/3/6
f 11804/3/6 11805/3/6 11808/3/6
f 11808/3/6 11805/3/6 11809/3/6
f 11810/3/6 11811/3/6 11814/3/6
f 11814/3/6 11811/3/6 11815/3/6
f 11812/3/6 11813/3/6 11820/3/6
f 11820/3/6 11813/3/6 11821/3/6
f 11816/3/6 11817/3/6 11822/3/6
f 11822/3/6 11817/3/6 11823/3/6
f 11818/3/6 11819/3/6 11826/3/6
f 11826/3/6 11819/3/6 11827/3/6
f 11823/3/6 11824/3/6 11828/3/6
f 11828/3/6 11824/3/6 11829/3/6
f 11825/3/6 11826/3/6 11830/3/6
f 11830/3/6 11826/3/6 11831/3/6
f 11829/3/6 11830/3/6 11832/3/6
f 11832/3/6 11830/3/6 11833/3/6
f 11834/3/6 11835/3/6 11838/3/6
f 11838/3/6 11835/3/6 11839/3/6
f 11836/3/6 11837/3/6 11840/3/6
f 11840/3/6 11837/3/6 11841/3/6
f 11842/3/6 11843/3/6 11848/3/6
f 11848/3/6 11843/3/6 11849/3/6
f 11844/3/6 11845/3/6 11850/3/6
f 11850/3/6 11845/3/6 11851/3/6
f 11846/3/6 11847/3/6 11855/3/6
f 11855/3/6 11847/3/6 11856/3/6
f 11852/3/6 11853/3/6 11857/3/6
f 11857/3/6 11853/3/6 11858/3/6
f 11854/3/6 11855/3/6 11861/3/6
f 11858/3/6 11859/3/6 11862/3/6
f 11860/3/6 11861/3/6 11864/3/6
f 11861/3/6 11855/3/6 11864/3/6
f 11864/3/6 11855/3/6 11865/3/6
f 11862/3/6 11863/3/6 11866/3/6
f 11858/3/6 11862/3/6 11866/3/6
f 11866/3/6 11863/3/6 11867/3/6
f 11860/3/6 11864/3/6 11868/3/6
f 11868/3/6 11864/3/6 11869/3/6
f 11867/3/6 11863/3/6 11870/3/6
f 11870/3/6 11863/3/6 11871/3/6
f 11872/3/6 11873/3/6 11876/3/6
f 11874/3/6 11875/3/6 11879/3/6
f 11876/3/6 11877/3/6 11880/3/6
f 11872/3/6 11876/3/6 11880/3/6
f 11880/3/6 11877/3/6 11881/3/6
f 11878/3/6 11879/3/6 11882/3/6
f 11879/3/6 11875/3/6 11882/3/6
f 11882/3/6 11875/3/6 11883/3/6
f 11881/3/6 11877/3/6 11884/3/6
f 11884/3/6 11877/3/6 11885/3/6
f 11878/3/6 11882/3/6 11888/3/6
f 11888/3/6 11882/3/6 11889/3/6
f 11885/3/6 11886/3/6 11890/3/6
f 11890/3/6 11886/3/6 11891/3/6
f 11887/3/6 11888/3/6 11896/3/6
f 11896/3/6 11888/3/6 11897/3/6
f 11892/3/6 11893/3/6 11898/3/6
f 11898/3/6 11893/3/6 11899/3/6
f 11894/3/6 11895/3/6 11900/3/6
f 11900/3/6 11895/3/6 11901/3/6
f 11902/3/6 11903/3/6 11906/3/6
f 11906/3/6 11903/3/6 11907/3/6
f 11904/3/6 11905/3/6 11908/3/6
f 11908/3/6 11905/3/6 11909/3/6
f 11910/3/6 11911/3/6 11913/3/6
f 11913/3/6 11911/3/6 11914/3/6
f 11912/3/6 11913/3/6 11917/3/6
f 11914/3/6 11915/3/6 11917/3/6
f 11913/3/6 11914/3/6 11917/3/6
f 11917/3/6 11915/3/6 11918/3/6
f 11916/3/6 11917/3/6 11921/3/6
f 11918/3/6 11919/3/6 11921/3/6
f 11917/3/6 11918/3/6 11921/3/6
f 11921/3/6 11919/3/6 11922/3/6
f 11920/3/6 11921/3/6 11925/3/6
f 11922/3/6 11923/3/6 11925/3/6
f 11921/3/6 11922/3/6 11925/3/6
f 11925/3/6 11923/3/6 11926/3/6
f 11924/3/6 11925/3/6 11929/3/6
f 11926/3/6 11927/3/6 11929/3/6
f 11925/3/6 11926/3/6 11929/3/6
f 11929/3/6 11927/3/6 11930/3/6
f 11928/3/6 11929/3/6 11933/3/6
f 11930/3/6 11931/3/6 11933/3/6
f 11929/3/6 11930/3/6 11933/3/6
f 11933/3/6 11931/3/6 11934/3/6
f 11932/3/6 11933/3/6 11936/3/6
f 11934/3/6 11935/3/6 11936/3/6
f 11933/3/6 11934/3/6 11936/3/6
f 11936/3/6 11935/3/6 11937/3/6
f 11937/3/6 11935/3/6 11938/3/6
f 11938/3/6 11935/3/6 11939/3/6
f 11937/3/6 11938/3/6 11940/3/6
f 11940/3/6 11938/3/6 11941/3/6
f 11941/3/6 11938/3/6 11942/3/6
f 11942/3/6 11938/3/6 11943/3/6
f 11941/3/6 11942/3/6 11944/3/6
f 11944/3/6 11942/3/6 11945/3/6
f 11945/3/6 11942/3/6 11946/3/6
f 11946/3/6 11942/3/6 11947/3/6
f 11945/3/6 11946/3/6 11948/3/6
f 11948/3/6 11946/3/6 11949/3/6
f 11949/3/6 11946/3/6 11950/3/6
f 11950/3/6 11946/3/6 11951/3/6
f 11949/3/6 11950/3/6 11952/3/6
f 11952/3/6 11950/3/6 11953/3/6
f 11953/3/6 11950/3/6 11954/3/6
f 11954/3/6 11950/3/6 11955/3/6
f 11953/3/6 11954/3/6 11956/3/6
f 11956/3/6 11954/3/6 11957/3/6
f 11957/3/6 11954/3/6 11958/3/6
f 11958/3/6 11954/3/6 11959/3/6
f 11957/3/6 11958/3/6 11960/3/6
f 11960/3/6 11958/3/6 11961/3/6
